三门峡,2013-12-31,88,84~90,良,26.6,101.2,41.1,1.856,55,60,27
三门峡,2014-01-01,85,83~89,良,61,128,138,2.539,65.5,39,28
三门峡,2014-01-02,96,87~134,良,80.1,125.5,118,2.357,70.4,174,46
三门峡,2014-01-03,86,55~111,良,50.9,106.2,68.9,1.667,55.2,68,47
三门峡,2014-01-04,102,76~154,轻度污染,72.9,133.8,127.9,2.141,61.5,36,71
三门峡,2014-01-05,111,73~134,轻度污染,76.6,145.8,123.9,1.871,61.1,46,56
三门峡,2014-01-06,192,128~251,中度污染,146.9,176.1,164.3,2.181,78.3,34,111
三门峡,2014-01-07,190,66~253,中度污染,144.8,171.5,94.8,1.87,66.3,23,128
三门峡,2014-01-08,58,51~79,良,18.7,64.1,89.9,1.143,31.6,77,73
三门峡,2014-01-09,81,59~123,良,53,96.4,101.6,1.317,49,48,104
三门峡,2014-01-10,149,124~194,轻度污染,113.2,152.7,159.4,2.048,75,24,135
三门峡,2014-01-11,196,124~251,中度污染,149.6,199.6,135,2.891,75.4,24,144
三门峡,2014-01-12,106,50~187,轻度污染,67.5,119,68.3,1.906,57.7,70,94
三门峡,2014-01-13,96,63~152,良,67.7,112.2,126.9,1.89,58.2,53,97
三门峡,2014-01-14,211,143~344,重度污染,166.6,197.3,162.1,2.54,79.7,51,152
三门峡,2014-01-15,305,280~333,严重污染,254,261.5,133.7,2.655,78.9,34,165
三门峡,2014-01-16,301,165~389,严重污染,251.2,310.2,124.4,3.1,85.4,37,164
三门峡,2014-01-17,132,56~228,轻度污染,88,149,77.1,2.281,53.7,75,66
三门峡,2014-01-18,102,70~186,轻度污染,66.4,127,91.1,1.852,46.3,75,49
三门峡,2014-01-19,105,76~168,轻度污染,56.6,143.7,92.1,2.052,57.5,69,44
三门峡,2014-01-20,60,32~89,良,22.6,71.4,66,1.533,29.6,76,29
三门峡,2014-01-21,84,43~126,良,57.6,99.6,109.7,1.947,41.2,68,77
三门峡,2014-01-22,89,60~138,良,62.9,110.7,120.1,1.97,49.3,67,70
三门峡,2014-01-23,173,133~241,中度污染,132.3,185.6,159.2,2.583,77.5,47,149
三门峡,2014-01-24,281,233~324,重度污染,230.3,310.8,194.4,4.071,94.7,22,175
三门峡,2014-01-25,205,84~261,重度污染,158.1,259.6,161.3,3.572,79.4,50,150
三门峡,2014-01-26,121,76~199,轻度污染,85,151.6,115.3,2.376,54.3,53,124
三门峡,2014-01-27,220,182~277,重度污染,170.7,208.4,121.1,3.114,68.2,69,162
三门峡,2014-01-28,197,85~330,中度污染,157.5,226.5,126.1,3.395,62.3,74,142
三门峡,2014-01-29,199,143~239,中度污染,151.4,200.7,126.5,3.237,66.1,104,158
三门峡,2014-01-30,246,135~351,重度污染,197.7,250.6,153.3,3.791,66.3,132,148
三门峡,2014-01-31,358,252~442,严重污染,314.1,365.6,137.6,4.413,73.9,51,161
三门峡,2014-02-01,280,183~377,重度污染,229.7,263.5,110.4,4.141,65.4,83,165
三门峡,2014-02-02,369,287~454,严重污染,322.7,378.4,126,4.441,72.4,140,181
三门峡,2014-02-03,173,81~410,中度污染,119.4,215.6,93.4,3.225,47,79,165
三门峡,2014-02-04,85,63~112,良,51.8,111.2,68.4,2.3,40.1,48,143
三门峡,2014-02-05,79,41~105,良,58.2,73.7,68.4,2.514,33.7,52,148
三门峡,2014-02-06,90,62~117,良,66.9,81.7,130.8,2.761,48.7,47,149
三门峡,2014-02-07,172,162~182,中度污染,130,146.3,186,3.4,54,20,178
三门峡,2014-02-08,214,182~235,重度污染,163.3,189.3,152.2,3.288,52.7,47,184
三门峡,2014-02-09,138,66~252,轻度污染,104.7,115,97.8,3.042,39.7,63,175
三门峡,2014-02-10,100,66~155,轻度污染,74.8,99.3,175.7,2.533,53.8,59,156
三门峡,2014-02-11,185,121~251,中度污染,141,163.7,137.5,1.965,55,66,181
三门峡,2014-02-12,210,165~261,重度污染,160.9,192,216.8,2.025,68.9,55,172
三门峡,2014-02-13,181,105~244,中度污染,138.5,163.2,162.9,1.957,46.3,103,160
三门峡,2014-02-14,220,149~317,重度污染,171.6,202.3,130.1,2.254,56.1,89,164
三门峡,2014-02-15,240,213~268,重度污染,189.8,223.7,148.5,2.321,61.5,62,162
三门峡,2014-02-16,264,161~382,重度污染,214.8,231.8,87.8,2.433,48.3,58,171
三门峡,2014-02-17,212,178~241,重度污染,162.7,161.5,86.1,2.317,38.7,80,176
三门峡,2014-02-18,109,63~186,轻度污染,81.5,86,60.5,1.363,34.1,69,146
三门峡,2014-02-19,147,72~218,轻度污染,108.7,144.3,60.8,1.848,42.3,96,144
三门峡,2014-02-20,188,79~214,中度污染,141.5,181.2,99.1,1.624,45.8,48,155
三门峡,2014-02-21,198,143~251,中度污染,152,200.4,119.5,1.636,63.2,69,152
三门峡,2014-02-22,185,152~229,中度污染,139.6,181.8,109.7,1.57,53.4,69,143
三门峡,2014-02-23,230,207~281,重度污染,179.4,204.3,131.2,1.57,58.6,65,159
三门峡,2014-02-24,244,200~272,重度污染,194,233.2,86.5,1.742,57.5,31,161
三门峡,2014-02-25,240,148~311,重度污染,193,234.8,90.7,1.983,54.5,91,156
三门峡,2014-02-26,219,117~251,重度污染,168.9,219,87.8,1.875,51.6,62,161
三门峡,2014-02-27,97,67~143,良,66.2,137,64.7,1.467,42.1,55,113
三门峡,2014-02-28,69,55~108,良,44.9,69.5,56.5,1.123,39.3,57,105
三门峡,2014-03-01,105,93~118,轻度污染,78.6,103.1,45.9,1.46,40.6,56,151
三门峡,2014-03-02,109,72~172,轻度污染,81.7,120.9,50.1,1.496,35.4,105,119
三门峡,2014-03-03,190,168~209,中度污染,143.1,188,114.5,1.742,58.3,72,170
三门峡,2014-03-04,156,61~485,中度污染,103.3,169.9,68.6,1.591,47.3,115,134
三门峡,2014-03-05,140,106~178,轻度污染,106.2,139.9,87.4,1.832,51.3,57,169
三门峡,2014-03-06,118,77~143,轻度污染,88.7,104.6,87.6,1.729,50.3,50,158
三门峡,2014-03-07,94,60~134,良,70,88.4,54.6,1.604,39.8,103,134
三门峡,2014-03-08,98,71~128,良,73.1,97.3,60.9,1.904,42.9,111,125
三门峡,2014-03-09,85,47~126,良,49.3,83,29.5,1.761,30.9,154,99
三门峡,2014-03-10,73,64~84,良,48.1,89.9,88.9,1.933,47.4,147,62
三门峡,2014-03-11,90,67~231,良,66.4,94.2,94.5,2.186,57.4,164,72
三门峡,2014-03-12,79,48~119,良,44.2,99.5,58.1,1.862,42.3,65,91
三门峡,2014-03-13,72,47~108,良,38.8,85.3,50.1,1.252,27.1,116,91
三门峡,2014-03-14,75,50~93,良,35.8,98.7,87.7,1.152,46.8,116,61
三门峡,2014-03-15,71,57~112,良,34.6,90.9,63.8,1.109,50.9,124,29
三门峡,2014-03-16,69,46~83,良,33.2,83.1,47.8,0.942,35.6,137,24
三门峡,2014-03-17,184,77~455,中度污染,60.6,250.8,83.3,1.048,44.4,112,98
三门峡,2014-03-18,236,70~500,重度污染,80.8,323.8,70,1.573,38.1,69,132
三门峡,2014-03-19,143,100~239,轻度污染,100.1,215.8,88,2.022,47.6,99,154
三门峡,2014-03-20,86,52~131,良,32.9,119.6,51.3,1.342,27.1,110,113
三门峡,2014-03-21,80,38~126,良,46,109.3,63,1.217,39.9,122,102
三门峡,2014-03-22,96,54~152,良,61.1,121.9,61,1.371,35.5,146,108
三门峡,2014-03-23,98,61~130,良,66.7,130.6,79.1,1.435,43.2,109,100
三门峡,2014-03-24,79,68~96,良,56.4,97.4,61.8,1.305,32.3,162,70
三门峡,2014-03-25,124,90~159,轻度污染,89.8,170.4,80.4,1.626,56.5,187,117
三门峡,2014-03-26,157,71~240,中度污染,114.2,187,87.9,1.423,47.2,186,128
三门峡,2014-03-27,200,80~500,重度污染,116.7,241.5,65.1,1.123,42.8,166,156
三门峡,2014-03-28,178,43~447,中度污染,68.4,238.8,19.5,0.93,31.9,90,127
三门峡,2014-03-29,263,79~409,重度污染,102.3,354.3,63.6,1.163,47.8,125,167
三门峡,2014-03-30,183,99~313,中度污染,140.8,231.6,38.2,1.526,39.1,106,165
三门峡,2014-03-31,125,111~141,轻度污染,94.3,123.7,30.9,1.468,28.7,76,153
三门峡,2014-04-01,99,56~144,良,71,114.1,63.9,1.576,45.4,134,113
三门峡,2014-04-02,86,57~115,良,57,110.2,57.9,1.338,45.7,137,103
三门峡,2014-04-03,89,63~114,良,65.8,89.3,34.3,1.559,41.6,98,128
三门峡,2014-04-04,94,55~159,良,66.6,107.8,51.6,1.592,41.3,138,111
三门峡,2014-04-05,121,92~190,轻度污染,59,170.7,85.3,1.575,48.2,102,157
三门峡,2014-04-06,89,78~108,良,46.1,126.5,66.7,1.532,44,105,124
三门峡,2014-04-07,84,66~103,良,53.6,115.5,72.6,1.761,47.4,144,101
三门峡,2014-04-08,90,62~161,良,53,114.7,52.8,1.654,38.6,179,78
三门峡,2014-04-09,135,68~214,轻度污染,88.6,152,68.4,1.746,44.1,167,123
三门峡,2014-04-10,143,89~223,轻度污染,106.8,158.7,53.5,1.896,49.7,81,147
三门峡,2014-04-11,99,53~145,良,72.2,119.9,50.5,2.359,55.5,62,114
三门峡,2014-04-12,92,51~140,良,67.4,84.2,41.5,2.412,48.7,130,110
三门峡,2014-04-13,115,64~173,轻度污染,86,116.3,46.9,2.073,38.5,148,140
三门峡,2014-04-14,108,58~183,轻度污染,77.7,110.5,48.5,1.696,37.2,121,111
三门峡,2014-04-15,74,35~183,良,50.3,65.8,18.4,1.465,25.2,100,61
三门峡,2014-04-16,112,76~152,轻度污染,84.6,91.8,33.9,1.757,24,98,156
三门峡,2014-04-17,100,54~166,良,68.7,88,28.8,1.679,24.6,166,112
三门峡,2014-04-18,167,42~435,中度污染,133.4,106.6,37.6,2.045,25.4,95,132
三门峡,2014-04-19,184,34~500,中度污染,287.4,41.3,16.3,1.696,13.5,127,92
三门峡,2014-04-20,73,50~100,良,53.1,73.7,49.6,1.471,24.9,76,103
三门峡,2014-04-21,82,55~118,良,59,69.6,37.7,1.574,25.9,89,114
三门峡,2014-04-22,66,45~84,良,32.5,65.8,31.5,0.942,23.3,159,74
三门峡,2014-04-23,103,79~132,轻度污染,76.7,110.1,79.6,1.148,38.6,119,132
三门峡,2014-04-24,110,72~158,轻度污染,82.1,115.9,49.8,1.313,28.2,158,140
三门峡,2014-04-25,56,21~100,良,32.8,56.1,18.3,0.835,19.8,95,59
三门峡,2014-04-26,110,27~214,轻度污染,35.6,172.5,16.4,0.786,22.9,103,119
三门峡,2014-04-27,173,154~214,中度污染,69.3,293.9,33.3,0.909,35.9,116,182
三门峡,2014-04-28,131,99~151,轻度污染,68.3,209.8,41.1,1.229,31.1,126,176
三门峡,2014-04-29,106,66~132,轻度污染,65.6,140.2,37.8,1.287,27.1,174,131
三门峡,2014-04-30,91,78~101,良,46.4,122.4,17.8,1.147,20.8,151,91
三门峡,2014-05-01,150,77~500,中度污染,49.6,210.6,22,1.075,18.9,72,100
三门峡,2014-05-02,70,36~94,良,27.4,88.5,14.8,0.93,14.6,104,68
三门峡,2014-05-03,76,60~116,良,33.8,100.7,28,1.129,27.7,97,92
三门峡,2014-05-04,92,56~147,良,42,131.8,38.7,1.313,27.8,121,132
三门峡,2014-05-05,81,53~100,良,36,109.4,37,0.938,18.3,135,133
三门峡,2014-05-06,81,58~112,良,44,109.6,30,1.096,28.9,123,107
三门峡,2014-05-07,81,60~121,良,39.7,110.8,24.2,1,26.1,144,98
三门峡,2014-05-08,123,93~158,轻度污染,77,180.9,53.3,1.263,24.8,223,151
三门峡,2014-05-09,152,96~199,中度污染,110,177.2,22.7,1.252,15.7,168,175
三门峡,2014-05-10,50,20~140,优,32.3,60.1,6.8,0.817,19.2,25,59
三门峡,2014-05-11,66,20~116,良,28,84.7,13.3,0.804,20.1,105,126
三门峡,2014-05-12,82,59~112,良,43.7,111.7,27,1.117,23.8,126,119
三门峡,2014-05-13,96,76~139,良,66.9,119.6,29.1,1.13,30.3,50,122
三门峡,2014-05-14,96,62~140,良,46.6,136.4,20.5,1.088,24.8,68,129
三门峡,2014-05-15,91,61~126,良,44.2,129.5,41.9,1.109,36,140,125
三门峡,2014-05-16,92,70~117,良,55.9,130,53.5,1.168,43,103,105
三门峡,2014-05-17,95,76~122,良,58.2,126.9,50.6,1.179,25.5,186,113
三门峡,2014-05-18,91,61~123,良,58.5,108.5,46.1,1.096,16.8,164,122
三门峡,2014-05-19,102,66~137,轻度污染,65.3,140.5,25.9,1.132,19.1,109,125
三门峡,2014-05-20,123,93~147,轻度污染,77.4,193.8,41.6,0.954,34.2,147,136
三门峡,2014-05-21,108,80~164,轻度污染,70.6,154,32,0.964,20.4,177,113
三门峡,2014-05-22,155,67~278,中度污染,112.3,155.9,35.1,1.277,19.1,154,137
三门峡,2014-05-23,87,60~107,良,45.9,75.6,25.2,1.29,17.5,190,124
三门峡,2014-05-24,52,38~70,良,25.4,42.1,10.6,1.275,15.3,128,72
三门峡,2014-05-25,145,72~185,轻度污染,73.3,238.7,18,0.854,20.3,77,152
三门峡,2014-05-26,125,66~173,轻度污染,66.8,198.8,32.8,0.918,28.5,138,122
三门峡,2014-05-27,83,69~104,良,40.3,113.8,40.6,1.011,38.7,144,65
三门峡,2014-05-28,83,70~94,良,41.7,108.2,38.9,1.08,33.2,169,86
三门峡,2014-05-29,78,68~92,良,41.1,104.3,45.9,1.309,34.9,160,64
三门峡,2014-05-30,82,72~97,良,45.2,110.8,39.9,1.529,41.1,151,68
三门峡,2014-05-31,79,43~128,良,51.5,87.4,35.9,1.413,28.1,118,78
三门峡,2014-06-01,81,50~106,良,43.5,66.1,18.5,1.446,12.5,173,117
三门峡,2014-06-02,104,68~158,轻度污染,49.3,96.2,58,1.643,17.3,276,159
三门峡,2014-06-03,86,49~128,良,33.8,73.4,43.5,1.329,13.5,191,135
三门峡,2014-06-04,90,80~109,良,60.7,109.3,48.1,1.514,27.7,139,135
三门峡,2014-06-05,108,83~142,轻度污染,65.2,111.3,36.7,1.521,16.8,244,146
三门峡,2014-06-06,91,56~147,良,53.8,102.4,41.2,1.418,26.7,132,108
三门峡,2014-06-07,77,47~109,良,33.9,82,56.4,1.248,37,180,114
三门峡,2014-06-08,96,62~141,良,49.2,92.9,56.5,1.332,29.7,210,123
三门峡,2014-06-09,97,71~133,良,49.3,105.2,65.2,1.348,39.7,218,147
三门峡,2014-06-10,100,77~135,轻度污染,59.4,112.6,56.4,1.396,34.6,218,150
三门峡,2014-06-11,209,92~417,重度污染,160.4,210.5,56.9,1.573,29.6,277,181
三门峡,2014-06-12,147,99~211,轻度污染,109.1,175.1,51.9,1.378,24,261,166
三门峡,2014-06-13,115,67~215,轻度污染,84.9,133.5,32,1.27,32.7,121,115
三门峡,2014-06-14,97,83~115,良,72.1,103.6,23.6,1.096,30.7,96,102
三门峡,2014-06-15,100,75~124,轻度污染,74.5,117.9,55.3,1.226,31.6,163,103
三门峡,2014-06-16,149,99~196,轻度污染,107.2,179,39.1,1.396,21.3,205,152
三门峡,2014-06-17,170,82~303,中度污染,107.9,181.6,46,1.473,23.9,180,166
三门峡,2014-06-18,140,90~179,轻度污染,103,191.6,35.7,1.343,22.4,180,173
三门峡,2014-06-19,73,29~131,良,46.8,73.3,22.7,1.138,23,114,91
三门峡,2014-06-20,62,41~82,良,34.3,67.7,26,1.135,20.8,144,117
三门峡,2014-06-21,116,73~209,轻度污染,78.9,109.6,42.1,1.259,21.3,185,176
三门峡,2014-06-22,148,76~260,轻度污染,99.3,135.5,37.8,1.409,19.2,173,169
三门峡,2014-06-23,138,92~198,轻度污染,101.7,159.5,40,1.477,23.3,198,182
三门峡,2014-06-24,110,47~158,轻度污染,78.7,123.1,38,1.287,22.1,153,144
三门峡,2014-06-25,54,33~72,良,35.8,51.9,17.6,0.733,12.6,96,77
三门峡,2014-06-26,82,63~106,良,49.8,92.9,32.4,0.973,24.9,176,135
三门峡,2014-06-27,110,82~137,轻度污染,69.5,134.7,44.2,1.135,23.9,204,174
三门峡,2014-06-28,89,54~137,良,59,97.8,36.6,1.218,17,188,134
三门峡,2014-06-29,56,42~70,良,36.1,57.5,14.5,0.978,14.6,120,68
三门峡,2014-06-30,73,62~96,良,48.4,89.7,29,1.19,16.2,151,92
三门峡,2014-07-01,88,55~122,良,57,102,28,1.118,23.9,136,112
三门峡,2014-07-02,67,47~106,良,30.1,66.8,34,0.978,23.8,157,105
三门峡,2014-07-03,82,46~138,良,44.7,95.3,23.1,1.091,28.5,130,116
三门峡,2014-07-04,78,56~112,良,44,80.2,34.3,1.1,20.8,191,116
三门峡,2014-07-05,100,66~126,轻度污染,69,99.2,20.9,1.168,14.1,173,157
三门峡,2014-07-06,130,77~196,轻度污染,84.8,134.4,40.9,1.339,19.2,197,166
三门峡,2014-07-07,123,104~139,轻度污染,75.4,126.2,49.8,1.4,25.3,211,166
三门峡,2014-07-08,117,90~144,轻度污染,69.7,126.6,49.2,1.226,21.6,235,157
三门峡,2014-07-09,94,35~128,良,58.1,99.2,31.7,1.255,23,187,137
三门峡,2014-07-10,37,20~69,优,21,30.3,8.3,1.029,18.9,63,30
三门峡,2014-07-11,62,44~80,良,27.7,61.9,11.6,0.829,22.9,148,75
三门峡,2014-07-12,64,45~86,良,34.7,66.9,15.9,0.813,22.6,155,99
三门峡,2014-07-13,70,46~93,良,35.7,73.8,23.7,0.733,25.8,150,119
三门峡,2014-07-14,68,40~81,良,33.3,71.5,34.5,0.933,30.6,144,92
三门峡,2014-07-15,78,46~102,良,25.2,67.4,21.8,0.764,19.3,188,128
三门峡,2014-07-16,97,62~137,良,59.9,113.8,28.3,0.932,25.5,186,152
三门峡,2014-07-17,76,49~104,良,46.3,93.8,9.9,0.704,12.7,81,119
三门峡,2014-07-18,86,57~132,良,58.1,95,16.6,0.823,15.8,146,133
三门峡,2014-07-19,65,28~115,良,36.1,72.3,18.7,0.887,20.1,108,92
三门峡,2014-07-20,42,29~64,优,17.3,39.5,14.6,0.786,16.3,79,50
三门峡,2014-07-21,52,30~68,良,20.9,50.5,18.9,0.746,15,116,75
三门峡,2014-07-22,77,45~114,良,47,85.8,15.7,0.767,15.6,197,124
三门峡,2014-07-23,69,48~125,良,43.9,63.4,9.1,0.925,17.4,93,110
三门峡,2014-07-24,66,32~132,良,39.5,73,22.7,0.871,22.1,178,100
三门峡,2014-07-25,93,49~142,良,59.3,97.1,34.4,1.017,26.6,178,145
三门峡,2014-07-26,103,76~132,轻度污染,58.2,99.6,40.4,0.995,26.7,192,127
三门峡,2014-07-27,126,87~165,轻度污染,68.3,116.3,46.8,1.022,25.7,261,148
三门峡,2014-07-28,145,122~184,轻度污染,95,137,47.3,1.07,21.5,264,170
三门峡,2014-07-29,121,89~165,轻度污染,80.7,143.8,33,1,23.3,219,156
三门峡,2014-07-30,102,71~212,轻度污染,75.1,116.6,26.2,0.908,18.8,205,160
三门峡,2014-07-31,118,76~218,轻度污染,86.5,123.3,30.7,1.038,17.1,223,166
三门峡,2014-08-01,150,89~216,轻度污染,105.4,145.7,27.5,0.974,18.4,221,176
三门峡,2014-08-02,139,105~175,轻度污染,101.8,165,25.6,0.896,15.3,197,178
三门峡,2014-08-03,115,88~143,轻度污染,78.4,146.4,30.1,0.817,19.2,217,166
三门峡,2014-08-04,97,70~121,良,61.1,128.8,32.2,0.804,19.2,199,141
三门峡,2014-08-05,105,54~178,轻度污染,73.1,106.6,14.9,0.861,14.7,137,152
三门峡,2014-08-06,56,35~89,良,31.2,60.1,29.6,0.888,23.8,63,90
三门峡,2014-08-07,56,27~86,良,36,55.4,18.2,0.679,22.6,62,89
三门峡,2014-08-08,47,25~69,优,29.1,42.9,5,0.641,12.7,96,61
三门峡,2014-08-09,45,32~66,优,23.9,40.7,5,0.735,14.4,113,62
三门峡,2014-08-10,74,57~110,良,50.2,90.8,27.4,1.161,28.4,149,126
三门峡,2014-08-11,90,70~114,良,62,111.3,21.4,1.173,28.1,160,131
三门峡,2014-08-12,78,40~132,良,56.3,86.8,11.8,0.95,21.8,87,120
三门峡,2014-08-13,56,35~83,良,36.5,60,11.8,0.725,19.8,114,102
三门峡,2014-08-14,70,53~83,良,34.3,76.8,20.9,0.75,24.6,147,143
三门峡,2014-08-15,73,56~89,良,36.4,77.5,16,0.9,23.6,144,114
三门峡,2014-08-16,83,66~119,良,52.7,106.5,18.7,0.843,29.7,77,122
三门峡,2014-08-17,81,66~105,良,59.1,87.5,20,0.852,24.3,80,144
三门峡,2014-08-18,76,58~87,良,49.2,92.7,20.2,1.138,18.8,145,146
三门峡,2014-08-19,81,63~111,良,52.3,102.8,35.2,1.187,24.7,153,140
三门峡,2014-08-20,116,86~153,轻度污染,76.3,129.5,29.5,1.262,25,206,162
三门峡,2014-08-21,112,74~147,轻度污染,73.8,134.8,31.7,1.209,27.7,193,140
三门峡,2014-08-22,110,75~153,轻度污染,80.3,148.9,39.7,1.233,31.5,126,143
三门峡,2014-08-23,81,54~108,良,54.5,97.8,21.8,1.027,28.3,123,118
三门峡,2014-08-24,53,30~85,良,18.1,57.7,17.1,0.661,27.9,86,79
三门峡,2014-08-25,66,38~113,良,27.9,81.3,43.1,0.729,35.3,123,105
三门峡,2014-08-26,102,77~161,轻度污染,70.6,126.5,24,1.023,28,143,145
三门峡,2014-08-27,85,59~125,良,60.3,96.8,20.3,0.878,24.4,101,145
三门峡,2014-08-28,80,55~110,良,52.3,98.3,28.4,0.873,23,105,134
三门峡,2014-08-29,97,72~132,良,63.5,120.7,32.7,0.964,25.2,137,160
三门峡,2014-08-30,50,28~100,优,27.6,41.9,9.7,0.743,18.3,79,58
三门峡,2014-08-31,43,27~57,优,23.5,41.6,8.4,0.79,12.5,75,50
三门峡,2014-09-01,75,47~86,良,52.9,80.9,26.7,1.045,30.6,44,144
三门峡,2014-09-02,66,48~83,良,35.4,73.1,14.4,1.01,26,70,140
三门峡,2014-09-03,58,35~80,良,25.2,64.6,20.9,0.935,24,103,125
三门峡,2014-09-04,63,52~83,良,36.4,71.6,24.8,0.85,18.4,120,85
三门峡,2014-09-05,79,58~93,良,49.5,103.2,26.7,0.877,21.8,110,102
三门峡,2014-09-06,102,63~168,轻度污染,70.7,117.1,38.7,0.97,25.7,113,134
三门峡,2014-09-07,100,57~139,轻度污染,72.9,111.4,19.7,1.017,23.2,74,130
三门峡,2014-09-08,83,60~150,良,60,94.5,17.9,1.23,22.1,39,120
三门峡,2014-09-09,70,39~128,良,47,79.7,25,1.29,17.5,63,105
三门峡,2014-09-10,90,64~122,良,65.8,96.4,15.4,1.239,20.6,49,147
三门峡,2014-09-11,58,22~117,良,36.4,61.3,8,1.155,13.5,66,82
三门峡,2014-09-12,45,21~96,优,26.1,43.5,11.5,0.808,18.8,44,76
三门峡,2014-09-13,76,49~116,良,54,80,24.9,0.904,22.7,41,142
三门峡,2014-09-14,40,25~61,优,23,39.7,15.8,0.996,26.9,37,55
三门峡,2014-09-15,25,14~46,优,14.3,21.5,17.7,1.213,22.3,41,19
三门峡,2014-09-16,26,15~55,优,15.8,22.4,19.9,1.009,32.4,28,28
三门峡,2014-09-17,31,18~49,优,18.1,28.6,15.9,1.239,28.2,30,38
三门峡,2014-09-18,39,24~61,优,20.7,38.9,16.6,0.965,19,65,50
三门峡,2014-09-19,71,46~116,良,44.2,84.2,13.7,0.986,22.1,73,108
三门峡,2014-09-20,79,58~109,良,50,102.3,17.3,1.261,28.5,85,132
三门峡,2014-09-21,103,77~141,轻度污染,74.1,128.2,24.5,1.155,23.4,91,164
三门峡,2014-09-22,93,58~120,良,62.8,110.2,30.8,1.032,24.9,94,149
三门峡,2014-09-23,73,30~100,良,46.4,92.4,26,1.087,24.7,68,125
三门峡,2014-09-24,45,27~72,优,20.7,47.3,15.9,0.921,21.3,74,53
三门峡,2014-09-25,131,66~192,轻度污染,96.5,158.7,19.4,1.445,28.7,69,161
三门峡,2014-09-26,118,66~171,轻度污染,82.4,164.4,30,1.264,29.5,93,133
三门峡,2014-09-27,123,35~222,轻度污染,92,140.3,19.4,1.278,31.1,105,147
三门峡,2014-09-28,30,24~50,优,18.7,25.7,7.5,0.871,19.9,53,15
三门峡,2014-09-29,46,25~78,优,28.3,48.3,16.1,1.013,18.6,66,62
三门峡,2014-09-30,83,41~126,良,53.4,99.8,24.9,1.092,30,29,158
三门峡,2014-10-01,70,56~86,良,44.3,85.9,27.9,1,39.3,20,120
三门峡,2014-10-02,82,55~115,良,30.3,111.8,35.7,1.068,31.4,52,115
三门峡,2014-10-03,116,73~157,轻度污染,79.1,161.7,25.6,1.288,26.9,89,156
三门峡,2014-10-04,104,42~153,轻度污染,65,147.7,24.4,1.45,35.7,57,137
三门峡,2014-10-05,60,45~76,良,21.2,68.7,22.8,0.917,30.3,74,70
三门峡,2014-10-06,90,63~191,良,59.3,107.7,27.3,0.913,26.1,87,126
三门峡,2014-10-07,94,74~150,良,67.9,125,35.6,0.965,31.3,113,109
三门峡,2014-10-08,190,110~303,中度污染,146.5,203.1,65.6,1.383,40.8,112,163
三门峡,2014-10-09,193,68~297,中度污染,151.1,213,47.5,1.355,36.6,117,156
三门峡,2014-10-10,130,77~191,轻度污染,97.3,140.9,37.5,1.068,40,85,140
三门峡,2014-10-11,105,29~149,轻度污染,72.8,114.2,23.3,0.895,35.9,51,109
三门峡,2014-10-12,41,21~63,优,21.2,36.7,13.3,0.654,26.1,25,41
三门峡,2014-10-13,49,37~65,优,21.8,49.8,18,0.633,29.3,49,43
三门峡,2014-10-14,63,37~82,良,32.4,75.1,28.7,0.922,34,75,46
三门峡,2014-10-15,70,54~89,良,35,87.3,23.3,1.068,41.6,86,30
三门峡,2014-10-16,84,74~96,良,33.8,115,27.2,1.124,38,66,85
三门峡,2014-10-17,90,74~117,良,54,126.1,46.6,1.417,45.9,110,91
三门峡,2014-10-18,88,64~132,良,60.5,113,33.1,1.532,35.7,92,76
三门峡,2014-10-19,159,131~257,中度污染,121.7,153.8,33.8,1.825,45.4,60,162
三门峡,2014-10-20,125,74~164,轻度污染,93.8,138.8,17,2.08,39.6,81,137
三门峡,2014-10-21,92,76~172,良,67.6,95.5,37.5,1.655,36.8,72,119
三门峡,2014-10-22,128,62~207,轻度污染,95.3,147.5,28.9,1.9,36.6,93,134
三门峡,2014-10-23,97,52~136,良,68.9,115,21.4,1.595,43.3,73,89
三门峡,2014-10-24,78,65~112,良,49.4,102,37.8,1.568,46.3,65,62
三门峡,2014-10-25,82,63~142,良,53,106,27.1,1.59,49.3,77,72
三门峡,2014-10-26,92,57~127,良,65,118.4,43.6,1.588,41.6,104,94
三门峡,2014-10-27,80,61~132,良,34,105.1,63.4,1.376,41,60,93
三门峡,2014-10-28,67,48~78,良,37.3,79.2,61.5,1.273,48,46,78
三门峡,2014-10-29,84,63~113,良,60.5,99,45.6,1.359,44.3,39,124
三门峡,2014-10-30,104,87~136,轻度污染,77.1,135.7,61,1.567,46.9,31,140
三门峡,2014-10-31,90,26~130,良,65.5,98.6,39.1,1.523,42.3,25,118
三门峡,2014-11-01,38,28~57,优,12.9,37.6,14.9,0.965,30.6,51,26
三门峡,2014-11-02,65,46~82,良,13.3,78.3,12.3,0.863,21.8,62,113
三门峡,2014-11-03,70,43~87,良,32.6,87.8,45.4,1.361,43.9,81,104
三门峡,2014-11-04,84,50~146,良,48.9,105.6,31.5,1.673,48.8,90,87
三门峡,2014-11-05,88,54~144,良,60.1,109,34.9,1.545,55.9,91,82
三门峡,2014-11-06,88,67~127,良,56.7,119.4,45.6,1.423,45.1,77,103
三门峡,2014-11-07,93,60~182,良,64,120.2,52.3,1.243,37.2,58,133
三门峡,2014-11-08,147,126~189,轻度污染,111.8,200.5,52.1,1.58,52.4,54,179
三门峡,2014-11-09,146,105~189,轻度污染,110.2,187.4,61.4,1.526,42.7,84,154
三门峡,2014-11-10,191,138~264,中度污染,146.8,204.5,54.5,1.608,48.4,54,158
三门峡,2014-11-11,136,61~268,轻度污染,93,153.7,18.2,1.304,36.4,92,117
三门峡,2014-11-12,60,26~91,良,23.3,71.4,18.6,0.735,26.3,71,81
三门峡,2014-11-13,69,39~89,良,36,86.5,25.2,0.996,41.8,64,93
三门峡,2014-11-14,95,73~124,良,59.1,132.4,57.3,1.204,47.5,60,115
三门峡,2014-11-15,165,113~219,中度污染,124,143.2,23.8,1.45,36,39,161
三门峡,2014-11-16,174,114~323,中度污染,133.9,188.8,35.4,1.748,48.1,60,156
三门峡,2014-11-17,106,59~142,轻度污染,76.6,130.1,31.8,1.954,45.4,87,103
三门峡,2014-11-18,125,84~210,轻度污染,93.5,140.5,51.6,1.935,52.7,72,123
三门峡,2014-11-19,186,117~247,中度污染,142.4,202,96.6,2.135,64.3,81,163
三门峡,2014-11-20,210,165~253,重度污染,161.6,224.9,70,2.122,76,59,167
三门峡,2014-11-21,207,144~256,重度污染,158.5,232.2,68.7,2.296,71.7,44,144
三门峡,2014-11-22,297,222~417,重度污染,246.3,328.4,67.1,2.947,67.6,41,166
三门峡,2014-11-23,243,227~268,重度污染,192.2,219.2,40,2.967,60,52,174
三门峡,2014-11-24,230,217~240,重度污染,178.5,222.3,49.1,3.086,65,30,178
三门峡,2014-11-25,127,86~219,轻度污染,95.3,115,38.7,1.686,38.6,47,152
三门峡,2014-11-26,126,94~172,轻度污染,94.6,145.7,73,1.668,47.1,64,148
三门峡,2014-11-27,161,87~235,中度污染,122.9,173.2,38.3,2.126,46.6,9,164
三门峡,2014-11-28,135,87~250,轻度污染,102.8,153.1,45.4,1.613,46.3,42,164
三门峡,2014-11-29,210,192~243,重度污染,159.4,204.8,68.5,2.195,67.4,13,177
三门峡,2014-11-30,116,69~212,轻度污染,58.3,137.9,36.7,0.996,31.7,60,145
三门峡,2014-12-01,80,63~120,良,45.6,104.1,54.5,1.012,32.6,46,124
三门峡,2014-12-02,113,92~124,轻度污染,80.1,168.6,91,1.282,52.5,15,177
三门峡,2014-12-03,59,55~63,良,20.6,66.1,31.3,0.73,22,63,62
三门峡,2014-12-04,59,41~86,良,26.7,67.9,69.5,0.929,30.6,65,87
三门峡,2014-12-05,85,60~114,良,55.1,113.8,100.2,1.68,57.1,49,121
三门峡,2014-12-06,149,103~195,轻度污染,112,182.7,99.7,2.322,68.8,20,154
三门峡,2014-12-07,129,77~207,轻度污染,81,176.2,60.4,2.283,54.5,71,139
三门峡,2014-12-08,145,91~217,轻度污染,102,189.4,106.3,2.35,70.5,62,142
三门峡,2014-12-09,68,57~83,良,45.8,82,65.3,2.067,55.9,41,61
三门峡,2014-12-10,61,47~75,良,21,67,30.3,1.704,26.5,54,40
三门峡,2014-12-11,50,34~64,良,17.7,51.8,63,1.696,40.4,60,38
三门峡,2014-12-12,51,33~84,良,23.3,53.9,47.1,1.458,32.6,68,35
三门峡,2014-12-13,78,61~104,良,49.7,100.2,73.3,1.779,61.8,53,76
三门峡,2014-12-14,109,82~178,轻度污染,81.4,122,93.8,1.97,76.6,40,107
三门峡,2014-12-15,96,53~300,良,59.4,83.8,58.6,1.178,31.4,62,50
三门峡,2014-12-16,44,31~61,优,13.8,43.9,24.6,0.786,20,66,29
三门峡,2014-12-17,63,42~89,良,42.6,66.9,84.8,1.57,63.6,52,65
三门峡,2014-12-18,119,92~168,轻度污染,88.4,122.3,149.3,2.2,77.9,34,138
三门峡,2014-12-19,102,29~181,轻度污染,73.4,89.6,113.8,1.996,61.9,61,102
三门峡,2014-12-20,68,47~116,良,46.8,62.2,91.5,1.463,55.2,37,81
三门峡,2014-12-21,35,22~58,优,17.5,32.7,50.4,0.958,30.1,62,18
三门峡,2014-12-22,64,46~98,良,44.6,58,105,1.567,58.5,32,32
三门峡,2014-12-23,107,82~136,轻度污染,79.8,93.4,117,2.278,76.7,34,83
三门峡,2014-12-24,123,94~164,轻度污染,92.9,101.7,135.5,2.583,82.1,34,104
三门峡,2014-12-25,136,109~174,轻度污染,103.1,109.5,161.8,2.642,83.8,21,135
三门峡,2014-12-26,126,88~172,轻度污染,95.3,85.8,146.6,2.25,80.9,34,124
三门峡,2014-12-27,218,175~266,重度污染,169.1,13.3,109.1,3.326,93.1,14,161
三门峡,2014-12-28,148,35~275,轻度污染,112,55.8,71.2,3.029,75.4,73,95
三门峡,2014-12-29,99,74~141,良,73.2,95.1,116.5,2.65,78.7,47,70
三门峡,2014-12-30,125,83~193,轻度污染,94.4,100.5,95,2.579,89.4,31,106
三门峡,2014-12-31,49,26~161,优,20.3,54.7,66.6,1.1,23.3,63,43
三门峡,2015-01-01,50,38~70,良,32.3,51.1,84.1,1.415,50.5,48,101
三门峡,2015-01-02,93,72~122,良,68.3,89.3,126.8,2.096,68.2,11,194
三门峡,2015-01-03,139,116~182,轻度污染,104.9,123.8,150.9,2.767,80.9,29,244
三门峡,2015-01-04,233,172~259,重度污染,182.8,254.4,219.4,3.575,107,31,300
三门峡,2015-01-05,178,63~278,中度污染,131,207.4,139.5,2.914,77.3,48,234
三门峡,2015-01-06,75,52~106,良,35.4,97.6,83.6,1.673,43.5,39,201
三门峡,2015-01-07,74,52~96,良,48.5,94.2,44.8,1.796,49.4,46,169
三门峡,2015-01-08,106,83~133,轻度污染,75.5,140,67.3,2.086,63.4,46,220
三门峡,2015-01-09,104,83~149,轻度污染,68.3,154.3,95.4,2.096,67,33,181
三门峡,2015-01-10,139,105~192,轻度污染,104.4,194.8,119,2.267,74.4,52,236
三门峡,2015-01-11,179,102~226,中度污染,134.7,226.6,125.5,2.517,73.4,78,293
三门峡,2015-01-12,162,100~218,中度污染,122.7,202.9,102.2,2.155,60.6,34,301
三门峡,2015-01-13,161,136~184,中度污染,121.8,190.4,80.2,1.983,58.4,35,308
三门峡,2015-01-14,230,178~299,重度污染,180.6,269.7,71.2,2.483,70,33,339
三门峡,2015-01-15,306,247~370,严重污染,255.3,369.9,90.9,3.048,87,26,354
三门峡,2015-01-16,226,60~331,重度污染,184.3,275.1,69.5,2.577,65.8,75,284
三门峡,2015-01-17,138,81~207,轻度污染,103.5,165.5,89.5,1.938,57.4,55,269
三门峡,2015-01-18,85,59~110,良,40.6,102.7,29.4,1.65,39.6,85,139
三门峡,2015-01-19,88,77~115,良,53.9,120.4,73.7,1.504,50.8,59,173
三门峡,2015-01-20,109,76~175,轻度污染,74,147.5,72.2,1.367,66.6,62,220
三门峡,2015-01-21,57,29~94,良,17.3,66.8,35.7,0.661,20.5,82,73
三门峡,2015-01-22,90,65~115,良,59.5,125.5,66.8,1.329,49.8,50,154
三门峡,2015-01-23,142,109~219,轻度污染,107.4,168,109.3,1.905,67.4,57,228
三门峡,2015-01-24,193,144~243,中度污染,146.7,198.3,62.1,2.039,63.4,41,277
三门峡,2015-01-25,250,202~300,重度污染,199.1,258,40,2.704,58.2,20,327
三门峡,2015-01-26,348,282~418,严重污染,292.4,414.5,40.4,3.036,66.4,24,361
三门峡,2015-01-27,133,65~333,轻度污染,96.5,161.3,44.6,1.8,45.1,46,282
三门峡,2015-01-28,77,59~104,良,51.7,87.5,51.8,1.1,34.8,52,274
三门峡,2015-01-29,83,55~111,良,57.5,87.4,39.5,0.964,28,71,248
三门峡,2015-01-30,79,63~106,良,49.2,101,76,1.37,46,64,225
三门峡,2015-01-31,214,105~278,重度污染,166.8,217.3,88.1,1.842,54.9,70,354
三门峡,2015-02-01,159,78~234,中度污染,120.5,176,71.8,1.35,49,83,311
三门峡,2015-02-02,133,98~200,轻度污染,99.9,147,70,1.154,45.8,49,267
三门峡,2015-02-03,219,184~302,重度污染,169.3,242.7,74.3,1.739,61,88,322
三门峡,2015-02-04,80,41~237,良,43.7,87.9,65,0.761,25,81,135
三门峡,2015-02-05,68,36~105,良,35.7,84.6,66.7,1.183,49.6,72,135
三门峡,2015-02-06,83,64~124,良,57,106.3,65.9,1.3,51.3,84,150
三门峡,2015-02-07,96,47~146,良,60.3,113.9,51,1.283,47.9,81,176
三门峡,2015-02-08,93,72~116,良,52.4,129.6,56.8,1.033,30.8,77,250
三门峡,2015-02-09,92,74~110,良,65.8,125.3,86.1,1.079,35.8,90,228
三门峡,2015-02-10,174,115~252,中度污染,133,211.7,91.5,1.933,79.1,62,317
三门峡,2015-02-11,160,106~286,中度污染,83.9,244.9,56.4,1.109,45.5,92,287
三门峡,2015-02-12,128,119~148,轻度污染,75,203.2,95.8,1.392,51.1,86,244
三门峡,2015-02-13,141,69~223,轻度污染,103.1,185.3,96.4,1.322,41.7,114,261
三门峡,2015-02-14,220,191~239,重度污染,169.1,265,128.2,1.6,57.3,94,333
三门峡,2015-02-15,184,113~247,中度污染,107.8,253.5,62.3,1.492,50.6,87,301
三门峡,2015-02-16,107,76~140,轻度污染,48.2,162.3,69.6,0.963,38.1,98,209
三门峡,2015-02-17,132,76~265,轻度污染,92.5,181.1,75,1.179,32.1,113,248
三门峡,2015-02-18,163,108~277,中度污染,120.9,233.4,76.9,1.467,30.7,99,309
三门峡,2015-02-19,150,65~226,轻度污染,110.4,184.1,62.2,1.158,25.4,84,260
三门峡,2015-02-20,137,113~164,轻度污染,103.7,135.4,26.2,1.182,23,57,334
三门峡,2015-02-21,206,161~250,重度污染,158.5,205.7,37.7,1.474,28.1,45,353
三门峡,2015-02-22,181,110~414,中度污染,52.8,271.1,55.2,1.091,19,78,303
三门峡,2015-02-23,136,112~170,轻度污染,76.8,218.8,82.2,1.345,32,66,331
三门峡,2015-02-24,142,95~186,轻度污染,105.1,209.6,68.8,1.455,33,70,327
三门峡,2015-02-25,155,104~200,中度污染,87.4,235.3,44.7,1.509,36.8,92,328
三门峡,2015-02-26,159,131~203,中度污染,118,239.1,65.5,1.433,32.7,109,348
三门峡,2015-02-27,121,86~150,轻度污染,85.8,155.7,39.8,1.213,27.8,81,346
三门峡,2015-02-28,124,91~181,轻度污染,92.8,128,39.3,1.158,33.4,51,344
三门峡,2015-03-01,104,54~164,轻度污染,67.5,141.4,47.8,1.375,41.3,95,276
三门峡,2015-03-02,93,79~121,良,61.2,131.3,69.2,1.335,50.8,84,264
三门峡,2015-03-03,155,41~500,中度污染,38.9,210.7,33.8,0.6,19.7,90,201
三门峡,2015-03-04,83,67~109,良,34.5,113,40.5,0.705,24.3,72,294
三门峡,2015-03-05,83,71~111,良,57.5,105.2,40.3,0.796,22.6,76,285
三门峡,2015-03-06,141,110~182,轻度污染,107,147.8,51.3,1.171,39.5,99,334
三门峡,2015-03-07,154,109~204,中度污染,116.1,180.1,63.3,1.413,47.6,98,337
三门峡,2015-03-08,156,79~235,中度污染,114.9,184.2,87.8,1.448,55.1,102,328
三门峡,2015-03-09,202,108~279,重度污染,155.8,249.8,48.5,1.608,47.1,60,349
三门峡,2015-03-10,113,93~125,轻度污染,64.7,170.8,48.8,1.061,38.8,52,320
三门峡,2015-03-11,139,66~204,轻度污染,102.4,183.4,43.6,1.664,49.4,93,311
三门峡,2015-03-12,99,74~126,良,67.3,143.5,64,1.338,57.3,113,251
三门峡,2015-03-13,159,100~242,中度污染,119.1,226.6,93.7,1.8,65.3,142,324
三门峡,2015-03-14,171,102~231,中度污染,129.3,234.4,92.1,1.604,61.2,119,311
三门峡,2015-03-15,237,219~270,重度污染,185.8,300.9,106.7,1.865,67.8,117,355
三门峡,2015-03-16,242,119~337,重度污染,195.3,305.3,93.3,1.943,65.5,130,345
三门峡,2015-03-17,194,82~254,中度污染,148,225.9,48.8,1.867,49.9,74,337
三门峡,2015-03-18,152,121~207,中度污染,114.8,171.9,23.5,1.635,38.5,81,347
三门峡,2015-03-19,138,98~170,轻度污染,104.4,152.4,20.4,1.735,49.6,19,322
三门峡,2015-03-20,90,72~130,良,61.2,106.3,27.9,1.308,38.3,104,226
三门峡,2015-03-21,97,69~128,良,51.8,140,33.4,1.167,45.7,114,249
三门峡,2015-03-22,127,95~300,轻度污染,67.2,192,54.3,1.2,46.1,118,292
三门峡,2015-03-23,192,110~330,中度污染,66.6,291.4,66.8,1.363,51.8,68,355
三门峡,2015-03-24,112,58~138,轻度污染,72.5,167.4,56.3,1.23,39.3,82,340
三门峡,2015-03-25,79,36~132,良,55.5,82.3,24.5,0.975,29.9,86,121
三门峡,2015-03-26,64,40~91,良,44.3,64.5,23.9,0.8,25,99,159
三门峡,2015-03-27,116,60~223,轻度污染,86.6,143.1,26.3,1.083,35.9,114,286
三门峡,2015-03-28,135,88~172,轻度污染,78.4,188,33.6,1.29,45,119,313
三门峡,2015-03-29,127,100~159,轻度污染,61.7,202.4,49.4,1.104,47.8,133,274
三门峡,2015-03-30,119,70~149,轻度污染,84.6,160,49.9,1.246,35,136,286
三门峡,2015-03-31,96,70~137,良,71.2,116.1,42,1.258,34.5,91,263
三门峡,2015-04-01,42,23~85,优,21,42,14.1,1.252,30.8,68,82
三门峡,2015-04-02,78,28~134,良,45.3,101.1,34.9,1.396,36.8,82,246
三门峡,2015-04-03,106,74~157,轻度污染,77.5,125.5,33.4,1.475,33.4,122,310
三门峡,2015-04-04,133,78~195,轻度污染,99.6,133.2,32.8,1.375,30,107,326
三门峡,2015-04-05,73,45~117,良,35.2,82.4,22,1,33.4,83,209
三门峡,2015-04-06,72,54~98,良,42.1,87.7,29.7,1.054,34.4,64,266
三门峡,2015-04-07,95,71~116,良,67,129.4,58.9,1.096,36.9,76,338
三门峡,2015-04-08,104,72~150,轻度污染,77.4,129.6,60.1,1.148,36.8,117,331
三门峡,2015-04-09,112,74~148,轻度污染,79.6,149.4,61.3,1.309,42.1,133,330
三门峡,2015-04-10,143,73~245,轻度污染,94.7,160.5,51.2,1.21,38.1,151,311
三门峡,2015-04-11,109,70~154,轻度污染,65.7,154.9,47.3,1.082,43.6,117,297
三门峡,2015-04-12,90,50~197,良,15.6,125.2,13.2,0.5,13.5,112,234
三门峡,2015-04-13,61,43~78,良,22,68.4,20.7,0.71,27.1,126,150
三门峡,2015-04-14,76,58~106,良,40.3,100,57.1,0.942,48.4,128,188
三门峡,2015-04-15,93,60~134,良,47.6,132.8,51,1.221,65.5,127,211
三门峡,2015-04-16,160,81~358,中度污染,40.8,240.7,33.3,0.774,26.7,100,283
三门峡,2015-04-17,171,154~198,中度污染,81.2,287.4,64.8,1.017,39.7,94,351
三门峡,2015-04-18,164,63~254,中度污染,123.8,181.1,34.9,1.42,45.5,58,321
三门峡,2015-04-19,54,36~65,良,36.2,56,18.9,1.4,39.3,47,139
三门峡,2015-04-20,75,56~128,良,47.8,86,22.3,1.377,29.4,101,236
三门峡,2015-04-21,65,22~92,良,33.7,78.3,27.7,1.041,40.5,115,180
三门峡,2015-04-22,79,62~94,良,38.5,104.4,29,1.095,44.6,108,241
三门峡,2015-04-23,79,48~105,良,38.6,105.4,48.8,1.104,43.2,118,197
三门峡,2015-04-24,97,63~168,良,65.4,127.4,54.9,1.4,44.5,160,248
三门峡,2015-04-25,124,70~193,轻度污染,82.8,153.1,36.9,1.51,34,153,260
三门峡,2015-04-26,80,53~103,良,49.6,103.1,35.6,1.132,28,139,165
三门峡,2015-04-27,70,53~97,良,41.1,75.5,40.5,1.154,35.7,128,138
三门峡,2015-04-28,83,66~139,良,43.7,112.3,39.9,1.195,50.2,179,229
三门峡,2015-04-29,97,78~111,良,58.4,129.5,47.1,1.176,23,148,271
三门峡,2015-04-30,129,92~175,轻度污染,89.5,166.4,58.4,1.291,30.4,164,304
三门峡,2015-05-01,70,23~146,良,41.2,86.9,30.5,0.957,27.1,111,162
三门峡,2015-05-02,68,44~111,良,39.3,83,21.9,0.974,26.6,113,224
三门峡,2015-05-03,82,55~116,良,54.3,105.3,30.6,1.259,37.3,123,242
三门峡,2015-05-04,106,73~223,轻度污染,71.4,151.1,40.7,1.258,41,133,305
三门峡,2015-05-05,101,50~150,轻度污染,64.8,131.2,53,1.222,38.4,143,255
三门峡,2015-05-06,120,68~240,轻度污染,85.4,149.5,40.3,1.27,43.5,138,282
三门峡,2015-05-07,132,100~163,轻度污染,91.7,166.5,37.8,1.478,32.9,97,322
三门峡,2015-05-08,76,64~96,良,34.2,99.9,55.4,1.154,33.1,105,255
三门峡,2015-05-09,107,65~188,轻度污染,71.9,137.9,32.3,1.377,31.4,132,309
三门峡,2015-05-10,65,27~143,良,38.7,66.8,19.8,1.3,24.8,88,156
三门峡,2015-05-11,50,33~67,良,14.8,53.5,15.6,0.857,21.5,88,152
三门峡,2015-05-12,71,53~95,良,34,88.9,39,0.973,41.2,135,236
三门峡,2015-05-13,84,67~125,良,39.9,113.1,52,0.991,36.7,148,247
三门峡,2015-05-14,106,79~130,轻度污染,52.3,159.2,42.9,1.29,42.9,146,295
三门峡,2015-05-15,98,77~120,良,56.3,141.5,31.4,1.041,38.8,172,309
三门峡,2015-05-16,100,80~119,良,64.6,139.1,36.5,0.968,26,194,307
三门峡,2015-05-17,119,75~214,轻度污染,87.9,137,32.8,1.157,34,139,289
三门峡,2015-05-18,87,55~122,良,48.9,101,28.7,0.923,39,143,245
三门峡,2015-05-19,87,68~137,良,43.6,115,45.9,0.957,25.9,203,242
三门峡,2015-05-20,94,72~139,良,44.9,135.5,40.2,0.723,23.9,142,291
三门峡,2015-05-21,79,61~116,良,53.9,85.1,28.8,1.021,28.9,72,266
三门峡,2015-05-22,73,52~94,良,47.9,73,17.4,0.873,23.8,124,211
三门峡,2015-05-23,75,56~96,良,46,85.2,42.9,0.878,44,144,218
三门峡,2015-05-24,130,76~195,轻度污染,91.8,145.5,45.3,1.057,26.5,164,296
三门峡,2015-05-25,98,65~130,良,67.8,116.4,40.9,0.861,26.9,150,240
三门峡,2015-05-26,103,74~150,轻度污染,72.7,116.1,32.4,0.94,27.3,148,250
三门峡,2015-05-27,94,74~116,良,64.7,101,58.7,0.95,27,177,240
三门峡,2015-05-28,174,91~228,中度污染,131.1,172.9,41.2,1.238,31.3,128,340
三门峡,2015-05-29,68,54~96,良,44.8,68.5,31.4,0.822,27.9,103,234
三门峡,2015-05-30,73,60~94,良,44.3,86.7,33.9,0.882,32.9,157,262
三门峡,2015-05-31,65,57~75,良,42.6,72.3,27.9,0.857,19.7,136,174
三门峡,2015-06-01,105,77~138,轻度污染,78.4,119.9,38.1,1.114,36.4,110,281
三门峡,2015-06-02,94,72~130,良,69.3,92.3,24,1.142,30,75,305
三门峡,2015-06-03,94,70~122,良,60.3,120.2,40.4,1.378,40.7,118,334
三门峡,2015-06-04,96,64~131,良,57,119,27.3,1.205,37.3,128,321
三门峡,2015-06-05,83,72~95,良,39.2,112.7,32.7,1.082,39.5,149,289
三门峡,2015-06-06,86,60~108,良,46.4,105.5,30.7,1.01,36.8,167,256
三门峡,2015-06-07,87,58~127,良,54.9,112.7,40.3,1.183,35.8,211,277
三门峡,2015-06-08,101,73~131,轻度污染,69.9,129.2,47.8,1.352,39.9,145,326
三门峡,2015-06-09,89,77~114,良,61.3,113.2,30,1.12,25.2,162,281
三门峡,2015-06-10,118,86~181,轻度污染,54.6,175.8,16,0.843,25.1,123,317
三门峡,2015-06-11,90,56~139,良,33.3,125.9,10.4,0.557,15.3,120,276
三门峡,2015-06-12,92,74~130,良,50.7,131.2,32.7,1.078,50.2,188,296
三门峡,2015-06-13,77,42~109,良,36.1,92.7,30.6,0.923,40.7,143,253
三门峡,2015-06-14,96,63~122,良,49.9,122.6,35.8,1.043,28.4,199,309
三门峡,2015-06-15,84,53~117,良,61,77.1,14.9,1.065,22,115,245
三门峡,2015-06-16,96,69~120,良,71,84.9,22,1.086,17.8,144,288
三门峡,2015-06-17,115,78~146,轻度污染,86,105.4,19,1.214,30.3,159,312
三门峡,2015-06-18,106,76~138,轻度污染,76.6,108.2,25.1,1.216,24.7,201,326
三门峡,2015-06-19,111,74~144,轻度污染,82.8,123.8,33.1,1.15,35.9,173,321
三门峡,2015-06-20,97,61~182,良,62.8,120.9,35.5,1.031,19.3,155,294
三门峡,2015-06-21,72,63~83,良,43.8,81.6,32.5,0.929,17.6,147,231
三门峡,2015-06-22,100,62~133,轻度污染,73.9,111.8,31.6,1.052,23.6,161,302
三门峡,2015-06-23,94,42~157,良,65.3,83.6,19.9,1.104,20.3,101,251
三门峡,2015-06-24,47,43~54,优,14.3,19.3,6.9,0.904,12.7,106,170
三门峡,2015-06-25,42,27~64,优,17.2,32.7,20.5,1.065,20.4,120,154
三门峡,2015-06-26,76,57~113,良,54.3,75.2,13.9,1.346,21.8,104,279
三门峡,2015-06-27,65,50~71,良,16.4,23.9,6,0.842,9.3,129,259
三门峡,2015-06-28,63,47~81,良,35.5,52.6,16.7,0.925,15.7,142,242
三门峡,2015-06-29,63,51~77,良,41.1,55.9,14.1,0.971,18.3,115,257
三门峡,2015-06-30,47,25~75,优,27.5,49,23.3,1.095,19,89,168
三门峡,2015-07-01,76,46~97,良,46.7,84.4,18.4,1.222,26.6,139,282
三门峡,2015-07-02,75,62~86,良,36.5,90.8,32,0.909,35,173,290
三门峡,2015-07-03,62,57~72,良,34,70,31.4,0.795,22.9,122,227
三门峡,2015-07-04,86,67~100,良,59.4,94.6,21.3,0.95,26.4,161,303
三门峡,2015-07-05,76,48~106,良,50.2,82.3,20,0.817,25.5,124,263
三门峡,2015-07-06,72,41~98,良,47.6,81.5,25.5,0.829,21,118,257
三门峡,2015-07-07,75,58~105,良,51.8,81.3,22.9,0.821,19.3,117,257
三门峡,2015-07-08,125,83~167,轻度污染,94.4,134.7,25.2,1.087,22.7,174,332
三门峡,2015-07-09,156,137~185,中度污染,118.6,159.8,26.5,1.071,24.9,154,354
三门峡,2015-07-10,100,62~167,轻度污染,66.8,109.1,20.6,0.838,22.1,137,296
三门峡,2015-07-11,81,59~106,良,56.2,96.7,23.5,0.771,18,124,280
三门峡,2015-07-12,82,45~119,良,55.2,84.1,19,0.908,16.5,114,231
三门峡,2015-07-13,89,63~132,良,53,125.5,27.7,1.088,33.9,104,242
三门峡,2015-07-14,105,61~139,轻度污染,65.7,151.6,28.5,1.083,29,163,279
三门峡,2015-07-15,67,44~144,良,37.7,63.1,11.4,0.991,18.7,138,185
三门峡,2015-07-16,85,55~147,良,55.9,75.3,9.1,1.088,15,164,279
三门峡,2015-07-17,127,80~198,轻度污染,94.4,123.4,16.1,1.304,19,162,342
三门峡,2015-07-18,151,83~225,中度污染,113.4,154.7,14.7,1.29,18,132,344
三门峡,2015-07-19,128,57~193,轻度污染,93.3,132.7,8.4,1.022,20.3,117,306
三门峡,2015-07-20,95,63~138,良,70,96.6,10.6,0.974,15.4,142,308
三门峡,2015-07-21,95,45~172,良,68,102.1,6.2,1.075,20,133,291
三门峡,2015-07-22,81,35~134,良,50.1,86.2,16.3,1.079,30.3,114,252
三门峡,2015-07-23,61,46~69,良,30.3,65.3,22,1.058,37.4,175,256
三门峡,2015-07-24,64,52~75,良,33.1,73.2,40.9,1.083,55.3,175,267
三门峡,2015-07-25,84,58~127,良,50.8,94.5,37.6,1.021,33.3,198,297
三门峡,2015-07-26,96,51~162,良,66.7,107.3,19,1.05,24.5,204,295
三门峡,2015-07-27,81,52~109,良,55.5,91.4,20.1,1.229,21.3,174,283
三门峡,2015-07-28,76,52~98,良,50.2,84.3,18.8,1.325,20.5,183,297
三门峡,2015-07-29,71,53~98,良,46.8,82.1,28.3,1.221,23.9,168,283
三门峡,2015-07-30,64,39~76,良,40.8,75.9,29.6,1.088,24.2,177,289
三门峡,2015-07-31,73,43~152,良,50,78.5,21.8,0.954,23.3,167,298
三门峡,2015-08-01,116,85~152,轻度污染,87.8,124.5,9.6,0.921,19.6,151,351
三门峡,2015-08-02,133,85~162,轻度污染,100.3,120,12.1,1.225,20.3,158,353
三门峡,2015-08-03,71,50~113,良,45.5,80.5,13.1,1.246,32.3,114,295
三门峡,2015-08-04,33,23~51,优,18.8,32.5,13.4,0.938,29.7,81,93
三门峡,2015-08-05,45,26~60,优,21.8,47,29.1,0.933,25.4,134,149
三门峡,2015-08-06,67,45~92,良,43.2,74.3,19.6,1.15,27.1,192,274
三门峡,2015-08-07,97,67~133,良,71.5,105.7,20.8,1.15,17.3,151,333
三门峡,2015-08-08,96,70~118,良,71.7,108.8,25.1,1.138,19,166,339
三门峡,2015-08-09,92,54~132,良,67.8,104.7,16.9,1.188,21,164,328
三门峡,2015-08-10,66,50~82,良,44,74.3,17.8,1.139,21,105,297
三门峡,2015-08-11,103,74~150,轻度污染,77.4,111,16.7,1.425,21.5,135,339
三门峡,2015-08-12,104,56~143,轻度污染,77,112.1,18,1.283,19,139,315
三门峡,2015-08-13,79,57~104,良,56.8,91.7,27.4,1.117,28.2,142,267
三门峡,2015-08-14,55,32~85,良,31,57.2,18.3,0.958,29.3,92,172
三门峡,2015-08-15,65,54~85,良,36.2,71.8,31.5,1.033,34.5,188,254
三门峡,2015-08-16,73,53~101,良,46.7,82.7,24.6,1.258,29.3,201,252
三门峡,2015-08-17,131,84~176,轻度污染,75.6,195.2,28.4,1.241,36,130,324
三门峡,2015-08-18,158,122~200,中度污染,97.8,264.7,26.9,1.321,50.5,41,354
三门峡,2015-08-19,96,78~123,良,69.9,129.7,23.2,1.121,42,103,337
三门峡,2015-08-20,76,65~94,良,46.4,97.8,36.7,1.283,56.1,141,319
三门峡,2015-08-21,61,49~73,良,28.9,70,33.4,1.338,48.5,174,232
三门峡,2015-08-22,64,49~77,良,33.7,76.3,45.4,1.292,48.6,166,232
三门峡,2015-08-23,68,31~92,良,41.8,83.5,32.6,1.179,22.5,162,252
三门峡,2015-08-24,50,36~62,良,30,51.5,16.3,1.108,17.8,139,169
三门峡,2015-08-25,62,53~85,良,41.1,66.4,24.3,1.213,22.2,170,223
三门峡,2015-08-26,82,49~114,良,57.6,90.8,30.3,1.248,18.7,187,272
三门峡,2015-08-27,75,52~106,良,46.3,76,24,1.221,22.7,212,241
三门峡,2015-08-28,74,56~107,良,50.4,83.1,27.2,1.479,33.6,182,252
三门峡,2015-08-29,84,56~129,良,55.9,86.2,31.8,1.321,25.9,216,295
三门峡,2015-08-30,95,47~147,良,53.9,113.4,30.5,1.154,21.2,168,303
三门峡,2015-08-31,42,25~64,优,20.9,43.6,22.5,1.017,17.2,104,126
三门峡,2015-09-01,57,40~74,良,33.4,64.1,24.4,1.138,15.7,120,208
三门峡,2015-09-02,65,56~72,良,40.1,78.8,25.4,1.225,17.5,126,260
三门峡,2015-09-03,53,41~64,良,27.3,57.5,24,1.075,20.5,126,204
三门峡,2015-09-04,35,22~52,优,17,32.7,11.6,0.892,19.5,96,98
三门峡,2015-09-05,53,32~74,良,24.6,59.2,17.3,1.117,37.2,120,237
三门峡,2015-09-06,77,53~112,良,46.8,96.5,25.6,1.188,29.3,126,321
三门峡,2015-09-07,70,49~98,良,47.9,73,41.1,1.217,21.3,123,285
三门峡,2015-09-08,66,56~77,良,37.1,82,46.8,1.15,27.9,127,259
三门峡,2015-09-09,74,49~90,良,52.4,92.5,30.3,1.113,26.6,95,290
三门峡,2015-09-10,55,39~72,良,33.7,59.1,15.6,1.046,19.6,63,226
三门峡,2015-09-11,35,16~49,优,11,34.6,15.5,0.846,25.6,82,109
三门峡,2015-09-12,28,21~43,优,10.1,25.7,19.9,0.717,28.6,95,77
三门峡,2015-09-13,49,29~73,优,22.4,52.4,31.3,1.008,46.6,45,161
三门峡,2015-09-14,50,38~73,优,26.2,52.8,27.4,1.017,25.7,131,119
三门峡,2015-09-15,65,55~104,良,40.5,76,41,1.121,21.5,155,213
三门峡,2015-09-16,68,54~88,良,45,79.9,39.7,1.07,20,129,225
三门峡,2015-09-17,81,58~127,良,52.5,94,32.8,1.021,28.9,140,257
三门峡,2015-09-18,69,54~88,良,44.1,87.1,30.4,0.992,45.5,99,214
三门峡,2015-09-19,70,56~93,良,43.3,87.5,20.7,0.842,44.8,32,228
三门峡,2015-09-22,40,14~89,优,24.3,42.2,15.1,1.093,39.9,36,104
三门峡,2015-09-23,47,30~68,优,22,50,18.1,1.025,37.4,105,160
三门峡,2015-09-24,48,35~66,优,26.2,48.3,25.3,1.113,40.8,98,171
三门峡,2015-09-25,54,42~70,良,26.6,58,25.1,1.083,38.8,140,205
三门峡,2015-09-26,89,62~123,良,59.7,113.4,37,1.417,35.5,176,319
三门峡,2015-09-27,88,61~140,良,62.6,104.4,35.9,1.271,32.7,144,297
三门峡,2015-09-28,81,53~127,良,55.5,99,40.8,1.167,32.5,135,292
三门峡,2015-09-29,77,61~95,良,55,92.5,32.8,1.358,26.7,91,303
三门峡,2015-09-30,94,30~115,良,68.4,117.2,47.8,1.375,35.9,84,314
三门峡,2015-10-01,79,23~128,良,21.5,114,12.3,0.767,19.5,75,247
三门峡,2015-10-02,91,82~105,良,37.8,132.5,42.9,1.104,48.7,53,294
三门峡,2015-10-03,96,74~116,良,57.4,140.7,37.3,1.517,59.3,45,282
三门峡,2015-10-04,91,69~114,良,62.6,127.3,53.1,1.688,58,58,271
三门峡,2015-10-05,70,52~95,良,46.2,85,33.7,1.529,40.2,116,226
三门峡,2015-10-06,88,54~130,良,65.1,83.1,33.2,1.513,33.2,78,263
三门峡,2015-10-07,50,37~69,优,30.1,43.4,18.1,1.858,31.7,107,177
三门峡,2015-10-08,49,24~67,优,26.2,52.7,18.8,1.304,37.1,49,189
三门峡,2015-10-09,53,30~73,良,27,59,18,1.275,40.5,79,181
三门峡,2015-10-10,54,32~71,良,27.6,61,23.4,1.27,45.1,97,187
三门峡,2015-10-11,51,29~73,良,20.6,56.1,24,1.096,47.7,111,161
三门峡,2015-10-12,60,39~76,良,29.5,70.8,41.5,1.554,59.8,113,161
三门峡,2015-10-13,67,53~98,良,39.2,78.3,47.8,1.104,47.1,128,149
三门峡,2015-10-14,115,65~178,轻度污染,84.5,138.3,44.3,1.538,84.9,156,246
三门峡,2015-10-15,67,37~92,良,42,83.2,25.4,1.25,60.1,124,103
三门峡,2015-10-16,81,56~110,良,55.7,104.3,56.5,1.071,46.3,185,148
三门峡,2015-10-17,119,92~173,轻度污染,89.9,138.3,62.7,1.404,64.8,166,254
三门峡,2015-10-18,173,140~249,中度污染,132.3,181.1,41,1.796,62.2,127,336
三门峡,2015-10-19,223,193~256,重度污染,173.3,216.3,43.1,2.242,30.3,147,358
三门峡,2015-10-20,199,156~237,中度污染,151.7,191.1,54,1.971,32.8,190,348
三门峡,2015-10-21,152,127~201,中度污染,115.1,164.9,62.3,1.796,35.1,177,330
三门峡,2015-10-22,148,112~206,轻度污染,112.4,161.9,48.6,2.163,39.1,95,328
三门峡,2015-10-23,100,78~135,轻度污染,74.9,104.8,37.3,2.325,45.2,75,241
三门峡,2015-10-24,141,79~180,轻度污染,107,148.2,59.3,2.296,50.5,73,311
三门峡,2015-10-25,32,17~85,优,19.2,21.6,17.2,1.8,35.9,64,49
三门峡,2015-10-26,34,23~65,优,12.5,32.7,28.5,1.029,37.5,62,53
三门峡,2015-10-27,60,47~93,良,25.2,70.1,38.1,1.088,50.6,58,197
三门峡,2015-10-28,61,44~78,良,32.3,71,31,1.533,50.9,27,172
三门峡,2015-10-29,96,78~128,良,71.1,118.6,48.4,1.875,67.4,83,307
三门峡,2015-10-30,77,61~105,良,54.2,90.5,57,1.067,52,57,285
三门峡,2015-10-31,52,26~94,良,30.8,52.3,104.1,0.942,47.7,85,164
三门峡,2015-11-01,43,26~68,优,21.8,45.5,31,0.829,41.7,93,110
三门峡,2015-11-02,53,36~77,良,30.5,55.6,26.3,0.842,35,104,103
三门峡,2015-11-03,100,63~133,轻度污染,74.9,108.8,64.9,1.108,44.3,112,232
三门峡,2015-11-04,122,83~169,轻度污染,92,131.2,77.9,1.325,55.3,113,276
三门峡,2015-11-05,164,93~202,中度污染,124.1,153.1,61,1.508,48.6,88,326
三门峡,2015-11-06,32,21~72,优,20.9,24.3,22.3,1.163,34.4,69,80
三门峡,2015-11-07,39,19~60,优,25.6,37.6,31,1.517,37,26,126
三门峡,2015-11-08,45,25~82,优,23.4,46.9,22.8,1.713,38.5,38,102
三门峡,2015-11-09,70,37~107,良,43,82.5,20.9,1.275,35.7,84,168
三门峡,2015-11-10,60,45~97,良,41.7,59.7,36.3,1.5,52,20,133
三门峡,2015-11-11,109,72~170,轻度污染,81.9,121.7,44.2,1.292,44.9,41,265
三门峡,2015-11-12,182,153~211,中度污染,136.9,198,66.6,1.4,47.8,45,327
三门峡,2015-11-13,137,112~176,轻度污染,103.9,151,51.4,1.8,40.9,53,308
三门峡,2015-11-14,151,129~185,中度污染,114.7,181.7,73.8,1.983,50.2,40,317
三门峡,2015-11-15,157,137~180,中度污染,118.9,194.3,67.3,2.404,61.1,13,323
三门峡,2015-11-16,123,87~193,轻度污染,92.5,152.5,57.2,2.296,55,30,327
三门峡,2015-11-17,96,36~143,良,71.8,105.4,70.3,2.133,56.5,45,287
三门峡,2015-11-18,64,36~102,良,46.3,63.8,49.5,1.633,45.9,55,229
三门峡,2015-11-19,95,80~107,良,70.9,113,41.4,1.892,51.1,29,305
三门峡,2015-11-20,122,75~147,轻度污染,91.9,144.8,55.3,2.338,57,18,323
三门峡,2015-11-21,49,32~87,优,33.4,46.8,41.3,2.408,51.9,9,120
三门峡,2015-11-22,44,32~62,优,28.1,41.8,69.7,2.838,52.3,11,154
三门峡,2015-11-23,42,25~70,优,28.7,39.4,60.6,2.108,41.9,22,149
三门峡,2015-11-24,42,23~68,优,27.8,39,44.3,1.713,30.1,57,187
三门峡,2015-11-25,63,28~100,良,43.3,68.8,36.2,1.908,35.2,79,219
三门峡,2015-11-26,55,29~119,良,26.9,62.7,58.8,2.008,39.4,77,186
三门峡,2015-11-27,176,134~232,中度污染,134,211.8,75,2.858,59.8,44,346
三门峡,2015-11-28,183,114~252,中度污染,140.8,212.5,72,3.458,67.2,20,327
三门峡,2015-11-29,192,95~271,中度污染,149.4,245.7,63.6,3.396,70.8,38,307
三门峡,2015-11-30,133,107~176,轻度污染,100.8,149,69.3,3.104,75.3,39,260
三门峡,2015-12-01,161,73~272,中度污染,123.7,191.5,59.4,3.846,81.7,36,279
三门峡,2015-12-02,130,66~251,轻度污染,70.5,184.4,28.4,2.313,44.4,74,283
三门峡,2015-12-03,65,47~103,良,28.8,79.2,30.9,1.679,25.6,67,196
三门峡,2015-12-04,66,35~86,良,35.4,82.6,58.7,1.7,44.4,70,218
三门峡,2015-12-05,97,68~154,良,66.6,137,97.6,2.171,58.6,25,261
三门峡,2015-12-06,118,89~204,轻度污染,89.1,155.3,119.5,2.154,67.2,51,281
三门峡,2015-12-07,245,204~317,重度污染,195,274.1,104.5,2.35,67.7,48,343
三门峡,2015-12-08,269,208~352,重度污染,218.7,283.5,63.9,2.838,65,45,340
三门峡,2015-12-09,236,206~274,重度污染,186,252.9,62.9,2.696,60,23,326
三门峡,2015-12-10,262,204~335,重度污染,212,294.2,55.7,3.146,66.8,14,328
三门峡,2015-12-11,228,128~342,重度污染,183.4,251.5,73.5,3.033,55,54,324
三门峡,2015-12-12,131,115~145,轻度污染,99.2,144.8,63.1,1.763,41.1,51,284
三门峡,2015-12-13,157,64~201,中度污染,118.2,140.3,32,2.063,44.5,23,291
三门峡,2015-12-14,52,43~62,良,30.1,50.3,27.4,1.058,27.4,56,117
三门峡,2015-12-15,54,34~73,良,21.9,61,28,1.146,21.8,67,151
三门峡,2015-12-16,49,34~70,优,14.8,51.3,25.9,1.2,20.1,59,149
三门峡,2015-12-17,70,40~97,良,40.1,90.8,53.5,1.942,46,58,245
三门峡,2015-12-18,100,76~139,轻度污染,74.1,134.7,74.5,2.358,56.3,45,271
三门峡,2015-12-19,146,110~204,轻度污染,110.4,168,88.3,2.321,63,67,289
三门峡,2015-12-20,197,117~232,中度污染,151.8,219.5,82.6,2.763,72.2,84,305
三门峡,2015-12-21,257,207~337,重度污染,207.3,280.3,113.7,2.788,77.4,53,310
三门峡,2015-12-22,387,336~471,严重污染,339.4,436.5,122.3,3.879,102.2,19,351
三门峡,2015-12-23,406,341~481,严重污染,365.8,456.3,91.9,4.004,89.3,13,348
三门峡,2015-12-24,285,74~467,重度污染,252.6,313.3,68,3.617,72,47,302
三门峡,2015-12-25,102,65~150,轻度污染,75.1,141.3,49.4,3.063,62.3,45,214
三门峡,2015-12-26,114,97~168,轻度污染,84.2,162.6,80.1,3.508,74.4,30,249
三门峡,2015-12-27,198,112~313,中度污染,152.3,253.5,53.2,3.475,58.8,21,339
三门峡,2015-12-28,227,172~304,重度污染,178.9,272.4,60.6,3.496,64.3,21,350
三门峡,2015-12-29,349,281~443,严重污染,298.2,411.3,69,4.9,88.3,35,361
三门峡,2015-12-30,286,152~402,重度污染,237.8,331.7,71.5,4.425,82,61,326
三门峡,2015-12-31,182,93~259,中度污染,141.1,219.5,106.1,2.2,65.6,72,268
三门峡,2016-01-01,263,220~300,重度污染,213.2,303.6,110.1,2.954,88.3,56,349
三门峡,2016-01-02,274,237~337,重度污染,223.3,310.8,90.7,3.2,85.3,68,336
三门峡,2016-01-03,339,217~500,严重污染,289.6,384.5,86,3.588,89.2,89,327
三门峡,2016-01-04,403,304~500,严重污染,390.6,533,97,4.75,100.1,37,354
三门峡,2016-01-05,308,256~418,严重污染,256.7,356.8,79.4,4.133,75.9,50,359
三门峡,2016-01-06,269,208~317,重度污染,218.6,296,75.8,4.063,70.7,67,356
三门峡,2016-01-07,118,73~204,轻度污染,88.6,136.4,73.4,2.704,57.9,55,270
三门峡,2016-01-08,100,80~119,良,74.3,135.9,98.9,2.641,61.4,52,232
三门峡,2016-01-09,160,105~211,中度污染,121.3,195.2,90.4,3.171,68.9,45,272
三门峡,2016-01-10,233,183~281,重度污染,184.3,259.5,78.8,3.667,75.6,36,314
三门峡,2016-01-11,254,128~395,重度污染,210.1,284.1,85.3,3.604,66.8,57,347
三门峡,2016-01-12,133,90~178,轻度污染,100.4,145.3,68.5,2.992,47.8,35,324
三门峡,2016-01-13,118,68~215,轻度污染,88.3,124.8,53.1,2.875,47.8,74,259
三门峡,2016-01-14,111,65~208,轻度污染,81.8,134.1,63.5,2.979,59.7,83,226
三门峡,2016-01-15,93,53~119,良,67,127.1,53.9,2.883,61.3,77,183
三门峡,2016-01-16,154,97~223,中度污染,117.1,192.6,89,3.413,75,37,272
三门峡,2016-01-17,142,73~222,轻度污染,100.1,172,64.4,3.004,55.7,73,269
三门峡,2016-01-18,119,51~292,轻度污染,76.7,140.1,50.7,2.783,34.5,75,226
三门峡,2016-01-19,71,45~103,良,36,91.3,61.4,2.296,43.2,67,146
三门峡,2016-01-20,170,110~205,中度污染,128.5,198.7,90.7,2.121,56.5,42,338
三门峡,2016-01-21,207,163~321,重度污染,159.9,234.1,71.7,2.496,51.9,78,348
三门峡,2016-01-22,126,34~283,轻度污染,83.8,151.9,44.6,1.8,32,64,260
三门峡,2016-01-23,77,46~163,良,21.3,103.5,31.4,1.621,18.7,69,262
三门峡,2016-01-24,73,52~157,良,16.8,96.3,20.1,1.629,12.8,70,252
三门峡,2016-01-25,54,36~72,良,26.5,59.2,34.5,2.083,38.9,70,116
三门峡,2016-01-26,78,60~95,良,52.3,104.4,74.9,2.75,59.8,71,217
三门峡,2016-01-27,99,71~145,良,71.5,133.8,88.1,2.671,55.7,69,218
三门峡,2016-01-28,191,149~223,中度污染,144.7,222.2,110.1,3.288,78.3,80,331
三门峡,2016-01-29,247,218~285,重度污染,197.4,282,123.8,3.513,78.1,78,355
三门峡,2016-01-30,205,138~276,重度污染,159.7,233.2,62.6,2.983,49.5,23,345
三门峡,2016-01-31,132,58~200,轻度污染,97.7,135.2,58.6,2.646,41.5,50,284
三门峡,2016-02-01,64,34~93,良,43.7,70,36.9,2.346,36.5,72,153
三门峡,2016-02-02,67,51~94,良,41.7,82.6,58.7,2.833,53.8,75,114
三门峡,2016-02-03,109,83~152,轻度污染,81.7,136.7,80.2,3.246,61.1,69,218
三门峡,2016-02-04,165,127~224,中度污染,125.8,177.7,80.3,3.708,68.2,97,315
三门峡,2016-02-05,86,50~134,良,46.5,104.7,35.5,2.367,32.1,84,203
三门峡,2016-02-06,66,35~103,良,21.9,82.6,35.7,1.9,25.2,94,170
三门峡,2016-02-07,86,62~128,良,44.5,121.2,52.5,2.446,36.4,96,212
三门峡,2016-02-08,108,95~137,轻度污染,76.4,155.9,67.6,2.717,42.2,108,159
三门峡,2016-02-09,87,64~120,良,63.8,101.6,61,2.517,31.9,119,196
三门峡,2016-02-10,209,118~269,重度污染,162.8,241.7,79,2.975,30.6,116,342
三门峡,2016-02-11,272,250~294,重度污染,221.9,310.5,69.3,3.596,34.6,74,358
三门峡,2016-02-12,210,48~299,重度污染,167.7,224.8,65.2,3.471,36.7,67,291
三门峡,2016-02-13,51,31~75,良,25.2,56,17.5,1.975,9.9,69,191
三门峡,2016-02-14,47,36~55,优,15.3,48.1,19.1,1.904,8.8,74,244
三门峡,2016-02-15,42,32~54,优,19,42,27.5,2.096,14.7,95,176
三门峡,2016-02-16,45,28~64,优,23.4,47.2,32.3,2.263,23.5,100,150
三门峡,2016-02-17,62,35~81,良,36,73.6,39.8,2.288,41.3,102,183
三门峡,2016-02-18,85,71~109,良,55.1,119.6,65.4,1.733,45.8,98,248
三门峡,2016-02-19,148,110~188,轻度污染,64.5,246.2,46.4,1.396,36.7,87,311
三门峡,2016-02-20,129,91~189,轻度污染,43.4,208.1,25.3,0.946,17.8,86,296
三门峡,2016-02-21,117,102~127,轻度污染,56.7,183.7,72.2,1.583,33.5,54,295
三门峡,2016-02-22,147,129~170,轻度污染,94.6,243.3,62.9,2,46.4,85,320
三门峡,2016-02-23,96,53~182,良,57.4,140,72,1.446,30.8,85,252
三门峡,2016-02-24,117,87~140,轻度污染,86.6,164.5,70.3,1.713,40.3,101,306
三门峡,2016-02-25,121,105~146,轻度污染,82.6,189.6,57.7,1.858,45.8,98,294
三门峡,2016-02-26,130,102~173,轻度污染,57.7,208.5,53.8,1.954,49.9,107,317
三门峡,2016-02-27,133,97~182,轻度污染,62.9,214.5,38.8,1.913,45.9,100,310
三门峡,2016-02-28,111,62~253,轻度污染,38.7,168,30.5,1.513,25.2,98,254
三门峡,2016-02-29,89,67~120,良,43.1,128.3,49.8,2.363,37.7,108,249
三门峡,2016-03-01,104,88~144,轻度污染,73.3,155.9,57.2,2.267,40.4,128,271
三门峡,2016-03-02,146,131~181,轻度污染,109.8,219.1,64.8,2.5,68.2,139,306
三门峡,2016-03-03,106,65~156,轻度污染,62.8,160.8,48.4,2.104,51.4,132,214
三门峡,2016-03-04,220,87~500,重度污染,63.3,343.4,44.2,1.938,45,77,251
三门峡,2016-03-05,465,342~500,严重污染,101.6,678.7,27.3,1.542,32.7,82,356
三门峡,2016-03-06,339,239~424,严重污染,108.6,452.8,59.8,2.188,50.5,86,352
三门峡,2016-03-07,315,256~383,严重污染,160.7,432.2,85.8,2.988,62.1,98,358
三门峡,2016-03-08,162,108~303,中度污染,81.3,267,57.9,2.129,38.8,81,349
三门峡,2016-03-09,86,65~140,良,37.7,122.2,35.6,1.242,29.5,53,326
三门峡,2016-03-10,67,53~97,良,31.7,82.7,27.9,1.083,28.4,76,265
三门峡,2016-03-11,70,52~88,良,33,89.3,32.6,1.154,33.1,85,219
三门峡,2016-03-12,102,86~133,轻度污染,73.3,151.8,71.9,1.533,49.8,69,270
三门峡,2016-03-13,90,54~142,良,52.5,127.8,38.5,1.438,47.6,88,226
三门峡,2016-03-14,121,67~167,轻度污染,69.4,189.6,56,1.625,42.2,124,282
三门峡,2016-03-15,138,115~153,轻度污染,104,213.6,81.2,1.692,47.8,107,302
三门峡,2016-03-16,162,133~206,中度污染,122.7,216,65.8,1.729,42.9,144,310
三门峡,2016-03-17,202,140~231,重度污染,154.8,269.7,73.9,2.033,55.5,146,328
三门峡,2016-03-18,152,94~201,中度污染,113,216.5,54.7,2.017,63.2,165,274
三门峡,2016-03-19,186,105~258,中度污染,126.5,269.6,57.4,1.825,33.6,165,319
三门峡,2016-03-20,169,114~265,中度污染,121.1,251.7,46.7,1.933,37.5,150,329
三门峡,2016-03-21,122,104~155,轻度污染,76.1,193.5,52.9,1.767,38.9,161,310
三门峡,2016-03-22,103,84~138,轻度污染,73.6,150.5,52.9,1.829,47,124,283
三门峡,2016-03-23,125,77~191,轻度污染,82.4,182.8,44,1.946,47.5,109,333
三门峡,2016-03-24,90,77~108,良,50.3,126.9,40.6,1.542,35,91,324
三门峡,2016-03-25,105,48~137,轻度污染,78.2,116.3,24.8,1.738,33.4,99,298
三门峡,2016-03-26,54,40~72,良,31.8,57.5,19,1.525,35,113,103
三门峡,2016-03-27,61,36~87,良,30,73.2,27,1.6,40,120,124
三门峡,2016-03-28,80,61~128,良,34.1,110.3,37.7,1.721,48.3,135,197
三门峡,2016-03-29,100,51~147,轻度污染,44.8,150.5,49.9,1.763,47.7,119,257
三门峡,2016-03-30,116,81~154,轻度污染,42.4,182,51.9,1.571,33.4,140,293
三门峡,2016-03-31,88,66~103,良,47.8,125,43,1.629,29.6,160,222
三门峡,2016-04-01,99,84~110,良,49.5,147.1,51,1.867,37.7,165,249
三门峡,2016-04-02,165,118~325,中度污染,84.8,246.4,46.4,1.896,35,132,323
三门峡,2016-04-03,62,41~114,良,29.9,74,26.1,1.629,23.7,113,208
三门峡,2016-04-04,68,62~74,良,31.7,85.2,48.8,1.829,35.3,99,234
三门峡,2016-04-05,109,87~145,轻度污染,81.3,139.8,39.8,2.438,45.9,75,324
三门峡,2016-04-06,129,94~156,轻度污染,97.8,141.2,18.8,2.442,52.3,41,332
三门峡,2016-04-07,98,71~139,良,57.8,138,30.4,2.333,44.4,125,300
三门峡,2016-04-08,100,83~116,良,48.8,149.1,40,2.067,50,138,288
三门峡,2016-04-09,108,79~129,轻度污染,62,164.6,45.5,2.517,64.1,135,298
三门峡,2016-04-10,114,79~171,轻度污染,64,178.2,44.4,2.608,46.2,197,310
三门峡,2016-04-11,155,134~178,中度污染,82.9,258.6,53.2,2.329,33.1,168,352
三门峡,2016-04-12,132,66~167,轻度污染,80.5,212,41.3,1.613,36.4,154,318
三门峡,2016-04-13,101,77~129,轻度污染,52.9,152.2,36,1.429,49.3,133,271
三门峡,2016-04-14,121,77~150,轻度污染,63.2,192.1,48.1,1.554,47.9,188,304
三门峡,2016-04-15,114,36~166,轻度污染,79,169.5,54,1.714,32.4,136,271
三门峡,2016-04-16,66,33~104,良,25.5,83.9,17.6,1.257,28.2,108,230
三门峡,2016-04-17,103,60~148,轻度污染,36.3,154.8,21.5,1.433,38.1,91,323
三门峡,2016-04-18,103,74~134,轻度污染,45.4,154.4,30.2,1.633,34.1,109,346
三门峡,2016-04-19,95,76~137,良,64,121.7,30.4,1.521,25.1,137,322
三门峡,2016-04-20,89,67~128,良,54.3,123.6,25.6,1.979,45.6,127,302
三门峡,2016-04-21,105,78~131,轻度污染,61.8,158.2,35.6,2.017,54.4,141,292
三门峡,2016-04-22,105,79~143,轻度污染,50,159.6,35.8,1.888,46.5,175,281
三门峡,2016-04-23,93,61~134,良,46.9,132.2,36.6,1.658,36.8,117,291
三门峡,2016-04-24,76,60~109,良,51.5,91.1,20.3,1.658,24.4,136,246
三门峡,2016-04-25,78,64~95,良,52.8,102.2,30.7,1.738,29.6,150,256
三门峡,2016-04-26,112,78~148,轻度污染,84,132.6,25.3,1.738,27.8,137,333
三门峡,2016-04-27,89,40~130,良,60.5,113,27.1,1.4,36.8,136,268
三门峡,2016-04-28,59,37~125,良,31.8,66.3,24.1,1.133,24.3,153,145
三门峡,2016-04-29,103,52~147,轻度污染,70.8,129.6,28.6,1.467,31.2,155,254
三门峡,2016-04-30,84,56~109,良,51.4,115.3,31.5,1.388,38.5,154,233
三门峡,2016-05-01,77,69~88,良,45.8,103,33.4,1.325,32.3,178,219
三门峡,2016-05-02,171,63~500,中度污染,52.6,242.4,17,1.075,20.9,106,310
三门峡,2016-05-03,61,40~81,良,26.6,72.5,25.1,1.1,36.8,125,190
三门峡,2016-05-04,87,59~110,良,38.9,124.1,41.3,1.329,32.3,201,280
三门峡,2016-05-05,107,89~127,轻度污染,66,163.8,32.1,1.533,43.8,147,320
三门峡,2016-05-06,109,85~158,轻度污染,57.6,167.8,56.2,1.35,43.4,106,289
三门峡,2016-05-07,76,43~90,良,48,96.1,36.2,1.454,34.3,76,236
三门峡,2016-05-08,58,40~83,良,38.2,64.8,16,1.208,24.3,108,206
三门峡,2016-05-09,75,52~133,良,50.2,94.5,20.9,1.504,37.1,122,260
三门峡,2016-05-10,97,64~128,良,65.4,127.7,24.6,1.579,24,174,312
三门峡,2016-05-11,125,86~162,轻度污染,90.4,164.2,36.6,1.571,24,176,313
三门峡,2016-05-12,155,56~500,中度污染,58.5,217.2,25.3,1.067,27.3,122,275
三门峡,2016-05-13,69,52~96,良,36.4,87.6,34.3,1.121,36.4,74,223
三门峡,2016-05-14,53,22~114,良,36.3,37.6,20.7,1.283,34.5,71,145
三门峡,2016-05-15,57,23~76,良,19,66.4,14.5,1.138,34.6,94,236
三门峡,2016-05-16,61,38~88,良,24.7,73.8,19.3,1.191,37.5,131,193
三门峡,2016-05-17,72,58~85,良,34.4,92.7,34,1.178,33.3,176,231
三门峡,2016-05-18,90,73~109,良,58,118.4,39.6,1.338,33.5,211,287
三门峡,2016-05-19,101,72~137,轻度污染,74.3,127,33.6,1.396,31.8,196,299
三门峡,2016-05-20,86,69~123,良,55.5,108.2,32.3,1.371,29.7,205,294
三门峡,2016-05-21,85,65~104,良,59.3,111.8,28.3,1.417,37.7,199,313
三门峡,2016-05-22,77,63~105,良,43.7,87.2,33.6,1.229,29.8,209,303
三门峡,2016-05-23,56,30~73,良,36,56.2,19.6,1.213,33.4,145,190
三门峡,2016-05-24,51,39~82,良,24.9,53,21.4,1.113,29.7,137,146
三门峡,2016-05-25,64,45~81,良,27.4,79,34,1.242,42.2,102,232
三门峡,2016-05-26,43,34~53,优,18.8,43.6,21.6,1.075,38.6,72,142
三门峡,2016-05-27,44,25~64,优,24.7,46.3,16.3,1.291,42.9,86,147
三门峡,2016-05-28,57,44~79,良,33.3,62.4,22.7,1.325,35.6,149,223
三门峡,2016-05-29,77,55~114,良,38,75.5,32,1.288,53.2,227,282
三门峡,2016-05-30,92,70~112,良,54.5,102.3,44.3,1.488,39,223,299
三门峡,2016-05-31,83,59~102,良,61.1,89,29.3,1.538,46.5,130,274
三门峡,2016-06-01,71,48~97,良,51.1,82.1,21.4,1.53,28.3,148,278
三门峡,2016-06-02,68,45~104,良,48.8,64,16.4,1.5,30.1,120,256
三门峡,2016-06-03,60,41~77,良,37.9,59.2,16.2,1.429,32.8,137,242
三门峡,2016-06-04,61,42~84,良,32.1,66.4,19.9,1.354,25.9,187,245
三门峡,2016-06-05,61,30~80,良,36.7,64.4,19,1.261,25.1,150,229
三门峡,2016-06-06,50,32~68,良,30.8,52.8,17.6,1.371,19.3,149,157
三门峡,2016-06-07,71,46~100,良,47.6,77.5,22.8,1.483,30.8,153,248
三门峡,2016-06-08,77,49~95,良,55,92.5,28.7,1.529,19.9,176,267
三门峡,2016-06-09,89,59~119,良,64.3,106.2,27.7,1.433,28.3,176,302
三门峡,2016-06-10,80,64~100,良,47.4,91,25.5,1.217,30.5,200,301
三门峡,2016-06-11,83,63~100,良,52.1,110.2,30.1,1.379,27.8,174,315
三门峡,2016-06-12,69,56~98,良,41.4,70.5,24.7,1.254,25.7,198,297
三门峡,2016-06-13,74,50~95,良,45.8,93.6,33.6,1.358,31.4,174,293
三门峡,2016-06-14,82,53~128,良,29.6,113.6,21.5,1.1,30.9,138,305
三门峡,2016-06-15,57,45~108,良,16.9,65,17.6,0.979,27.3,138,245
三门峡,2016-06-16,64,47~89,良,26.7,68,28.6,1.129,49.5,191,248
三门峡,2016-06-17,61,47~70,良,23.5,66.5,20.4,1.158,32.4,176,222
三门峡,2016-06-18,87,63~123,良,36.5,92.4,39.9,1.238,32.5,245,311
三门峡,2016-06-19,90,65~140,良,56.8,106,27.8,1.313,22.4,221,330
三门峡,2016-06-20,81,69~97,良,51.8,87.3,26.3,1.321,23.8,194,323
三门峡,2016-06-21,76,63~105,良,45.8,85,28.1,1.417,32.6,196,313
三门峡,2016-06-22,90,68~130,良,59.3,87.5,21.9,1.388,25.7,200,335
三门峡,2016-06-23,56,25~107,良,38.8,57.8,18,1.438,35.5,110,221
三门峡,2016-06-24,49,28~80,优,26.7,54.7,14.6,1.192,26.4,143,246
三门峡,2016-06-25,66,45~88,良,31,76.6,18.6,1.296,36.4,187,300
三门峡,2016-06-26,57,36~75,良,27.8,66.3,19.8,1.1,33.6,169,231
三门峡,2016-06-27,59,40~79,良,27,66.5,20.6,1.167,46.5,171,240
三门峡,2016-06-28,73,0~104,良,40.5,97.1,24.1,1.267,41.3,158,299
三门峡,2016-06-29,80,52~133,良,38.5,108.7,24.6,1.021,27.4,181,321
三门峡,2016-06-30,77,45~110,良,49.7,101.5,34.3,1.167,34.6,188,305
三门峡,2016-07-01,76,48~119,良,36.4,76.6,26,1.046,34,237,325
三门峡,2016-07-02,83,61~110,良,56.7,101.1,24.7,1.154,21.2,179,335
三门峡,2016-07-03,63,55~87,良,38.4,68.2,22,0.95,20,161,281
三门峡,2016-07-04,63,42~104,良,39,72.9,23.8,0.963,21.7,181,262
三门峡,2016-07-05,97,55~137,良,72,103.3,23.5,1.021,21,190,333
三门峡,2016-07-06,98,75~117,良,65.1,106.7,23.3,1.092,23.9,234,335
三门峡,2016-07-07,74,39~115,良,52,75.8,15.4,0.921,15.5,133,295
三门峡,2016-07-08,68,49~90,良,46.5,71.1,12,0.888,14.1,101,288
三门峡,2016-07-09,76,42~108,良,55.4,81.1,10,0.896,12,105,304
三门峡,2016-07-10,40,22~60,优,26.6,36.5,10.5,0.892,9,67,135
三门峡,2016-07-11,75,55~107,良,54.5,81.8,14.1,0.833,13,118,305
三门峡,2016-07-12,62,29~130,良,39.5,54.1,13.9,0.804,22.4,133,236
三门峡,2016-07-13,84,54~160,良,57,79.2,13.6,1.063,35.5,195,312
三门峡,2016-07-14,33,19~64,优,21.5,23,9.5,0.838,26.3,85,107
三门峡,2016-07-15,43,24~98,优,22,40.2,12.1,0.871,16.6,161,192
三门峡,2016-07-16,83,55~118,良,56.5,90.2,13.8,1.004,19.5,161,322
三门峡,2016-07-17,85,48~169,良,55.8,94.5,14.9,0.963,24.8,195,297
三门峡,2016-07-18,120,90~156,轻度污染,90.5,123.9,9.9,1.075,13.4,146,344
三门峡,2016-07-19,52,26~125,良,31.9,47.8,10.2,1.125,18.5,120,200
三门峡,2016-07-20,45,28~63,优,25,46.4,12,1.092,25.4,112,214
三门峡,2016-07-21,54,46~67,良,25.3,56.2,11.8,1.042,30,160,270
三门峡,2016-07-22,61,55~83,良,34.5,66.6,9.6,0.954,22.7,186,271
三门峡,2016-07-23,65,58~75,良,41.5,78.7,9,0.879,23.2,169,283
三门峡,2016-07-24,70,30~103,良,47.5,75.9,9.1,0.608,15.5,108,262
三门峡,2016-07-25,36,22~60,优,16.3,33.8,9.7,0.671,19,127,100
三门峡,2016-07-26,57,38~93,良,24.1,56.7,12,0.954,34,194,214
三门峡,2016-07-27,40,25~61,优,19.5,39.7,9.5,0.85,22.7,126,112
三门峡,2016-07-28,61,45~92,良,25.3,63.6,11.5,0.838,28.3,193,223
三门峡,2016-07-29,59,45~83,良,28,63.1,12.3,0.896,20.2,186,220
三门峡,2016-07-30,79,49~125,良,57.5,60.4,9,0.904,21.2,138,273
三门峡,2016-07-31,46,34~60,优,28.2,43.5,9.3,0.754,19.2,122,171
三门峡,2016-08-01,57,29~81,良,37,64.5,10.7,0.788,14.8,138,249
三门峡,2016-08-02,56,29~95,良,39,50.7,11.4,0.85,12,144,237
三门峡,2016-08-03,81,64~117,良,59.4,82.4,11.8,1.238,11.8,170,334
三门峡,2016-08-04,63,45~89,良,44.1,60.6,12.5,1.033,12.6,153,290
三门峡,2016-08-05,60,48~80,良,42.3,60.5,11.1,0.95,12.9,134,276
三门峡,2016-08-06,53,27~72,良,35.8,53,10.9,0.908,18.2,147,218
三门峡,2016-08-07,46,28~65,优,27.5,48.8,12.7,0.983,20.5,151,211
三门峡,2016-08-08,59,46~72,良,40.3,58.5,13.4,0.933,14.9,151,290
三门峡,2016-08-09,70,51~97,良,48.5,74.8,16.2,1.233,17.1,119,312
三门峡,2016-08-10,66,50~85,良,46,68.6,11.7,0.979,11.6,124,296
三门峡,2016-08-11,53,33~69,良,35.4,55.3,12.4,0.808,11.7,136,227
三门峡,2016-08-12,52,32~64,良,33.8,54.6,11.7,0.913,11.5,123,219
三门峡,2016-08-13,64,47~84,良,42,72.4,12.8,1.121,12.8,145,293
三门峡,2016-08-14,64,43~87,良,43.1,70.3,12.3,1.079,11.2,150,295
三门峡,2016-08-15,96,58~132,良,71,107.4,12.6,1.071,13.1,154,348
三门峡,2016-08-16,101,77~125,轻度污染,75,111.4,15.9,1.192,14.7,121,355
三门峡,2016-08-17,90,55~120,良,66.7,94.4,13.7,1.421,16.3,152,315
三门峡,2016-08-18,87,61~124,良,63.5,93.6,11.8,1.046,13.1,145,325
三门峡,2016-08-19,74,41~107,良,53,86.5,13.6,1.113,23,144,299
三门峡,2016-08-20,62,43~89,良,43,65.1,19,0.983,17.7,139,273
三门峡,2016-08-21,71,52~90,良,48.5,81,21.9,0.958,20.7,169,292
三门峡,2016-08-22,81,60~109,良,59.6,90.3,24.2,1.104,19.5,172,314
三门峡,2016-08-23,97,78~132,良,72.1,105.9,17.8,1.2,18,152,346
三门峡,2016-08-24,96,60~147,良,71.2,98.2,11.4,1.154,13.2,136,306
三门峡,2016-08-25,62,28~125,良,43.8,59.8,11.2,0.967,25.3,136,202
三门峡,2016-08-26,33,19~51,优,16,32.1,13.5,0.704,26.4,96,116
三门峡,2016-08-27,60,49~84,良,28.2,67,23.7,0.942,35,187,287
三门峡,2016-08-28,64,50~79,良,40.5,74.3,21.2,0.838,47.2,172,282
三门峡,2016-08-29,60,47~70,良,31.8,68.9,33.3,0.775,35.4,172,239
三门峡,2016-08-30,64,52~90,良,38.6,76.8,33.6,0.942,33.9,170,243
三门峡,2016-08-31,77,61~93,良,52.5,94.4,19.5,1.213,53.8,175,275
三门峡,2016-09-01,64,46~81,良,34.5,76.9,19.5,0.971,50,131,244
三门峡,2016-09-02,57,43~82,良,28.6,63.1,23.8,1.038,35.4,161,212
三门峡,2016-09-03,67,55~101,良,27.6,82.8,31.2,1.038,33.8,133,218
三门峡,2016-09-04,80,56~93,良,47.8,94.8,25.1,1.246,33.8,194,267
三门峡,2016-09-05,99,83~121,良,68.1,124.8,28.2,1.421,42.5,241,317
三门峡,2016-09-06,97,60~137,良,72.3,105.7,18.3,1.417,51.8,124,318
三门峡,2016-09-07,45,31~70,优,24.6,39.5,17.3,0.908,28.8,130,145
三门峡,2016-09-08,52,38~70,良,26,48.9,19.8,0.979,51.5,120,156
三门峡,2016-09-09,70,55~94,良,34.6,89.5,31.6,1.258,49.3,111,230
三门峡,2016-09-10,56,42~70,良,31.8,61.8,16.5,1.046,43.2,142,211
三门峡,2016-09-11,58,40~67,良,27.2,66.1,22.7,0.971,54.2,156,227
三门峡,2016-09-12,71,58~90,良,45.5,88,27,1.208,39.1,181,269
三门峡,2016-09-13,78,59~109,良,56.8,79.8,17.3,1.271,36.9,121,271
三门峡,2016-09-14,103,73~122,轻度污染,77,114.7,18.9,1.254,32.5,155,322
三门峡,2016-09-15,121,80~169,轻度污染,91.3,128.3,15,1.408,48.1,161,335
三门峡,2016-09-16,92,65~123,良,67.6,104.8,14.4,1.154,35.1,164,317
三门峡,2016-09-17,102,66~133,轻度污染,76,116,25.9,1.122,35.8,168,330
三门峡,2016-09-18,145,125~163,轻度污染,110.8,150.9,32,1.408,27.6,150,353
三门峡,2016-09-19,56,39~80,良,39.1,55.2,12.1,1.02,29.1,76,222
三门峡,2016-09-20,61,0~81,良,40.4,66,13.9,0.967,26.2,114,238
三门峡,2016-09-21,63,39~90,良,41.5,72.1,14,1.013,35.5,121,195
三门峡,2016-09-22,70,53~103,良,47,82.8,17.8,0.904,36.6,136,217
三门峡,2016-09-23,70,43~89,良,46.8,87,16,1.017,35.1,139,206
三门峡,2016-09-24,107,71~178,轻度污染,79.3,129.2,22,1.133,50.5,97,290
三门峡,2016-09-25,156,79~217,中度污染,117.7,164.4,21.5,1.133,30.4,94,340
三门峡,2016-09-26,76,44~110,良,54.6,74.8,10.3,0.758,16,75,226
三门峡,2016-09-27,96,57~129,良,71.3,104.2,11.6,1.154,45,53,287
三门峡,2016-09-28,63,50~125,良,38.1,69.7,16.5,0.863,29.8,47,276
三门峡,2016-09-29,66,56~78,良,36.7,82.1,26.1,0.9,29.1,147,294
三门峡,2016-09-30,103,67~168,轻度污染,76.3,134.5,34.3,1.363,44.1,155,325
三门峡,2016-10-01,128,82~198,轻度污染,96,134.7,39.2,1.238,38.8,198,335
三门峡,2016-10-02,105,53~231,轻度污染,74.7,122.2,25.5,1.3,48,157,308
三门峡,2016-10-03,84,57~129,良,56.5,98.8,20.9,1.017,33,162,290
三门峡,2016-10-04,99,72~225,良,50.8,136.3,24.8,0.792,37.4,116,314
三门峡,2016-10-05,63,50~101,良,30.8,75.2,16.8,0.558,33.1,100,218
三门峡,2016-10-06,76,55~118,良,52.9,88.5,16.9,0.746,34.8,93,261
三门峡,2016-10-07,67,34~124,良,43.9,71.5,12.6,0.921,34.5,36,236
三门峡,2016-10-08,59,45~72,良,25.7,68.2,16.3,0.971,38.5,99,241
三门峡,2016-10-09,68,57~80,良,42.9,85.8,39.5,0.929,54.7,51,298
三门峡,2016-10-10,66,49~79,良,40,80.2,27.1,0.829,43.8,103,260
三门峡,2016-10-11,90,55~205,良,56.9,104.8,24.5,0.921,53.2,82,293
三门峡,2016-10-12,86,58~156,良,58.5,102.6,29.8,0.771,45,81,267
三门峡,2016-10-13,55,33~80,良,30.6,64.6,21.5,0.583,36.2,107,155
三门峡,2016-10-14,64,42~95,良,42,74.7,22.8,0.675,30.4,81,210
三门峡,2016-10-15,42,23~65,优,27.6,40.8,14.3,0.683,24.7,43,100
三门峡,2016-10-16,59,40~82,良,32.3,69,15.7,0.988,37.5,86,178
三门峡,2016-10-17,73,56~117,良,41,94.1,26,1.075,39.5,133,239
三门峡,2016-10-18,116,78~149,轻度污染,87.3,134.4,29.5,0.875,36.6,130,312
三门峡,2016-10-19,96,58~132,良,69.4,107.5,24.8,0.721,32.6,152,263
三门峡,2016-10-20,78,23~137,良,56.9,78.3,18.9,0.675,29.7,114,231
三门峡,2016-10-21,32,16~60,优,20.6,26.6,13.3,0.625,24.4,55,100
三门峡,2016-10-22,51,32~69,良,27.3,54.5,16.9,0.913,31,25,236
三门峡,2016-10-23,24,15~45,优,14.7,22.2,12.4,1.108,21.8,46,58
三门峡,2016-10-24,39,26~53,优,24.5,37.6,16.8,1.142,29.8,37,129
三门峡,2016-10-25,47,29~75,优,27,49.5,15.5,1.263,28.5,57,158
三门峡,2016-10-26,41,21~64,优,26.8,38.4,14.9,1.354,27.7,65,142
三门峡,2016-10-27,23,15~42,优,14.2,19.5,11.9,1.25,28.2,57,50
三门峡,2016-10-28,41,17~54,优,12.2,41.8,15.6,0.604,27.4,66,185
三门峡,2016-10-29,54,37~72,良,18.3,59.5,16.1,0.608,32.3,81,244
三门峡,2016-10-30,61,51~69,良,31.3,71.5,16.9,0.746,35.9,57,239
三门峡,2016-10-31,68,59~76,良,33.4,85,36.6,0.929,30.6,67,295
三门峡,2016-11-01,77,60~98,良,49.8,96.8,23.8,0.788,30.5,46,282
三门峡,2016-11-02,123,92~158,轻度污染,93.3,160.3,21.9,1.342,47.9,51,318
三门峡,2016-11-03,125,82~170,轻度污染,89.4,178.7,23.6,1.758,58.3,74,300
三门峡,2016-11-04,131,84~200,轻度污染,98.8,159.4,21.1,1.558,60.8,130,281
三门峡,2016-11-05,170,87~300,中度污染,131.8,214.5,30.3,2.05,68.8,109,288
三门峡,2016-11-06,195,132~270,中度污染,148.9,218.8,26.7,1.542,38.3,57,334
三门峡,2016-11-07,80,33~152,良,40.8,97.3,16.6,0.75,32,51,195
三门峡,2016-11-08,86,60~115,良,57,104.8,21.5,0.95,28.3,78,288
三门峡,2016-11-09,93,80~98,良,68.8,102.4,33.4,0.829,34.2,57,303
三门峡,2016-11-10,194,73~401,中度污染,71.1,252,17.5,1.163,39.7,72,328
三门峡,2016-11-11,209,165~305,重度污染,76.6,336.3,21.8,1.279,53.7,57,353
三门峡,2016-11-12,141,115~204,轻度污染,79.3,226.7,29.2,1.274,55.1,83,326
三门峡,2016-11-13,193,133~224,中度污染,144.8,266.7,52.2,2.196,78.8,108,327
三门峡,2016-11-14,131,82~207,轻度污染,93.3,192,28,1.563,66,81,262
三门峡,2016-11-15,148,92~189,轻度污染,110,194.9,37.3,1.539,49,84,304
三门峡,2016-11-16,184,163~216,中度污染,139.4,225.7,41.5,1.704,67.6,77,341
三门峡,2016-11-17,191,137~231,中度污染,144.6,221.6,24.2,1.438,51.6,49,328
三门峡,2016-11-18,128,89~150,轻度污染,97.3,143.7,18.6,1.317,44.1,67,281
三门峡,2016-11-19,135,90~201,轻度污染,84.6,174,23,1.375,52,68,0
三门峡,2016-11-20,201,103~260,重度污染,152.9,228,28.7,2.088,52.2,58,0
三门峡,2016-11-21,118,29~193,轻度污染,86.3,116.9,17.8,1.85,48.6,38,0
三门峡,2016-11-22,40,22~52,优,15.8,40.1,15.1,0.596,19.4,68,0
三门峡,2016-11-23,38,23~54,优,24.3,35.9,20.4,0.679,31.3,71,0
三门峡,2016-11-24,51,25~74,良,32.8,54.1,26.3,1.1,41.6,61,0
三门峡,2016-11-25,94,62~117,良,69.5,106.1,33.4,1.717,70.2,43,0
三门峡,2016-11-26,135,99~183,轻度污染,68,201.7,24.7,1.746,58.9,64,0
三门峡,2016-11-27,117,100~150,轻度污染,64,182.9,39.1,1.758,55.8,30,0
三门峡,2016-11-28,110,101~119,轻度污染,78.7,164.6,45.4,1.446,45,60,0
三门峡,2016-11-29,159,115~210,中度污染,119.9,219.3,46.5,2.221,66.9,30,0
三门峡,2016-11-30,134,97~186,轻度污染,92.7,185.8,25.5,2.092,54.1,54,0
三门峡,2016-12-01,97,73~129,良,58,135.7,34.5,1.533,45.3,66,0
三门峡,2016-12-02,207,132~250,重度污染,160.1,235.4,50.2,1.817,47.5,93,0
三门峡,2016-12-03,191,143~234,中度污染,145.7,223.5,23.2,2.225,73.2,46,0
三门峡,2016-12-04,120,95~176,轻度污染,82.8,184.3,26.8,2.096,61.8,35,0
三门峡,2016-12-05,90,46~182,良,47.8,122.3,22,1.363,39.4,76,0
三门峡,2016-12-06,69,51~115,良,30.8,86.9,24.7,1.171,48.8,50,0
三门峡,2016-12-07,110,80~165,轻度污染,76.8,165.7,40,2.063,73,29,0
三门峡,2016-12-08,160,103~231,中度污染,121,211.7,41.3,2.546,84.1,37,0
三门峡,2016-12-09,102,68~147,轻度污染,75,139.3,42.8,1.533,46.1,63,0
三门峡,2016-12-10,100,65~162,良,71.5,128.4,54.5,1.479,49.6,49,0
三门峡,2016-12-11,121,65~166,轻度污染,91.5,136,28.5,1.538,45.7,29,0
三门峡,2016-12-12,97,65~149,良,72.3,107.5,29.8,1.854,49.9,11,0
三门峡,2016-12-13,205,150~268,重度污染,157.7,211.5,37.3,2.639,58.2,25,0
三门峡,2016-12-14,171,114~220,中度污染,129.7,186.2,36.2,2.471,62.7,39,0
三门峡,2016-12-15,166,94~309,中度污染,128.3,195.7,26.3,2.388,63.4,70,0
三门峡,2016-12-16,89,69~139,良,63.8,112.4,38.3,1.629,46.9,79,0
三门峡,2016-12-17,154,122~199,中度污染,116.9,183.5,41.6,2.317,70.2,59,0
三门峡,2016-12-18,181,134~253,中度污染,138.5,204.5,33.5,2.471,68,72,0
三门峡,2016-12-19,316,247~412,严重污染,266.3,341.8,39.4,2.933,72.1,65,0
三门峡,2016-12-20,364,263~440,严重污染,319.4,381.4,55.8,3.392,57.2,89,0
三门峡,2016-12-21,156,92~276,中度污染,107,137.1,15.1,2.338,44,76,0
三门峡,2016-12-22,77,54~95,良,34.3,103.3,19.2,1.504,48.5,75,0
三门峡,2016-12-23,86,59~172,良,57.2,100.2,31.2,1.808,43.2,57,0
三门峡,2016-12-24,129,104~160,轻度污染,97.7,139.4,36.3,1.8,41.8,64,0
三门峡,2016-12-25,90,72~133,良,66.7,90.2,20.3,1.463,40.2,44,0
三门峡,2016-12-26,64,45~83,良,31.8,75.7,17.2,1.4,37.8,72,0
三门峡,2016-12-27,56,38~68,良,21.7,61.8,25.9,1.25,29,73,0
三门峡,2016-12-28,120,62~163,轻度污染,90.8,143.7,35.9,1.871,49.5,50,0
三门峡,2016-12-29,196,107~271,中度污染,154.9,224.1,32,2.296,53.4,42,0
三门峡,2016-12-30,275,189~320,重度污染,225.1,307,41.1,2.475,64.2,72,0
三门峡,2016-12-31,251,215~304,重度污染,200.8,279.9,39.8,2.888,73.5,29,0
三门峡,2017-01-01,367,228~486,严重污染,328.4,410.6,68,4.067,87.5,16,0
三门峡,2017-01-02,335,226~426,严重污染,285.5,380.3,47.2,3.808,84.8,82,0
三门峡,2017-01-03,301,224~394,严重污染,251.3,333.3,41.5,3.233,87.4,79,0
三门峡,2017-01-04,279,179~320,重度污染,229.7,306.8,38.8,3.125,69,77,0
三门峡,2017-01-05,85,54~156,良,63,78,19.4,3.196,46.6,58,0
三门峡,2017-01-06,71,33~102,良,51.2,67.5,15.3,2.446,35.5,52,0
三门峡,2017-01-07,70,54~77,良,49.3,72.5,18,2.296,49.5,12,0
三门峡,2017-01-08,77,47~98,良,49.2,96.2,25.3,1.771,47.6,81,0
三门峡,2017-01-09,83,61~112,良,56.2,113.1,37.3,1.692,56.3,57,0
三门峡,2017-01-10,62,48~80,良,36.5,70.7,27,1.117,46.9,61,0
三门峡,2017-01-11,69,46~96,良,38.7,88.6,31.9,1.287,50.9,80,0
三门峡,2017-01-12,76,61~101,良,37.1,100.8,25.6,1.3,55.7,84,0
三门峡,2017-01-13,88,70~109,良,49.9,126,39.6,1.704,63.4,62,0
三门峡,2017-01-14,122,80~180,轻度污染,91.8,149,45.3,1.575,48,65,0
三门峡,2017-01-15,98,84~119,良,73.3,124.3,54.8,1.488,52,57,0
三门峡,2017-01-16,166,109~250,中度污染,127.6,191.4,56.1,2.104,77.3,29,0
三门峡,2017-01-17,235,165~292,重度污染,187.3,257.7,43.8,2.613,77,72,0
三门峡,2017-01-18,322,237~415,严重污染,272.1,351,44.8,2.429,71.5,58,0
三门峡,2017-01-19,163,42~309,中度污染,110.8,189.7,25.6,1.467,40.3,82,0
三门峡,2017-01-20,56,37~81,良,25.7,63.5,34.2,1.396,44.6,74,0
三门峡,2017-01-21,80,71~108,良,47,108.8,38.3,1.554,50.9,85,0
三门峡,2017-01-22,88,69~122,良,57.6,124,45.3,2.021,65.4,56,0
三门峡,2017-01-23,170,77~249,中度污染,128.8,189.3,72.3,2.083,57.9,90,0
三门峡,2017-01-24,259,228~298,重度污染,208.5,266.4,62.5,2.513,59.5,69,0
三门峡,2017-01-25,268,165~320,重度污染,219,274.9,62.3,2.688,55.7,114,0
三门峡,2017-01-26,375,300~500,严重污染,185.7,439.5,33.1,1.971,43.3,95,0
三门峡,2017-01-27,170,114~308,中度污染,106.9,230.1,38.5,1.796,35.8,86,0
三门峡,2017-01-28,159,0~215,中度污染,120.7,186.3,43.3,1.617,28.2,71,0
三门峡,2017-01-29,125,52~254,轻度污染,68.9,156.3,33.4,1.388,26.1,81,0
三门峡,2017-01-30,86,53~131,良,46.2,121.4,33.4,1.204,20.7,70,0
三门峡,2017-01-31,90,73~119,良,66.4,112,37.6,1.413,27.8,67,0
