东营,2013-12-02,190,169~213,中度污染,161.4,244.9,196.7,2.05,78,45,77
东营,2013-12-03,274,218~346,重度污染,295.4,415.6,189.7,3.941,115.1,35,91
东营,2013-12-04,343,283~371,严重污染,213.9,304.4,226.6,2.578,96.4,86,102
东营,2013-12-05,208,105~283,重度污染,99.6,211.3,102.6,1.225,56.3,52,70
东营,2013-12-06,95,75~123,良,93.1,160.3,117,1.056,82.3,55,35
东营,2013-12-07,202,132~273,重度污染,225.4,338.2,236.7,0.795,115.8,42,64
东营,2013-12-08,333,282~357,严重污染,263.3,358.8,114.6,0.609,81,12,93
东营,2013-12-09,234,87~359,重度污染,59.5,128.5,57.4,0.805,41,64,76
东营,2013-12-10,91,69~135,良,83.8,178.9,135.5,1.214,64,269,39
东营,2013-12-11,93,70~114,良,31.8,91,87.6,0.673,44.9,67,42
东营,2013-12-12,98,70~115,良,69.5,164.9,114.2,1.195,57.8,154,46
东营,2013-12-13,80,66~104,良,53.5,105.1,111.3,0.857,65.3,73,30
东营,2013-12-14,128,80~166,轻度污染,115,197.5,156,1.671,80.1,46,56
东营,2013-12-15,147,100~186,轻度污染,76.8,144.8,98.1,1.704,72.2,51,68
东营,2013-12-16,102,84~132,轻度污染,100.2,156.8,100.4,1.138,60.8,40,54
东营,2013-12-17,140,106~165,轻度污染,82.1,121,78.4,1.005,48.2,82,80
东营,2013-12-18,70,57~105,良,39.5,57.3,60.8,0.976,32.7,63,53
东营,2013-12-19,92,58~107,良,79.6,121.1,85.7,1.505,54.1,66,46
东营,2013-12-20,97,89~107,良,70.7,116.7,97,1.482,68.2,72,42
东营,2013-12-21,95,89~112,良,81.2,122.6,115.3,1.832,91.8,45,38
东营,2013-12-22,144,113~179,轻度污染,139,193.9,145.8,1.71,116.9,68,65
东营,2013-12-23,246,185~305,重度污染,256.8,345,306.5,2.432,121.7,17,88
东营,2013-12-24,283,230~311,重度污染,177.3,187.9,49.4,1.575,48.1,72,85
东营,2013-12-25,218,175~317,重度污染,261.3,338.7,225.7,2.548,113.5,15,61
东营,2013-12-26,277,102~367,重度污染,78.3,148,62.6,0.904,44.1,68,82
东营,2013-12-27,69,66~87,良,48.7,85.2,74,1.132,53.7,115,27
东营,2013-12-28,87,72~94,良,67.7,112.2,87.7,1.167,59.3,66,40
东营,2013-12-29,94,85~108,良,82.6,162,172.9,1.43,70.2,59,43
东营,2013-12-30,134,112~154,轻度污染,118.8,240,195.5,1.81,83,60,77
东营,2013-12-31,159,148~167,中度污染,109.8,280.5,161.8,1.929,72.9,116,115
东营,2014-01-01,167,153~173,中度污染,109,259.5,170.2,1.883,72.1,64,157
东营,2014-01-02,154,130~223,中度污染,126.3,247.4,211.9,2.057,87.7,54,109
东营,2014-01-03,152,43~283,中度污染,105.1,200.9,117.3,1.65,62.1,63,91
东营,2014-01-04,86,48~173,良,59,97.5,80.3,1.068,52.7,51,50
东营,2014-01-05,155,103~260,中度污染,118.3,196.9,133.5,2.1,66.4,50,94
东营,2014-01-06,187,121~293,中度污染,143.3,221,81.7,1.662,60.7,62,102
东营,2014-01-07,285,102~387,重度污染,236.2,320.6,107.1,2.64,77.7,50,167
东营,2014-01-08,44,35~55,优,16.3,43.7,29.4,0.622,22.5,66,40
东营,2014-01-09,91,56~127,良,66.2,118.8,119.5,1.35,62.5,66,120
东营,2014-01-10,187,94~277,中度污染,146.8,232.7,204.8,1.935,91.1,28,144
东营,2014-01-11,322,146~500,严重污染,269.9,385.3,203.6,2.745,112.7,60,175
东营,2014-01-12,138,37~315,轻度污染,98.2,155.8,78.6,1.356,57.5,79,85
东营,2014-01-13,79,51~119,良,55,98.4,84.9,1.215,54.1,107,78
东营,2014-01-14,214,127~287,重度污染,166.1,274.5,189.5,2.38,91,42,157
东营,2014-01-15,348,276~479,严重污染,296.8,419.1,216.3,2.635,100.3,75,174
东营,2014-01-16,250,176~304,重度污染,200.2,291.3,122.9,2.133,92.2,43,150
东营,2014-01-17,179,106~251,中度污染,131.6,197.1,69.6,1.643,52.9,52,104
东营,2014-01-18,231,123~403,重度污染,179.8,252.5,104.6,2.039,68,58,129
东营,2014-01-19,303,161~450,严重污染,255.3,361,176.4,2.748,95.4,32,155
东营,2014-01-20,206,63~458,重度污染,130.1,272.2,70.5,1.614,49.7,92,119
东营,2014-01-21,59,43~81,良,27.3,66.1,45.5,0.993,37.9,70,31
东营,2014-01-22,110,97~141,轻度污染,79.3,157.1,134.2,1.815,67.4,65,117
东营,2014-01-23,136,119~161,轻度污染,100.9,192.1,119.6,1.7,72,58,124
东营,2014-01-24,213,175~283,重度污染,163.5,252.8,138.3,2.208,81.7,21,150
东营,2014-01-25,70,46~146,良,33.2,79.2,32.2,0.722,19.3,81,48
东营,2014-01-26,65,48~85,良,29.7,78,85.4,0.9,32.3,69,64
东营,2014-01-27,95,63~143,良,67.5,132.6,120.1,1.636,51,74,100
东营,2014-01-28,67,39~146,良,33,78.6,65.1,0.825,25.1,73,54
东营,2014-01-29,111,64~203,轻度污染,78.1,148.7,113,1.505,42.8,98,103
东营,2014-01-30,169,72~239,中度污染,126.1,206.5,92.7,1.718,41.8,83,106
东营,2014-01-31,240,103~280,重度污染,191.5,275.3,108.7,1.961,34.7,57,117
东营,2014-02-01,69,31~166,良,45.2,81.4,31.7,1.035,19.1,52,44
东营,2014-02-02,138,58~226,轻度污染,101.5,158.5,74,2.009,29,73,88
东营,2014-02-03,61,37~93,良,15.4,72.8,36.2,0.745,15.7,87,68
东营,2014-02-04,47,37~59,优,14.2,47,41.9,0.933,13.7,82,61
东营,2014-02-05,45,32~57,优,19.2,44.7,68.2,0.795,15.7,80,79
东营,2014-02-06,49,35~68,优,31.6,49.3,58.2,1.011,17.8,81,96
东营,2014-02-07,38,35~43,优,11.3,32.7,26,0.767,21.3,64,49
东营,2014-02-08,68,42~99,良,45.3,75.5,60.5,1.333,33.3,66,97
东营,2014-02-09,43,34~93,优,15.4,37.6,28.3,0.625,11.6,79,69
东营,2014-02-10,44,31~68,优,19.4,41,41.9,0.752,25,85,60
东营,2014-02-11,89,33~210,良,64,95.7,151.7,1.13,50,90,101
东营,2014-02-12,145,94~207,轻度污染,109.8,157.8,145,1.692,61.8,100,143
东营,2014-02-13,91,55~203,良,63.7,99.7,42.1,0.974,29.2,99,87
东营,2014-02-14,148,55~264,轻度污染,111.8,171.1,140.9,1.575,65.6,99,118
东营,2014-02-15,260,219~291,重度污染,209.9,294.1,164.8,2.063,78.4,96,168
东营,2014-02-16,244,169~283,重度污染,194.5,270.7,105.2,1.833,57.6,98,169
东营,2014-02-17,86,47~144,良,53.4,97.5,46.1,1.022,22.6,93,103
东营,2014-02-18,51,38~59,良,26.1,52.5,26.7,0.775,22.8,88,67
东营,2014-02-19,69,53~100,良,47.3,77.8,33.2,0.952,34.3,99,76
东营,2014-02-20,100,62~122,良,74.2,115.2,47.9,1.118,37.4,119,93
东营,2014-02-21,192,152~251,中度污染,147.5,238.8,131.5,1.773,64.2,90,146
东营,2014-02-22,174,85~230,中度污染,133.2,206.6,104.7,1.6,55,136,132
东营,2014-02-23,184,83~266,中度污染,143.6,223.7,143.7,1.743,69.8,115,127
东营,2014-02-24,216,178~284,重度污染,166.8,258.1,158.3,1.896,70.8,105,145
东营,2014-02-25,196,128~242,中度污染,151.5,225.6,130.6,1.63,54.4,126,138
东营,2014-02-26,195,124~246,中度污染,149,226.7,144.2,1.863,67.7,151,157
东营,2014-02-27,111,41~361,轻度污染,78.6,117.5,41.1,1.238,30.9,87,96
东营,2014-02-28,52,41~60,良,15,54.6,25.8,0.586,20.3,87,61
东营,2014-03-01,91,82~106,良,66.5,127.5,84.6,1.047,51.5,103,136
东营,2014-03-02,154,89~242,中度污染,116.7,200.3,143,1.717,84.4,95,151
东营,2014-03-03,190,105~285,中度污染,145.9,254.1,140,1.683,76.2,107,169
东营,2014-03-04,111,72~141,轻度污染,82.9,133.7,61.9,1.287,37.1,111,152
东营,2014-03-05,110,72~194,轻度污染,82,117.5,49.5,0.895,40.4,110,144
东营,2014-03-06,93,44~152,良,63.2,109.3,70.1,1.188,50.7,96,119
东营,2014-03-07,118,46~218,轻度污染,85.5,151.5,115.2,1.243,66.5,62,132
东营,2014-03-08,195,103~248,中度污染,149.2,224.6,115.3,1.67,82.1,66,174
东营,2014-03-09,175,42~288,中度污染,133,200,72,1.443,51.3,109,137
东营,2014-03-10,175,47~261,中度污染,133.5,222.6,120.7,1.65,62.6,130,144
东营,2014-03-11,179,125~226,中度污染,134.4,240,107.4,1.929,60.2,198,163
东营,2014-03-12,88,48~190,良,42.5,114.6,42.1,0.986,22.7,103,81
东营,2014-03-13,87,59~162,良,55.5,118.2,87.9,1.17,59.1,101,117
东营,2014-03-14,100,68~157,轻度污染,51.5,149,83.6,1.278,59.6,95,114
东营,2014-03-15,144,103~182,轻度污染,81.1,235.6,121,1.571,73.9,125,162
东营,2014-03-16,178,143~231,中度污染,131.7,284.5,94.8,1.717,85.7,139,175
东营,2014-03-17,255,117~500,重度污染,117.7,376.4,92.5,1.548,65.1,146,143
东营,2014-03-18,165,64~500,中度污染,56.7,223.6,30.7,1.032,24.1,138,88
东营,2014-03-19,68,61~87,良,42,84.8,31.6,0.932,32.3,117,44
东营,2014-03-20,72,46~107,良,35.5,90,40.8,1.071,39.9,107,85
东营,2014-03-21,116,92~150,轻度污染,65.5,181.3,115.1,1.379,70.4,112,170
东营,2014-03-22,136,116~161,轻度污染,88.1,218.8,117,1.575,80.1,152,172
东营,2014-03-23,174,120~217,中度污染,130.7,248.6,90.6,1.526,69.7,158,171
东营,2014-03-24,169,107~337,中度污染,118.4,261.6,119.4,1.885,84.4,169,167
东营,2014-03-25,229,162~309,重度污染,175.1,337.7,119.1,2.121,114.6,167,175
东营,2014-03-26,285,206~459,重度污染,217,363.6,137.2,2.436,99.4,224,176
东营,2014-03-27,260,108~420,重度污染,191.6,354.6,125,2.032,99.9,203,170
东营,2014-03-28,117,79~169,轻度污染,79.5,172.1,81.7,1.2,51.6,137,135
东营,2014-03-29,94,60~138,良,65,123.3,27.9,0.871,34.9,132,101
东营,2014-03-30,151,91~260,中度污染,111.4,224.9,74.8,1.374,78.1,207,153
东营,2014-03-31,173,101~247,中度污染,126.5,265.2,81.3,1.514,61,180,177
东营,2014-04-01,127,105~175,轻度污染,85.8,191.8,123.1,1.459,60.9,216,156
东营,2014-04-02,158,96~250,中度污染,99.5,260.9,117.7,1.608,75.8,217,176
东营,2014-04-03,87,57~181,良,25.9,123.2,14.5,0.632,19.1,123,114
东营,2014-04-04,139,68~425,轻度污染,46.9,204,73.1,0.965,48.4,140,138
东营,2014-04-05,88,68~124,良,24.3,124.1,31.5,0.596,22.1,103,110
东营,2014-04-06,113,82~131,轻度污染,55.3,174.3,85.6,1.186,62.6,131,163
东营,2014-04-07,136,118~163,轻度污染,82.6,220.4,104.4,1.322,78.6,173,171
东营,2014-04-08,161,110~331,中度污染,113.8,259.8,134,1.646,77.3,247,152
东营,2014-04-09,152,114~187,中度污染,103.5,247.8,86.3,1.521,57.3,220,156
东营,2014-04-10,98,81~118,良,60.5,141.9,25.4,0.921,24.2,142,103
东营,2014-04-11,98,66~154,良,72.5,131.2,46,0.932,38,129,118
东营,2014-04-12,111,70~206,轻度污染,82.3,146.8,71.6,1.024,48.4,99,130
东营,2014-04-13,127,68~194,轻度污染,93.9,164.6,82.4,1.023,46.6,174,139
东营,2014-04-14,185,69~370,中度污染,141.9,252,183.5,1.646,83,196,161
东营,2014-04-15,145,93~237,轻度污染,78.9,214.9,35,0.983,43,110,160
东营,2014-04-16,94,74~127,良,45.7,131,54.3,0.913,36.2,184,141
东营,2014-04-17,77,44~138,良,45.8,93.8,54.7,0.85,32.7,109,81
东营,2014-04-18,69,48~82,良,42.5,85.5,31.7,0.714,21.3,136,87
东营,2014-04-19,72,61~89,良,28.7,88.1,19,0.722,26.6,124,128
东营,2014-04-20,98,78~116,良,61.2,141.6,87.9,1.067,54.5,189,149
东营,2014-04-21,106,84~146,轻度污染,68.4,151,67.6,1.139,61.7,196,149
东营,2014-04-22,127,85~210,轻度污染,88.9,185.9,84.7,1.304,66,185,158
东营,2014-04-23,146,96~235,轻度污染,99.4,217.9,96.5,1.4,64.5,181,164
东营,2014-04-24,103,90~124,轻度污染,54.4,151,64.7,1.065,39,198,143
东营,2014-04-25,92,68~119,良,48.3,131.1,63.7,0.913,27.1,145,133
东营,2014-04-26,59,56~63,良,27.9,57,28.1,0.691,17.5,112,93
东营,2014-04-27,53,46~61,良,14.2,31.1,10.4,0.6,10.3,114,62
东营,2014-04-28,72,49~104,良,31.7,88.1,34.2,1.009,28.7,132,94
东营,2014-04-29,107,72~144,轻度污染,53.1,144.3,50.6,1.109,61.2,235,136
东营,2014-04-30,152,119~214,中度污染,100.8,227.9,97.9,1.425,83.8,252,175
东营,2014-05-01,138,110~182,轻度污染,93.3,214,100.8,1.533,59,221,155
东营,2014-05-02,94,62~201,良,47.2,130.7,30.7,0.858,25.6,127,107
东营,2014-05-03,114,72~156,轻度污染,59.7,176.3,108.2,1.367,62,152,158
东营,2014-05-04,93,66~161,良,35.8,134.5,16.5,0.688,17.9,119,143
东营,2014-05-05,86,52~142,良,43.1,120.3,57.9,0.971,40,132,126
东营,2014-05-06,124,56~371,轻度污染,52.7,187.6,78.1,0.917,38.6,171,150
东营,2014-05-07,122,103~144,轻度污染,66.2,183.4,47.5,0.877,27.8,191,167
东营,2014-05-08,82,58~106,良,48,93.3,66.4,0.787,30,167,86
东营,2014-05-09,92,67~138,良,40,132.3,42.5,0.78,26.2,167,121
东营,2014-05-10,89,62~133,良,35.5,113.9,28.6,0.579,21.9,187,153
东营,2014-05-11,63,55~73,良,20.6,41.8,22.2,0.564,16.8,130,126
东营,2014-05-12,82,52~105,良,46,103.9,72.7,1,36.3,156,121
东营,2014-05-13,108,80~130,轻度污染,65.7,159,122.9,1.083,64.3,183,151
东营,2014-05-14,107,64~189,轻度污染,54,163.2,43.3,0.775,38.8,124,134
东营,2014-05-15,121,77~165,轻度污染,67,190.9,96,0.881,39.9,132,164
东营,2014-05-16,131,113~146,轻度污染,79.5,211.2,103.5,1.164,44.7,205,161
东营,2014-05-17,91,65~118,良,44.3,108.6,40.7,0.661,31.4,152,110
东营,2014-05-18,103,65~151,轻度污染,46.3,116.4,88.1,0.895,41,293,131
东营,2014-05-19,137,81~171,轻度污染,100.5,205.5,76.6,1.505,47.2,191,158
东营,2014-05-20,145,112~199,轻度污染,106.3,226.5,77.8,1.429,41.1,248,159
东营,2014-05-21,186,125~214,中度污染,131.9,269.5,103.5,1.652,46.7,293,173
东营,2014-05-22,165,105~267,中度污染,91.4,226.2,98.6,1.118,55.9,354,159
东营,2014-05-23,196,82~302,中度污染,52.8,291,66.9,1.033,45.3,216,179
东营,2014-05-24,63,53~76,良,33.3,73.8,29.2,0.863,29.9,86,109
东营,2014-05-25,138,70~182,轻度污染,87.7,214.8,51.3,0.979,35.3,113,146
东营,2014-05-26,113,77~174,轻度污染,47.5,169.4,58,0.645,33,176,117
东营,2014-05-27,167,75~500,中度污染,60.6,244.5,105.5,1.053,42.8,167,133
东营,2014-05-28,79,42~112,良,23.4,76.3,45.7,0.66,36.7,186,83
东营,2014-05-29,141,81~203,轻度污染,74.6,200.1,101.4,1.169,58.8,318,143
东营,2014-05-30,180,134~217,中度污染,115.1,254.6,149.9,1.518,68.9,311,165
东营,2014-05-31,194,164~237,中度污染,128.7,281.6,107.8,1.575,48.6,324,177
东营,2014-06-01,84,57~146,良,47,105.1,28.7,0.687,19.3,177,116
东营,2014-06-02,84,60~186,良,28.9,75.9,15.9,0.557,10.1,159,137
东营,2014-06-03,87,64~112,良,23.5,54.2,16.9,0.54,15.7,187,149
东营,2014-06-04,71,59~111,良,29.4,59.2,45.6,0.668,17.1,151,93
东营,2014-06-05,75,56~101,良,42.6,82.2,54.3,0.779,23.1,180,94
东营,2014-06-06,124,93~164,轻度污染,74.1,143.7,82.4,0.956,29.4,234,149
东营,2014-06-07,81,56~103,良,34.1,72.8,23.6,0.771,19.8,176,121
东营,2014-06-08,103,72~152,轻度污染,56.1,124.1,55.8,1.105,38.3,237,134
东营,2014-06-09,71,57~111,良,35.5,68.9,21,0.695,20.4,129,107
东营,2014-06-10,94,63~160,良,67,119.8,34.8,0.971,22.7,167,139
东营,2014-06-11,73,53~92,良,42.9,84.6,14.4,0.72,15.7,165,104
东营,2014-06-12,113,83~143,轻度污染,49.4,105.6,27.9,0.905,25.7,244,144
东营,2014-06-13,77,49~92,良,34.4,81.5,53.8,0.795,29.6,168,75
东营,2014-06-14,83,40~122,良,33.9,79.7,57,0.689,32.5,230,72
东营,2014-06-15,118,72~149,轻度污染,83.7,152.6,90.6,1.071,36,241,124
东营,2014-06-16,163,121~219,中度污染,123.4,201.1,72,1.535,36.4,162,163
东营,2014-06-17,76,56~137,良,42.5,85.3,35.8,0.986,24.9,122,103
东营,2014-06-18,127,59~208,轻度污染,90.9,150.3,62,1.376,37.2,226,150
东营,2014-06-19,175,100~233,中度污染,129.2,212,54.3,1.447,30,179,178
东营,2014-06-20,65,46~96,良,32.6,62.4,17.5,0.829,19.4,128,121
东营,2014-06-21,66,61~74,良,41.8,78.5,16.7,0.725,18.4,116,122
东营,2014-06-22,63,54~83,良,33.5,69.5,15.5,0.659,15.5,121,100
东营,2014-06-23,85,54~125,良,37.1,81.3,32.8,1.17,22.3,215,129
东营,2014-06-24,88,67~106,良,39.9,95.9,54,1.115,30.4,174,125
东营,2014-06-25,111,71~175,轻度污染,73.4,154.9,47.9,1.318,37.7,172,164
东营,2014-06-26,140,75~186,轻度污染,102.5,193.3,67,1.568,39.8,276,174
东营,2014-06-27,98,55~181,良,53,114.8,47.5,0.877,24.9,142,147
东营,2014-06-28,101,47~140,轻度污染,39.9,103,94.2,1.239,45.9,245,139
东营,2014-06-29,148,115~177,轻度污染,84.7,185.5,85.7,1.343,39.1,253,170
东营,2014-06-30,108,71~150,轻度污染,43.8,103.6,45.4,0.795,33.7,246,143
东营,2014-07-01,131,70~243,轻度污染,85.8,191.3,81.8,1.376,45.5,252,152
东营,2014-07-02,96,69~130,良,61,124.2,36.2,1.082,30.9,171,156
东营,2014-07-03,88,54~142,良,44.1,86.5,40.4,0.918,26.7,211,122
东营,2014-07-04,94,72~131,良,58.9,129.7,56.6,1.405,43.3,169,141
东营,2014-07-05,99,78~118,良,57.2,126.8,58,1.2,33.7,205,159
东营,2014-07-06,66,39~82,良,17.8,53.6,43,0.7,22.1,142,109
东营,2014-07-07,97,62~141,良,27.9,74.8,41.5,0.886,27.4,236,138
东营,2014-07-08,144,67~285,轻度污染,86.6,197.1,64,1.348,36.8,288,156
东营,2014-07-09,77,54~139,良,31.1,90,63.2,1.586,42.2,166,122
东营,2014-07-10,79,61~111,良,44.3,103,62.6,1.132,38.3,170,116
东营,2014-07-11,130,91~198,轻度污染,82.6,147.1,107.5,1.319,43,276,149
东营,2014-07-12,185,78~273,中度污染,135.5,246.4,56.3,1.519,27.5,205,180
东营,2014-07-13,140,100~186,轻度污染,81.5,155.2,63.4,1.286,33.9,265,182
东营,2014-07-14,138,94~182,轻度污染,64.5,147.8,83.3,1.259,45.5,254,176
东营,2014-07-15,91,52~120,良,36.4,70.4,30.5,0.75,20.2,189,146
东营,2014-07-16,124,89~169,轻度污染,71.4,150.9,56.7,1.181,34.2,275,176
东营,2014-07-17,139,90~187,轻度污染,92.5,179.3,71.8,1.346,37.8,307,181
东营,2014-07-18,133,90~183,轻度污染,84.3,168.1,78.6,1.3,41.4,290,175
东营,2014-07-19,117,86~146,轻度污染,73.6,138.6,69.8,0.99,32.7,223,171
东营,2014-07-20,102,74~143,轻度污染,51.7,111.3,85.6,1.162,42,234,162
东营,2014-07-21,106,74~143,轻度污染,53,119.5,60.2,1.079,26.4,222,169
东营,2014-07-22,54,43~86,良,20.8,45.6,19.9,0.75,14.5,136,72
东营,2014-07-23,71,34~100,良,39.3,91.3,37.9,1.25,41.9,173,122
东营,2014-07-24,79,41~118,良,44.7,100.5,36.7,1.038,25.7,110,123
东营,2014-07-25,54,48~61,良,12.7,29.8,13.9,0.591,10.3,123,84
东营,2014-07-26,124,61~173,轻度污染,83,151.8,90.5,1.443,41.9,262,145
东营,2014-07-27,181,135~204,中度污染,119.7,211.3,79,1.87,54.7,304,184
东营,2014-07-28,164,126~189,中度污染,108,178.2,75,1.665,43.5,272,179
东营,2014-07-29,140,106~165,轻度污染,93.5,163.6,58.4,1.445,31.1,244,173
东营,2014-07-30,85,68~110,良,61,108,39.7,1.045,22.5,164,148
东营,2014-07-31,91,61~231,良,59.4,112,46.9,0.867,22.7,169,138
东营,2014-08-01,50,34~62,优,23.9,51.1,37.8,0.68,18.3,106,93
东营,2014-08-02,39,21~59,优,13.5,38.9,28.2,0.559,19.1,60,45
东营,2014-08-03,71,24~117,良,39,76.1,47.7,1.09,27.6,207,93
东营,2014-08-04,95,58~171,良,48,101.7,58.9,1.096,27.3,204,123
东营,2014-08-05,44,35~56,优,13.5,32.7,23,0.848,17,116,48
东营,2014-08-06,73,53~103,良,36.5,81.5,31.5,1.252,33,188,129
东营,2014-08-07,88,71~109,良,38.2,89.9,22.3,1.017,29.1,186,167
东营,2014-08-08,78,61~100,良,35.7,64.3,13.5,0.886,15.8,169,142
东营,2014-08-09,106,65~152,轻度污染,59.2,115,56.6,1.148,37.2,239,173
东营,2014-08-10,113,70~144,轻度污染,72,130,41.7,1.095,27.4,212,171
东营,2014-08-11,141,80~184,轻度污染,92.6,168.3,62.5,1.586,36.8,247,169
东营,2014-08-12,108,63~156,轻度污染,41.4,90.3,44,1.335,37.5,237,156
东营,2014-08-13,97,70~126,良,59.9,116.5,55.1,1.414,41.5,188,171
东营,2014-08-14,106,65~149,轻度污染,53.5,105.6,37.5,1.425,31.3,230,179
东营,2014-08-15,142,87~189,轻度污染,83.7,149.2,80.2,1.545,42.2,282,180
东营,2014-08-16,161,126~207,中度污染,117.1,213,94.8,1.657,59.1,275,184
东营,2014-08-17,101,71~137,轻度污染,69.5,125.4,56.4,1.209,28.9,210,170
东营,2014-08-18,90,61~125,良,56.5,102.3,33.2,1.195,28.2,207,156
东营,2014-08-19,92,63~132,良,46,87,47.2,1.341,35.1,217,151
东营,2014-08-20,154,81~206,中度污染,98.1,168.7,92.7,1.767,57.5,315,177
东营,2014-08-21,141,95~202,轻度污染,98.6,175,85.3,1.518,55.8,299,165
东营,2014-08-22,160,121~195,中度污染,101.3,188.2,87.2,1.675,52.6,283,180
东营,2014-08-23,130,101~167,轻度污染,94.9,177.9,79,1.681,56.9,228,172
东营,2014-08-24,74,42~133,良,47.2,80.1,35.2,1.148,22.8,125,124
东营,2014-08-25,74,41~108,良,28.5,59.4,31.6,1.222,20.3,176,126
东营,2014-08-26,107,48~177,轻度污染,45.5,100.2,65.9,1.274,49,292,143
东营,2014-08-27,133,79~184,轻度污染,75.3,161.4,120.5,1.552,78.7,256,181
东营,2014-08-28,129,92~160,轻度污染,83,155.5,68.6,1.405,42.4,232,182
东营,2014-08-29,128,96~185,轻度污染,81.2,158.7,82.2,1.486,52.6,275,181
东营,2014-08-30,107,65~195,轻度污染,60.3,126.1,77.1,1.23,44.3,230,161
东营,2014-08-31,105,63~164,轻度污染,74.1,129.1,66.7,1.355,35.5,185,169
东营,2014-09-01,77,58~100,良,40.3,83.8,57.6,0.977,32.7,199,148
东营,2014-09-02,72,40~106,良,43,87,61.2,1.138,39,91,146
东营,2014-09-03,50,33~73,优,20.9,44,24.2,0.852,22.2,132,105
东营,2014-09-04,97,63~146,良,58.5,122.9,127.4,1.74,70.8,200,156
东营,2014-09-05,123,88~166,轻度污染,73.8,149.9,70.6,1.514,70.2,288,164
东营,2014-09-06,142,89~195,轻度污染,102.3,179,73.5,1.604,45.5,263,172
东营,2014-09-07,146,100~220,轻度污染,110.1,203,89.4,1.826,59.2,163,172
东营,2014-09-08,117,42~200,轻度污染,75.8,143.3,41.5,1.261,28.5,128,129
东营,2014-09-09,54,31~86,良,13.4,42.2,30.2,0.871,28.1,166,75
东营,2014-09-10,73,52~98,良,25.7,69.8,36.1,0.817,40,154,113
东营,2014-09-11,83,43~113,良,40.1,102.4,95,1.155,55.7,215,145
东营,2014-09-12,79,52~120,良,36.2,86.1,33.9,0.954,36.2,162,161
东营,2014-09-13,82,48~131,良,31.7,77.4,48.9,0.904,34.2,224,149
东营,2014-09-14,95,45~137,良,64.1,133.6,84.6,1.325,51.8,143,159
东营,2014-09-15,54,40~82,良,21.6,56.3,33.1,0.957,27.3,149,117
东营,2014-09-16,77,51~108,良,47.9,102.2,60.5,1.2,49.6,110,158
东营,2014-09-17,51,40~71,良,30.6,52.5,24.6,0.805,28.1,100,105
东营,2014-09-18,75,62~89,良,47.8,92.9,45.2,1.083,35.8,174,149
东营,2014-09-19,145,98~216,轻度污染,109.2,190.7,103,1.5,57.2,254,183
东营,2014-09-20,112,80~139,轻度污染,83.1,161.8,72,1.374,56,193,169
东营,2014-09-21,115,76~148,轻度污染,82.1,160.9,60.5,1.405,45.7,157,169
东营,2014-09-22,123,57~206,轻度污染,84.7,161.6,74.2,1.423,45.4,284,153
东营,2014-09-23,90,66~119,良,54.4,101.8,50,1.061,25.9,190,155
东营,2014-09-24,52,41~69,良,22.4,45.8,12.6,0.713,14.1,109,72
东营,2014-09-25,56,38~71,良,27.3,59.7,28.4,0.99,28.8,127,48
东营,2014-09-26,141,50~287,轻度污染,101.9,172.1,69.9,1.417,46.6,207,131
东营,2014-09-27,149,60~233,轻度污染,110.8,188,50.6,1.557,44.4,131,155
东营,2014-09-28,78,52~110,良,52.6,102.4,28.8,1.068,27.3,111,120
东营,2014-09-29,57,36~89,良,27.6,63.8,20,0.825,17.5,131,95
东营,2014-09-30,36,29~44,优,10.4,33.4,15.5,0.595,14.4,95,37
东营,2014-10-01,74,41~142,良,49.2,90.7,46.6,1.078,46,185,124
东营,2014-10-02,109,62~143,轻度污染,81.6,118.1,40.3,1.457,31.2,100,150
东营,2014-10-03,52,36~67,良,26.5,51.1,23.2,0.935,27.7,107,43
东营,2014-10-04,76,44~136,良,52.3,91.8,66.4,1.18,50.4,80,109
东营,2014-10-05,86,48~126,良,60.2,102.3,36.7,1.543,37.8,131,119
东营,2014-10-06,56,45~75,良,30.8,58,32,1.109,34.7,114,46
东营,2014-10-07,121,59~154,轻度污染,90.8,151,82,1.482,66.4,210,141
东营,2014-10-08,160,72~229,中度污染,120.1,201,66.8,1.624,69,176,145
东营,2014-10-09,133,95~213,轻度污染,99,177.5,85.9,1.573,68.3,256,140
东营,2014-10-10,109,80~147,轻度污染,81.7,140.9,59.6,1.123,48,181,128
东营,2014-10-11,106,78~165,轻度污染,77.4,137.1,67.4,1.195,54.1,219,125
东营,2014-10-12,122,35~217,轻度污染,72.7,141.1,25.1,1.057,24.2,105,128
东营,2014-10-13,44,34~60,优,10.8,43.1,21,0.741,19.3,81,31
东营,2014-10-14,73,53~108,良,43.3,93.1,67.4,1.445,63.5,149,64
东营,2014-10-15,134,71~175,轻度污染,86.3,193.5,85.3,1.559,66.3,125,137
东营,2014-10-16,65,49~93,良,27,77.3,43,1.055,49.6,154,51
东营,2014-10-17,140,100~222,轻度污染,97.4,220.2,98.5,1.723,90,208,147
东营,2014-10-18,203,109~264,重度污染,158.1,279.4,96,1.9,79.9,215,164
东营,2014-10-19,84,54~142,良,54,112,49.3,1.295,49,89,94
东营,2014-10-20,88,45~157,良,61.6,106.1,34.2,1.221,33.8,92,92
东营,2014-10-21,60,44~71,良,29.8,67.7,20.7,0.896,17.2,106,57
东营,2014-10-22,71,55~97,良,45.7,86.5,30.3,1.048,50.5,133,65
东营,2014-10-23,158,77~213,中度污染,119.3,201.7,77.9,1.886,69.8,173,153
东营,2014-10-24,134,90~185,轻度污染,96,173.5,75.6,1.646,55.6,139,140
东营,2014-10-25,98,86~115,良,66.8,138.6,75.6,1.368,60.8,152,108
东营,2014-10-26,115,51~202,轻度污染,64,147.4,35.1,1.263,42.2,83,106
东营,2014-10-27,51,36~66,良,12.3,53.1,21.4,0.883,20,101,27
东营,2014-10-28,57,33~86,良,30.9,64.8,27.2,1.041,51,116,50
东营,2014-10-29,101,67~158,轻度污染,73.9,138.1,50,1.341,70.4,78,140
东营,2014-10-30,75,43~97,良,51.9,89.7,40.5,1.132,39.4,73,103
东营,2014-10-31,45,31~61,优,25.9,46.3,17.5,0.882,20.9,75,45
东营,2014-11-01,104,52~240,轻度污染,74.2,118.5,29.8,1.518,42,73,114
东营,2014-11-02,77,47~124,良,36.5,92.4,29.8,1.029,38.5,87,132
东营,2014-11-03,88,74~109,良,51.9,121.6,71.2,1.204,60.7,87,157
东营,2014-11-04,137,98~186,轻度污染,100.6,193.5,114.8,1.991,81.4,142,169
东营,2014-11-05,137,109~179,轻度污染,103.4,187.6,83.7,1.6,76.5,87,154
东营,2014-11-06,84,31~189,良,45,97.6,42.2,0.995,29.8,71,77
东营,2014-11-07,42,31~56,优,16.7,41.6,19,0.965,30.7,75,27
东营,2014-11-08,70,42~121,良,46.4,80.7,54.3,1.077,54.5,63,94
东营,2014-11-09,159,128~224,中度污染,120.8,183.4,77,1.65,76.1,123,161
东营,2014-11-10,254,146~392,重度污染,205,285.8,120.1,2.183,113.8,145,177
东营,2014-11-11,193,69~290,中度污染,143.5,227.2,80.2,1.933,79.8,75,154
东营,2014-11-12,68,54~96,良,17.1,83.5,20.5,0.857,29.6,94,98
东营,2014-11-13,74,54~106,良,40.7,95.1,62,1.196,60,77,109
东营,2014-11-14,142,57~251,轻度污染,106.1,177,115.8,2,85.6,89,141
东营,2014-11-15,184,126~299,中度污染,138.3,208.5,94,2.525,91.2,56,170
东营,2014-11-16,203,156~293,重度污染,157,194.4,64.2,1.913,56.7,65,173
东营,2014-11-17,88,32~234,良,59.3,93.6,51.8,1.371,53.4,71,58
东营,2014-11-18,152,88~278,中度污染,114.9,176.2,147.3,2.105,96.8,72,150
东营,2014-11-19,203,179~223,重度污染,152.9,232.5,134.3,2.2,89.1,64,173
东营,2014-11-20,192,157~232,中度污染,145.1,225,100,1.958,82,113,164
东营,2014-11-21,268,216~326,重度污染,216.9,300.7,139,2.57,93,90,167
东营,2014-11-22,190,86~302,中度污染,149.8,211,34.7,2.265,57.7,97,126
东营,2014-11-23,238,144~466,重度污染,181.4,266.7,100,2.348,86,37,165
东营,2014-11-24,129,47~239,轻度污染,90.7,135.7,43.2,1.541,47.7,68,127
东营,2014-11-25,56,41~69,良,29.7,60.8,29.5,0.529,39.9,72,58
东营,2014-11-26,145,77~203,轻度污染,108.7,161.2,117.4,1.484,71.3,81,152
东营,2014-11-27,182,113~213,中度污染,136.7,192.8,70.1,1.565,65.3,44,175
东营,2014-11-28,66,39~111,良,42.3,71.7,27.8,0.883,30.1,62,77
东营,2014-11-29,121,73~191,轻度污染,87.7,138.2,59.5,1.309,52.8,62,130
东营,2014-11-30,119,68~207,轻度污染,77.6,127.2,36.9,1.209,37.4,57,149
东营,2014-12-01,82,52~192,良,22.8,112.3,34.5,0.618,24.3,91,104
东营,2014-12-02,65,54~85,良,41.6,71.5,67.8,0.764,49.5,35,83
东营,2014-12-03,73,53~99,良,37.4,88.4,54.2,0.71,47.7,63,98
东营,2014-12-04,84,58~124,良,52.8,103,60,0.9,43.4,74,131
东营,2014-12-05,72,54~108,良,43.9,84.5,52.5,0.87,47.9,62,95
东营,2014-12-06,198,104~314,中度污染,152.4,218.3,183.7,2.235,95.9,40,173
东营,2014-12-07,155,69~243,中度污染,117.2,169.5,91.8,1.688,57.5,54,144
东营,2014-12-08,119,83~163,轻度污染,89.3,124.1,65.9,1.717,54.6,61,126
东营,2014-12-09,156,105~245,中度污染,118.9,160.6,88.3,1.963,61.7,70,152
东营,2014-12-10,186,146~269,中度污染,141.7,224.2,84,1.842,63.7,63,170
东营,2014-12-11,50,28~92,良,19.8,55.2,32.3,0.574,32.1,84,39
东营,2014-12-12,90,63~119,良,59.6,112.4,70,1.033,52.4,71,119
东营,2014-12-13,106,67~153,轻度污染,76.9,138.3,101,1.196,62.6,61,132
东营,2014-12-14,156,113~195,中度污染,117.8,181.4,132.2,2.022,75.6,45,154
东营,2014-12-15,188,72~285,中度污染,137.4,233.3,117,1.83,67,41,145
东营,2014-12-16,64,38~109,良,20.8,76.3,37.3,0.75,26.6,69,73
东营,2014-12-17,86,62~115,良,58.4,114.6,101.9,1.352,61.1,72,122
东营,2014-12-18,144,119~193,轻度污染,108.5,184.3,117.3,1.65,74.7,51,160
东营,2014-12-19,124,66~181,轻度污染,87,157.9,78.4,1.43,58.9,44,137
东营,2014-12-20,46,28~72,优,21.1,47.3,38.5,0.783,31.4,52,32
东营,2014-12-21,74,44~111,良,42.7,84.5,57.9,0.883,38.4,67,83
东营,2014-12-22,98,79~128,良,71,132.9,157.6,1.471,63.1,54,113
东营,2014-12-23,192,141~233,中度污染,145.7,224.6,174.1,2.439,86,39,169
东营,2014-12-24,114,31~281,轻度污染,80.5,124.7,53.5,1.265,48.6,74,72
东营,2014-12-25,96,56~132,良,70.5,106.5,89.6,1.713,61.8,60,94
东营,2014-12-26,120,59~227,轻度污染,90.3,123.7,78.2,1.771,61,62,114
东营,2014-12-27,214,81~340,重度污染,168.8,233.8,176.3,2.378,93.8,50,153
东营,2014-12-28,321,257~411,严重污染,270.5,356.4,188.3,3.296,102.5,28,180
东营,2014-12-29,291,125~422,重度污染,246.2,356.1,205.9,3.25,99.5,43,167
东营,2014-12-30,182,42~259,中度污染,138.2,219,153.4,2.233,69.2,52,129
东营,2014-12-31,69,32~108,良,18.2,87.8,29.6,0.778,23,60,116
东营,2015-01-01,67,48~108,良,41.3,76.4,79.2,1.225,46.9,65,198
东营,2015-01-02,88,30~161,良,58,100,82.5,1.313,42.6,73,166
东营,2015-01-03,149,58~214,轻度污染,112.5,178.2,115.6,1.896,63,38,252
东营,2015-01-04,273,218~321,重度污染,222.3,318.3,207.3,2.608,101.8,51,331
东营,2015-01-05,255,54~314,重度污染,205.9,266.6,112.7,2.455,74.8,44,312
东营,2015-01-06,47,29~67,优,16.2,49.1,35.1,0.75,27.9,65,84
东营,2015-01-07,75,36~111,良,52.2,86.7,77.4,1.175,50.3,52,181
东营,2015-01-08,130,38~242,轻度污染,96,137.3,126.4,1.876,72.8,42,228
东营,2015-01-09,210,108~328,重度污染,164.9,227.2,186.1,2.896,104.9,45,302
东营,2015-01-10,219,86~342,重度污染,174.4,249.8,229.2,2.975,103.4,40,303
东营,2015-01-11,115,27~407,轻度污染,88,123.4,45.3,1.091,38,67,111
东营,2015-01-12,52,35~74,良,31.1,52.3,34.3,0.76,36.6,86,94
东营,2015-01-13,121,46~158,轻度污染,90.8,132.6,95.6,1.621,62.4,47,252
东营,2015-01-14,134,87~207,轻度污染,101.2,140.8,88.3,1.526,57.7,44,256
东营,2015-01-15,172,89~218,中度污染,129.9,165.7,46.3,1.6,42.4,33,273
东营,2015-01-16,177,65~310,中度污染,132.5,189.1,54.9,1.836,50.1,55,264
东营,2015-01-17,76,54~106,良,53.1,89.6,75.3,1.238,58.4,66,124
东营,2015-01-18,155,107~219,中度污染,112.2,209.2,102.5,1.815,61.1,52,300
东营,2015-01-19,74,41~119,良,36.3,96.3,58.3,1.196,37.8,76,120
东营,2015-01-20,109,58~130,轻度污染,73.5,151.5,104.6,1.725,51.8,72,229
东营,2015-01-21,85,40~142,良,61.1,98.1,39.6,1.196,35.2,52,139
东营,2015-01-22,84,45~172,良,60.7,87.3,79.8,1.346,54.7,74,131
东营,2015-01-23,178,122~221,中度污染,134.2,179.4,103.7,2.09,76,76,295
东营,2015-01-24,214,131~251,重度污染,166.3,214.7,62.2,1.93,57.6,50,303
东营,2015-01-25,128,91~202,轻度污染,95.8,115,29.2,1.375,29.3,47,185
东营,2015-01-26,129,34~198,轻度污染,95.2,123.2,123.6,1.645,46.8,54,170
东营,2015-01-27,42,27~57,优,20.4,41.2,35.2,0.9,24.3,60,69
东营,2015-01-28,46,27~62,优,23.2,47.3,37.1,0.978,27.8,58,135
东营,2015-01-29,109,38~192,轻度污染,79.5,110.9,100.5,1.427,47.7,46,262
东营,2015-01-30,65,28~177,良,37.2,64,42.6,1.122,33.2,62,128
东营,2015-01-31,72,41~126,良,49.8,82.8,65.7,1.558,59.4,58,182
东营,2015-02-01,108,76~136,轻度污染,80.5,115.1,90.6,1.792,72.8,74,260
东营,2015-02-02,129,80~193,轻度污染,97.1,128.9,75.4,1.517,56.1,91,258
东营,2015-02-03,180,114~291,中度污染,138,179,86.4,1.796,60.2,92,285
东营,2015-02-04,127,47~332,轻度污染,87.7,134.4,54.7,1.535,44.9,60,186
东营,2015-02-05,60,34~81,良,37.3,67,50.5,1.335,48.5,74,104
东营,2015-02-06,111,63~167,轻度污染,82.4,124.4,150.6,2.017,77.3,53,236
东营,2015-02-07,124,40~229,轻度污染,75,142.3,75.3,1.435,44.9,68,210
东营,2015-02-08,40,28~58,优,15.3,37.4,30.7,0.992,24.5,68,40
东营,2015-02-09,98,47~139,良,68.3,121.3,110.1,1.713,55.9,62,233
东营,2015-02-10,145,111~181,轻度污染,109.8,180,144.5,2.013,78.6,68,302
东营,2015-02-11,169,70~253,中度污染,129,180.9,89.5,1.874,60.6,65,276
东营,2015-02-12,96,37~206,良,64.8,93.5,62.8,1.242,40.4,78,144
东营,2015-02-13,93,29~202,良,67.3,99.9,91.3,1.591,48.7,122,155
东营,2015-02-14,197,108~256,中度污染,150.3,231.1,96,2.125,61.5,129,307
东营,2015-02-15,151,91~223,中度污染,114,160,50.9,1.629,33.9,67,271
东营,2015-02-16,152,104~207,中度污染,113.8,171.8,38.5,1.925,33.1,87,279
东营,2015-02-17,107,49~170,轻度污染,75.6,142.8,43.3,1.517,34.5,79,199
东营,2015-02-18,65,35~109,良,43.3,66,46.6,1.1,19.8,80,114
东营,2015-02-19,66,36~144,良,44,63.5,64,0.979,15.6,80,81
东营,2015-02-20,67,42~93,良,48.1,63.8,52.1,1.194,17.6,64,193
东营,2015-02-21,135,65~251,轻度污染,102.2,120,52.5,1.37,19.9,57,298
东营,2015-02-22,169,110~240,中度污染,43.8,280.5,36,0.957,14.9,73,308
东营,2015-02-23,105,85~131,轻度污染,52.3,157.8,71.9,1.195,27.7,94,284
东营,2015-02-24,139,92~191,轻度污染,103.4,199,90.4,1.627,46,88,322
东营,2015-02-25,170,109~240,中度污染,128.6,197.2,54.9,1.495,41.8,76,335
东营,2015-02-26,61,51~75,良,40.2,67.5,31.7,0.707,19.5,86,189
东营,2015-02-27,41,33~55,优,17.2,38.8,24.1,0.583,16.4,72,121
东营,2015-02-28,71,27~150,良,47,73.3,71.1,0.808,34.5,62,201
东营,2015-03-01,139,72~228,轻度污染,97,171.8,77.2,1.196,41,83,321
东营,2015-03-02,120,97~156,轻度污染,83.8,164.1,104.1,1.361,58.1,85,319
东营,2015-03-03,87,42~165,良,44.4,110.7,36.7,0.825,23.1,83,200
东营,2015-03-04,49,29~82,优,18.6,52.7,32,0.768,24.5,81,124
东营,2015-03-05,62,32~120,良,40.8,66.8,58.5,1.025,32.7,110,200
东营,2015-03-06,140,54~211,轻度污染,105.1,171.3,96,1.525,61.1,97,326
东营,2015-03-07,169,125~205,中度污染,127.1,200.2,95.5,1.517,64.7,103,345
东营,2015-03-08,172,80~233,中度污染,130.3,190.6,67.8,1.439,49.9,62,334
东营,2015-03-09,49,29~75,优,20,49,20.2,0.638,17.8,82,97
东营,2015-03-10,71,53~98,良,40,89.2,74.1,0.943,48.7,84,210
东营,2015-03-11,97,60~132,良,68.6,132.7,95,1.264,52.9,79,267
东营,2015-03-12,156,109~191,中度污染,118,218.9,106.5,1.523,69.2,77,332
东营,2015-03-13,99,55~163,良,68.8,118.5,55.9,1.008,35.3,87,233
东营,2015-03-14,98,53~148,良,61,128.2,61,1.067,47.3,89,202
东营,2015-03-15,133,91~195,轻度污染,72.8,207,67.4,1.243,49.2,105,264
东营,2015-03-16,182,108~260,中度污染,135.4,247.7,77.6,1.5,51.6,134,320
东营,2015-03-17,128,58~199,轻度污染,90.8,164.9,42.4,1.117,31.3,95,282
东营,2015-03-18,81,60~117,良,59,101.8,35,1.026,37.4,117,244
东营,2015-03-19,144,83~244,轻度污染,108.6,190.1,94.5,1.426,80.4,132,321
东营,2015-03-20,244,179~302,重度污染,190.1,322.5,110.9,2.021,96,139,358
东营,2015-03-21,180,93~295,中度污染,94.7,278.1,81.6,1.496,69.5,101,331
东营,2015-03-22,152,40~500,中度污染,36.2,214.5,51.7,0.792,40.6,81,214
东营,2015-03-23,69,42~97,良,30.5,87.5,54.1,0.763,37.2,109,179
东营,2015-03-24,110,83~150,轻度污染,79.2,155.9,82.3,1.396,63.7,120,311
东营,2015-03-25,142,110~209,轻度污染,106.2,200.9,99,1.546,67.3,134,349
东营,2015-03-26,117,97~167,轻度污染,84.9,168.2,73.6,1.246,54.5,149,321
东营,2015-03-27,120,97~181,轻度污染,87.7,176.3,71.5,1.304,55.6,153,310
东营,2015-03-28,227,115~500,重度污染,100.9,335.4,63.7,1.21,44.5,131,341
东营,2015-03-29,341,137~500,严重污染,105.6,546.2,44.7,1.065,31.3,144,348
东营,2015-03-30,191,96~272,中度污染,101.7,312.2,64.4,1.442,29.8,200,337
东营,2015-03-31,124,72~186,轻度污染,91.8,142.4,38.5,0.996,20.7,85,303
东营,2015-04-01,62,56~75,良,38.3,68,20.6,0.53,11.7,100,186
东营,2015-04-02,85,43~138,良,62.2,77,29.1,1.063,22.6,86,262
东营,2015-04-03,79,37~121,良,54.7,72.6,28.9,0.792,16.3,109,204
东营,2015-04-04,113,87~148,轻度污染,84.9,117.5,38.5,0.704,25,127,313
东营,2015-04-05,164,131~212,中度污染,123.8,180.5,57.4,1.117,33.1,146,336
东营,2015-04-06,63,43~143,良,24.6,73.5,23.2,0.504,7.3,97,203
东营,2015-04-07,51,36~63,良,26.3,53,23.1,0.508,16.2,114,196
东营,2015-04-08,101,64~132,轻度污染,74.1,128.8,60.2,0.948,42.1,126,325
东营,2015-04-09,131,87~163,轻度污染,98.6,172.3,67.2,1.157,59.9,98,348
东营,2015-04-10,160,94~238,中度污染,121,201,66.1,1.471,53.9,207,342
东营,2015-04-11,156,117~205,中度污染,116.2,200.1,60.8,1.1,40.2,155,349
东营,2015-04-12,80,35~164,良,55.4,83.5,23.3,0.795,16.6,77,197
东营,2015-04-13,67,33~96,良,46.8,72.5,20.5,0.662,14.7,119,192
东营,2015-04-14,103,73~150,轻度污染,75.9,127.2,74.9,0.974,34.5,140,286
东营,2015-04-15,139,96~211,轻度污染,95.1,199,91.9,1.396,54,172,310
东营,2015-04-16,187,57~500,中度污染,40.8,251.7,24.5,0.548,17.7,125,215
东营,2015-04-17,122,76~177,轻度污染,65,190.8,60.8,0.917,51.7,157,255
东营,2015-04-18,91,76~122,良,49.5,127.7,47.7,0.73,29.4,128,224
东营,2015-04-19,72,35~99,良,35.1,94.5,14.2,0.562,17.8,99,228
东营,2015-04-20,93,71~118,良,54.3,133.6,43.2,0.973,35.5,147,312
东营,2015-04-21,135,90~245,轻度污染,90.5,199.3,85.6,1.409,65.5,151,344
东营,2015-04-22,82,56~114,良,49.7,100.2,45.1,0.857,35.1,146,241
东营,2015-04-23,133,81~181,轻度污染,89.3,200,57,1.288,56.8,178,334
东营,2015-04-24,120,109~134,轻度污染,61.4,186.8,32.7,0.9,40.2,173,322
东营,2015-04-25,152,99~392,中度污染,97.4,220.8,77,1.348,69.9,202,322
东营,2015-04-26,134,114~164,轻度污染,89.2,179.6,77.5,1.255,52.6,232,333
东营,2015-04-27,109,86~122,轻度污染,69,147,54,0.95,36.3,193,299
东营,2015-04-28,104,75~141,轻度污染,76.8,129.5,51.3,0.843,23.6,154,290
东营,2015-04-29,155,87~203,中度污染,116.8,176,49.7,0.924,30.4,207,335
东营,2015-04-30,137,74~179,轻度污染,93.2,161.9,60.5,1.155,39.1,227,309
东营,2015-05-01,110,79~143,轻度污染,73.8,149.3,50.6,1.135,31.3,196,304
东营,2015-05-02,103,59~208,轻度污染,74.8,109.9,64.8,0.987,26.9,123,289
东营,2015-05-03,147,114~193,轻度污染,94.9,188.8,41.6,0.968,25.8,178,344
东营,2015-05-04,63,43~102,良,15.9,66.3,25.8,0.575,18,120,162
东营,2015-05-05,116,58~144,轻度污染,72.2,168,76.2,1.261,51.6,201,318
东营,2015-05-06,124,66~236,轻度污染,57.4,183.5,42.1,0.691,22.4,146,300
东营,2015-05-07,100,79~138,良,59.8,140.7,32,0.744,29.6,162,259
东营,2015-05-08,105,74~185,轻度污染,70,138,44.6,1.031,28.8,166,307
东营,2015-05-09,55,42~96,良,28.3,58.1,11,0.491,9.3,98,143
东营,2015-05-10,78,55~99,良,46,99.8,24.1,0.765,18.3,124,249
东营,2015-05-11,48,23~88,优,29.9,50.4,19.3,1.061,23,79,141
东营,2015-05-12,67,51~87,良,28.3,81.9,42.1,0.591,20.4,137,215
东营,2015-05-13,99,79~116,良,55.5,140.2,78,0.836,37.1,175,309
东营,2015-05-14,112,59~210,轻度污染,55.7,168.6,49.3,0.586,23.2,134,279
东营,2015-05-15,65,54~96,良,34,71.6,12.5,0.377,21.1,118,203
东营,2015-05-16,106,65~185,轻度污染,67.1,107,68,0.868,51,209,299
东营,2015-05-17,133,93~167,轻度污染,88.4,196.2,57.3,0.971,40.3,202,326
东营,2015-05-18,105,71~138,轻度污染,66.2,131.3,42.2,0.741,35.9,193,293
东营,2015-05-19,75,39~118,良,33.3,87.3,28.5,0.591,20,159,209
东营,2015-05-20,60,43~113,良,27.6,59.6,30,0.741,27.5,122,171
东营,2015-05-21,114,68~214,轻度污染,79.1,156.5,97.5,1.242,63,149,324
东营,2015-05-22,125,75~171,轻度污染,81.7,151.4,81.3,1.027,52.4,200,327
东营,2015-05-23,106,65~147,轻度污染,64.6,124.6,68.7,0.791,33,218,287
东营,2015-05-24,114,70~150,轻度污染,69.3,132,58.3,0.987,35.4,223,290
东营,2015-05-25,147,79~199,轻度污染,95,174.9,72.5,1.309,38.5,305,315
东营,2015-05-26,163,92~226,中度污染,114.2,200.5,73.4,1.47,44.6,257,327
东营,2015-05-27,127,78~206,轻度污染,83,150.1,52.5,1.075,36.9,210,290
东营,2015-05-28,65,45~76,良,38.6,77,46.5,0.738,21,135,180
东营,2015-05-29,108,48~179,轻度污染,79.3,129.2,44,1.03,26.5,161,279
东营,2015-05-30,82,53~137,良,50.9,95.2,23.9,0.491,13,128,258
东营,2015-05-31,129,66~178,轻度污染,76.8,158.2,59,1.048,36.3,248,325
东营,2015-06-01,114,77~166,轻度污染,65.7,136.6,54.4,0.948,30.5,247,288
东营,2015-06-02,124,82~168,轻度污染,82.9,168,38.7,0.95,28.3,171,334
东营,2015-06-03,90,72~141,良,36,91.3,38.6,0.67,25.2,279,322
东营,2015-06-04,103,65~175,轻度污染,65.4,149.8,77.5,1.052,58,149,323
东营,2015-06-05,91,69~123,良,47.1,115.3,64.1,0.723,31.9,192,308
东营,2015-06-06,134,106~165,轻度污染,82.3,213,69.3,0.98,36.5,227,339
东营,2015-06-07,112,76~154,轻度污染,64.4,131.2,30.5,0.678,16.9,223,327
东营,2015-06-08,93,64~115,良,43.7,75.5,31.9,0.614,20,176,318
东营,2015-06-09,134,100~184,轻度污染,82.6,167.4,57.5,1.215,38.4,272,338
东营,2015-06-10,115,87~154,轻度污染,82.7,160.2,34.8,0.924,27.8,220,316
东营,2015-06-11,83,55~150,良,41.5,85.1,34,0.639,21.2,139,265
东营,2015-06-12,97,66~114,良,43,101.7,73,0.891,43.4,193,304
东营,2015-06-13,101,60~130,轻度污染,55,109.5,54.9,0.882,35.1,219,315
东营,2015-06-14,96,70~116,良,51.2,88.8,45,1.035,17.7,186,312
东营,2015-06-15,85,59~114,良,44,77.6,59.3,0.813,25.4,190,266
东营,2015-06-16,118,67~165,轻度污染,70.4,121.1,62,0.986,27.1,237,307
东营,2015-06-17,180,117~239,中度污染,124,209.1,90.2,1.557,36,305,349
东营,2015-06-18,94,74~128,良,44.4,77.8,18.6,0.705,13.7,174,310
东营,2015-06-19,64,41~84,良,36.3,69.1,35.1,0.779,30.1,121,217
东营,2015-06-20,74,49~96,良,35.3,66.8,27.1,1.169,21.4,171,264
东营,2015-06-21,79,55~98,良,39.1,67.7,38.5,0.713,23.9,175,253
东营,2015-06-22,128,69~185,轻度污染,82,135.5,59,1.022,29.6,295,327
东营,2015-06-23,114,63~165,轻度污染,78,134.3,42.7,1.017,27.5,240,312
东营,2015-06-24,118,71~181,轻度污染,72.2,122,46.7,0.971,28,214,340
东营,2015-06-25,51,41~82,良,25.2,44.7,30.4,0.683,21.2,99,211
东营,2015-06-26,65,53~87,良,31.6,53.6,23.9,0.65,15.2,177,245
东营,2015-06-27,98,57~160,良,69.2,120.2,66.3,0.958,22.3,168,313
东营,2015-06-28,104,65~205,轻度污染,53,103,51.2,1.129,23.2,216,317
东营,2015-06-29,75,56~105,良,49.3,85.3,34.6,0.883,20.1,122,289
东营,2015-06-30,51,41~64,良,16.5,37.8,19.2,0.581,11.8,125,206
东营,2015-07-01,86,58~111,良,49.6,94.7,41.6,1.035,28.2,179,310
东营,2015-07-02,56,42~70,良,21.7,48,31.7,0.687,19,133,191
东营,2015-07-03,48,36~62,优,14.5,39.1,19.3,0.455,13.6,103,145
东营,2015-07-04,53,32~69,良,19.6,46.3,53.5,0.429,17.5,135,169
东营,2015-07-05,80,56~110,良,48.5,92.2,34.8,0.775,21.5,159,287
东营,2015-07-06,108,68~156,轻度污染,76.2,127.8,48.5,0.975,16.1,195,330
东营,2015-07-07,125,72~191,轻度污染,90.7,156.6,40,1.054,18.6,161,333
东营,2015-07-08,100,56~168,轻度污染,65.1,113.5,42.5,0.804,23.7,170,285
东营,2015-07-09,78,65~100,良,38.9,76.4,43.8,0.646,21.2,164,249
东营,2015-07-10,112,54~170,轻度污染,64,116.9,47.5,0.913,27,258,302
东营,2015-07-11,118,41~205,轻度污染,85.1,134,30.9,0.938,18,162,289
东营,2015-07-12,46,24~67,优,23.6,47,20.5,0.471,12.7,80,99
东营,2015-07-13,133,64~170,轻度污染,83.7,140,66.7,1.208,26.7,249,324
东营,2015-07-14,86,61~110,良,42,81.6,56.2,0.825,22.2,182,233
东营,2015-07-15,114,71~156,轻度污染,70.6,123.2,56.3,0.941,29.7,215,324
东营,2015-07-16,104,80~130,轻度污染,73.9,122.9,50.8,0.782,16.8,178,334
东营,2015-07-17,80,60~100,良,52.8,92.7,47.8,0.704,18.7,125,284
东营,2015-07-18,77,53~106,良,49.3,94.9,40.5,0.852,25.6,164,263
东营,2015-07-19,56,44~62,良,32.7,59,34.4,0.683,15.9,100,166
东营,2015-07-20,63,40~92,良,38.7,68.1,35,0.757,21.5,141,201
东营,2015-07-21,131,51~226,轻度污染,93.3,153.5,46.3,1.146,36.4,225,294
东营,2015-07-22,114,62~192,轻度污染,84,130,37,1.038,25.5,180,328
东营,2015-07-23,96,69~134,良,70.8,116.2,31,0.867,20.6,151,325
东营,2015-07-24,154,82~245,中度污染,117,185.8,51.8,1.2,33.6,237,352
东营,2015-07-25,119,46~182,轻度污染,89.1,131.5,48.7,1.083,23.1,234,332
东营,2015-07-26,178,128~278,中度污染,136.8,216.4,56.3,1.329,41.9,264,360
东营,2015-07-27,146,107~200,轻度污染,110.7,182.8,36.6,1.204,29.8,225,354
东营,2015-07-28,98,71~124,良,73,117.5,39.6,0.938,25.8,172,338
东营,2015-07-29,84,66~102,良,60.5,103.8,43,1.042,26.1,173,329
东营,2015-07-30,47,22~79,优,28.5,50.3,30.7,0.671,15.2,171,172
东营,2015-07-31,41,29~52,优,17.5,34.3,19.9,0.567,9.1,150,149
东营,2015-08-01,59,49~90,良,39,63.6,49.6,0.642,9.2,147,236
东营,2015-08-02,79,33~120,良,53.7,98,38.4,0.867,20.5,164,298
东营,2015-08-03,40,28~59,优,21.5,35.5,38.4,0.613,15.8,114,128
东营,2015-08-04,65,24~122,良,43.6,74.5,35.3,1.008,17.3,150,257
东营,2015-08-05,127,51~180,轻度污染,95,160.3,43.5,1.492,26.3,258,336
东营,2015-08-06,55,38~71,良,35.3,59.8,27.6,0.767,20.8,97,213
东营,2015-08-07,57,38~75,良,35,64.7,21.5,0.7,33,133,206
东营,2015-08-08,82,52~128,良,54.1,93.2,37.6,0.821,25.8,217,300
东营,2015-08-09,60,50~75,良,35,68.8,36.4,0.775,28.5,134,274
东营,2015-08-10,72,55~131,良,45.8,82,52,0.726,28.6,262,307
东营,2015-08-11,71,42~119,良,45.3,80.6,26.3,0.729,14.2,132,271
东营,2015-08-12,77,45~103,良,52.3,92.4,46.8,0.917,32.6,186,278
东营,2015-08-13,119,81~160,轻度污染,85.3,145.7,63.1,1.188,36.4,257,332
东营,2015-08-14,150,123~198,中度污染,114.1,180.5,81.5,1.413,40.6,237,356
东营,2015-08-15,94,50~142,良,69.6,99.6,43.5,0.85,16.5,219,311
东营,2015-08-16,143,113~178,轻度污染,108.3,166.1,56.6,1.188,30.7,219,348
东营,2015-08-17,167,123~193,中度污染,126.3,202.1,65.2,1.436,44.6,228,353
东营,2015-08-18,153,97~223,中度污染,116,187.2,46.2,1.396,39.1,213,350
东营,2015-08-19,111,72~165,轻度污染,83.6,143.5,58.3,1.363,40,181,345
东营,2015-08-20,108,75~148,轻度污染,80.8,130.6,57.1,1.05,28.5,182,347
东营,2015-08-21,90,39~133,良,60.1,112.6,43.3,0.988,25.2,180,281
东营,2015-08-22,91,55~134,良,58,109.8,48.8,1.113,25.5,215,301
东营,2015-08-23,62,42~77,良,42.3,69.6,49.4,0.708,18.5,172,233
东营,2015-08-24,49,38~58,优,26.7,49.8,24,0.638,9,152,164
东营,2015-08-25,46,31~64,优,20.8,48.3,16.6,0.596,10.2,115,131
东营,2015-08-26,50,34~61,良,25.5,49.8,25.1,0.704,16.7,158,137
东营,2015-08-27,59,46~69,良,35.4,65.8,27,0.892,18.5,169,185
东营,2015-08-28,83,57~117,良,55.2,98.1,47.8,1.033,38.7,225,280
东营,2015-08-29,84,52~120,良,61.2,110.6,34.3,1.121,41.1,223,293
东营,2015-08-30,81,42~128,良,57.6,91.8,28,0.85,30.7,163,272
东营,2015-08-31,62,30~90,良,41.8,75.3,23.9,0.908,22.4,137,218
东营,2015-09-01,53,29~136,良,32.8,59.6,19.2,0.792,19.8,106,168
东营,2015-09-02,44,32~61,优,24.7,44.3,16.6,0.663,9.8,134,152
东营,2015-09-03,61,47~78,良,35.9,71.3,21.4,0.867,18.3,158,252
东营,2015-09-04,75,35~105,良,52.1,96.1,36.1,1.113,23.1,168,288
东营,2015-09-05,45,32~54,优,26.8,45.5,21.4,0.667,13.5,116,194
东营,2015-09-06,48,37~59,优,17.5,49.3,17.2,0.567,11.6,131,199
东营,2015-09-07,66,48~102,良,29.4,64.5,29.4,0.796,31.5,204,259
东营,2015-09-08,79,55~110,良,49.9,95.8,29.8,0.929,34.9,220,293
东营,2015-09-09,95,53~147,良,66,121.7,37,1.196,34.3,132,303
东营,2015-09-10,39,31~57,优,12.9,39.7,11,0.492,8.5,114,134
东营,2015-09-11,39,21~70,优,21,39.7,15.4,0.75,17.5,100,136
东营,2015-09-12,48,27~63,优,22.1,50.9,23,0.679,27.4,96,179
东营,2015-09-13,73,54~98,良,47.1,90.8,70.5,1.129,55.2,154,300
东营,2015-09-14,95,71~127,良,64.1,129.6,48,1.188,65.5,202,334
东营,2015-09-15,59,41~80,良,31.6,69.2,26.3,0.733,29.6,150,183
东营,2015-09-16,76,58~110,良,50.3,100.1,28.4,0.787,37.5,158,252
东营,2015-09-17,100,78~123,良,71.3,128,32,0.963,38.4,214,316
东营,2015-09-18,129,75~201,轻度污染,96.3,170.5,49.3,1.258,53.9,174,328
东营,2015-09-19,152,124~178,中度污染,115.2,210.7,49.5,1.317,56.2,168,345
东营,2015-09-20,44,30~63,优,17.4,44.9,19.6,0.6,43.1,120,119
东营,2015-09-21,117,49~176,轻度污染,85.2,152,40.8,1.254,43.9,227,296
东营,2015-09-22,97,60~133,良,71.6,121.7,30.9,1.183,32.4,163,306
东营,2015-09-23,124,109~150,轻度污染,94,156.4,42.6,1.213,42.2,206,350
东营,2015-09-24,155,104~224,中度污染,117.7,194,49.3,1.271,43.8,225,348
东营,2015-09-25,77,29~190,良,46.2,89.3,31,0.958,37,165,221
东营,2015-09-26,58,35~89,良,30.6,68.8,34.5,0.896,56.9,124,194
东营,2015-09-27,113,36~185,轻度污染,80,147.1,68.8,1.3,55.9,307,299
东营,2015-09-28,85,52~165,良,56.8,110.8,29.8,1.196,29.5,143,287
东营,2015-09-29,48,31~67,优,16,51.3,17,0.583,9.1,97,172
东营,2015-09-30,48,28~66,优,20.9,52,18,0.617,24.2,120,175
东营,2015-10-01,58,42~89,良,29,64.4,20.7,0.675,21.4,98,189
东营,2015-10-02,162,87~307,中度污染,123.7,207.4,92.3,1.475,67.1,203,343
东营,2015-10-03,151,55~327,中度污染,107.9,200,34.2,1.813,40.7,125,243
东营,2015-10-04,176,57~299,中度污染,132.4,240.5,47.8,1.538,52.7,313,310
东营,2015-10-05,184,129~258,中度污染,138.4,266.3,55.8,1.65,70.3,250,349
东营,2015-10-06,180,99~279,中度污染,140.5,234.6,47.7,1.508,65.2,229,340
东营,2015-10-07,95,58~205,良,67.1,126,38.5,1.196,41.5,148,295
东营,2015-10-08,85,54~206,良,43.5,102,29.4,0.817,33.5,76,295
东营,2015-10-09,110,60~200,轻度污染,63.4,160.5,64.9,1.058,50.4,130,329
东营,2015-10-10,55,26~68,良,13.1,62.4,14.1,0.575,20.7,81,197
东营,2015-10-11,61,34~89,良,31.5,72,26.1,0.717,38.2,107,205
东营,2015-10-12,93,36~172,良,63.5,112.6,57.9,1.271,66.9,107,231
东营,2015-10-13,139,67~205,轻度污染,101.7,188,101.3,1.742,99.1,170,302
东营,2015-10-14,204,120~251,重度污染,157.5,273.5,91,1.996,106.3,232,348
东营,2015-10-15,209,119~256,重度污染,163.2,265.7,57.2,1.758,65.4,222,345
东营,2015-10-16,231,119~455,重度污染,181.7,275.3,75.5,1.833,81.5,286,328
东营,2015-10-17,205,134~263,重度污染,160.6,260.1,59,1.813,73.9,260,345
东营,2015-10-18,127,47~266,轻度污染,83,156,26.7,1.025,41.2,73,221
东营,2015-10-19,141,46~249,轻度污染,101.8,174.7,57.6,1.442,58.5,148,232
东营,2015-10-20,207,160~247,重度污染,158.5,253.6,38.8,1.617,49.7,117,350
东营,2015-10-21,122,55~219,轻度污染,90.3,143.9,16.2,1.071,28.8,82,261
东营,2015-10-22,130,53~201,轻度污染,97.1,165.3,23.3,1.213,40.6,75,269
东营,2015-10-23,124,94~155,轻度污染,93.8,148.8,37.1,1.833,50.2,45,291
东营,2015-10-24,89,35~145,良,53.5,98.8,13.8,0.992,26.2,80,200
东营,2015-10-25,45,37~58,优,16.9,46.1,5.8,0.6,24.5,76,89
东营,2015-10-26,80,48~142,良,57.7,84.3,25.6,0.917,42,51,220
东营,2015-10-27,81,58~103,良,49.4,109.8,35.7,1.021,43.8,92,290
东营,2015-10-28,93,28~196,良,61.3,115.8,59,1.392,57.8,71,223
东营,2015-10-29,54,29~84,良,28.9,60.3,27.9,1.167,49.2,70,163
东营,2015-10-30,51,22~79,良,27,58.5,21.8,1.025,46.5,70,165
东营,2015-10-31,110,55~240,轻度污染,79.5,132.3,73.4,1.513,78,86,303
东营,2015-11-01,123,40~200,轻度污染,88.3,143.7,62.1,1.425,63,95,288
东营,2015-11-02,167,84~239,中度污染,127.3,201.4,97.6,2.029,79.4,107,328
东营,2015-11-03,157,89~219,中度污染,118.7,184.7,52,1.558,63.8,160,310
东营,2015-11-04,140,90~189,轻度污染,106,159.3,28,1.358,48.8,107,300
东营,2015-11-05,91,27~215,良,60.4,104.2,17.9,1.096,26.5,50,198
东营,2015-11-06,59,31~83,良,42.2,52.5,11.4,0.958,12.5,66,212
东营,2015-11-07,100,49~168,良,74.3,87.3,11.3,1.075,17.4,61,299
东营,2015-11-08,130,94~185,轻度污染,97.8,114.9,17.1,1.163,22.8,51,306
东营,2015-11-09,127,107~163,轻度污染,96,116,23.9,1.485,33.6,55,304
东营,2015-11-10,125,95~169,轻度污染,94.3,124.6,26.4,1.508,44.7,94,299
东营,2015-11-11,203,119~314,重度污染,161.4,220.8,44.7,2.025,71.1,118,333
东营,2015-11-12,252,217~304,重度污染,201.7,263.1,52.3,2.108,66.2,97,354
东营,2015-11-13,106,59~212,轻度污染,78.8,103.3,22.3,1.346,33.3,49,258
东营,2015-11-14,126,57~200,轻度污染,94.9,123.8,41.1,3.138,57.1,45,279
东营,2015-11-15,174,110~241,中度污染,133,181.5,54.5,3.421,67.3,47,325
东营,2015-11-16,87,56~175,良,63.1,95.4,25.8,1.158,24.5,41,255
东营,2015-11-17,64,48~102,良,40.8,72.4,33.8,0.975,32.3,55,208
东营,2015-11-18,46,40~51,优,21.5,46.3,23.8,0.613,19.4,54,144
东营,2015-11-19,67,38~90,良,45.2,77.4,33.7,0.808,42.6,34,206
东营,2015-11-20,103,59~142,轻度污染,76.9,105.8,37.7,0.988,39.6,40,294
东营,2015-11-21,102,32~218,轻度污染,74.9,103.2,25.9,1.163,37,37,253
东营,2015-11-22,24,17~35,优,14.4,23.1,9.1,0.558,10.9,60,34
东营,2015-11-23,31,15~43,优,18.2,29.3,9,0.517,13.3,59,83
东营,2015-11-24,30,18~38,优,16.9,29.4,15,0.529,12.5,71,108
东营,2015-11-25,82,35~147,良,59.9,75.4,46.3,1.338,34.1,91,278
东营,2015-11-26,44,24~68,优,21.9,45.4,31.4,0.721,25.7,60,128
东营,2015-11-27,113,73~203,轻度污染,85,118,74.1,1.338,58.2,58,298
东营,2015-11-28,154,119~188,中度污染,116.8,166.5,86.7,1.5,66.8,62,316
东营,2015-11-29,245,143~324,重度污染,195.8,241.5,77.9,1.917,63.7,50,337
东营,2015-11-30,346,254~468,严重污染,292.1,361.2,85.3,3.05,75.6,95,349
东营,2015-12-01,336,298~390,严重污染,285.9,371,108.8,3.283,91.2,40,357
东营,2015-12-02,176,54~285,中度污染,133.6,186.7,67.2,2.471,54.2,53,300
东营,2015-12-03,59,52~77,良,28,66.9,32.3,0.671,28.8,50,178
东营,2015-12-04,78,55~122,良,56.1,94.1,59.8,0.971,43,58,261
东营,2015-12-05,114,38~190,轻度污染,81.8,132.7,65.2,1.229,53.3,49,279
东营,2015-12-06,86,45~165,良,61.9,91.9,47.8,0.863,50.8,64,221
东营,2015-12-07,148,45~207,轻度污染,111.1,150.9,80.3,1.325,61.1,38,265
东营,2015-12-08,229,149~453,重度污染,174.1,244.2,79.9,1.938,66.3,70,320
东营,2015-12-09,112,93~137,轻度污染,83.8,115.7,48.8,1.058,44.3,71,254
东营,2015-12-10,211,51~403,重度污染,170.4,208,56.3,1.783,60.8,43,281
东营,2015-12-11,47,30~63,优,22.2,48.9,28.8,0.483,27.4,59,98
东营,2015-12-12,77,58~118,良,56,87.6,51.8,1,55.2,59,186
东营,2015-12-13,127,84~175,轻度污染,96.3,133,44.6,1.404,55.9,58,269
东营,2015-12-14,169,89~288,中度污染,132.2,162,75.6,1.3,56.5,28,278
东营,2015-12-15,192,57~357,中度污染,152.1,204.5,69.3,1.771,52.3,55,300
东营,2015-12-16,58,48~88,良,26,65.5,36.2,0.679,29.6,50,213
东营,2015-12-17,66,49~104,良,45.5,75.3,59.9,1.046,43.5,45,230
东营,2015-12-18,166,105~257,中度污染,127,190.6,138.6,1.875,77,46,341
东营,2015-12-19,132,55~190,轻度污染,98,140.8,37.3,1.225,59.2,67,256
东营,2015-12-20,290,168~371,重度污染,240.3,309.7,141,2.754,100.5,31,347
东营,2015-12-21,389,326~486,严重污染,345.2,425.7,167.5,3.058,128,39,354
东营,2015-12-22,379,264~450,严重污染,337.3,395.4,108.8,2.879,100.5,18,347
东营,2015-12-23,418,292~500,严重污染,358.8,465.1,81,3.171,88.8,16,349
东营,2015-12-24,392,234~464,严重污染,345.1,456.4,84.5,4.579,106,30,340
东营,2015-12-25,332,127~500,严重污染,297.9,398.2,112.3,4.15,111.6,35,337
东营,2015-12-26,196,44~376,中度污染,154.2,214.6,56.3,1.829,50.4,57,247
东营,2015-12-27,37,24~45,优,11.9,36.5,17.1,0.492,19.7,61,61
东营,2015-12-28,117,47~204,轻度污染,86.1,126.6,80.6,1.296,61.3,67,233
东营,2015-12-29,262,179~436,重度污染,201.2,290.8,109.8,2.221,83,47,337
东营,2015-12-30,317,202~437,严重污染,268.6,339.3,80,2.967,93.2,24,349
东营,2015-12-31,339,162~486,严重污染,293,338.8,77.5,3.833,112.8,61,353
东营,2016-01-01,177,42~222,中度污染,132.2,192.7,77.2,1.883,77,45,282
东营,2016-01-02,280,223~348,重度污染,230.5,299.5,126.2,2.475,103.8,50,339
东营,2016-01-03,209,62~299,重度污染,167.9,211.8,45,1.825,47.6,50,253
东营,2016-01-04,71,47~113,良,50.4,73.9,31.5,0.888,32,54,117
东营,2016-01-05,75,51~102,良,54.5,83.5,46.8,1.125,44.8,47,198
东营,2016-01-06,89,44~156,良,64.7,97.2,68.3,1.379,56.1,45,211
东营,2016-01-07,74,40~107,良,49.3,86.2,58.7,1.204,51.6,49,184
东营,2016-01-08,74,37~152,良,48.7,80.5,51.1,1.012,44.9,61,148
东营,2016-01-09,212,68~418,重度污染,169.7,221.5,133.1,2.146,88.5,61,296
东营,2016-01-10,166,36~284,中度污染,126.3,171.3,69.1,1.842,60.4,51,230
东营,2016-01-11,40,24~52,优,17.8,39.8,28.2,0.663,23.2,65,99
东营,2016-01-12,73,47~110,良,44.8,85.4,61.3,1.275,48.6,56,220
东营,2016-01-13,149,107~196,轻度污染,113.3,166.6,82.9,1.808,68.3,52,320
东营,2016-01-14,282,180~349,重度污染,231.9,312.5,135.2,2.725,96.3,29,356
东营,2016-01-15,298,214~376,重度污染,248.1,322.3,117.4,2.721,92.4,47,358
东营,2016-01-16,292,150~366,重度污染,244.3,321.7,123.8,2.496,96.3,39,345
东营,2016-01-17,92,48~175,良,67.7,92,26.6,0.929,21.7,57,191
东营,2016-01-18,82,52~148,良,52.9,88.4,53.5,1.088,41.1,75,191
东营,2016-01-19,63,51~99,良,31.9,75.5,49.8,0.867,40.7,64,119
东营,2016-01-20,72,49~108,良,50.5,81.3,41.3,1.004,44.8,61,164
东营,2016-01-21,78,54~97,良,57.1,82.5,42.2,0.75,30.7,60,237
东营,2016-01-22,52,33~73,良,34.2,52.7,22.9,0.538,16,64,165
东营,2016-01-23,54,28~77,良,20.5,62,33.3,0.442,22.3,66,193
东营,2016-01-24,68,56~85,良,27.7,85.1,44.8,0.567,24.5,63,265
东营,2016-01-25,97,75~129,良,70.6,128,85.8,1.129,52,65,313
东营,2016-01-26,130,59~204,轻度污染,93.4,156.6,109.2,1.642,69.9,69,274
东营,2016-01-27,122,68~173,轻度污染,91.7,140.3,76.3,1.65,68.2,80,250
东营,2016-01-28,208,122~280,重度污染,162.8,206.4,89.8,1.838,74.4,54,334
东营,2016-01-29,61,34~147,良,31.5,63.1,21.4,0.533,18.9,69,140
东营,2016-01-30,45,30~55,优,20.9,45,22.3,0.55,19.9,66,89
东营,2016-01-31,59,30~90,良,36.9,65.2,45.8,0.938,40,74,159
东营,2016-02-01,99,60~231,良,69,115.7,71.4,1.133,56.6,76,229
东营,2016-02-02,120,60~210,轻度污染,89.6,130.3,84.1,1.229,64.2,96,238
东营,2016-02-03,161,75~258,中度污染,123.4,176,109.5,1.533,75.3,89,290
东营,2016-02-04,138,52~264,轻度污染,104.1,138.7,77,1.508,72.9,65,246
东营,2016-02-05,72,51~100,良,38.6,82.4,51.1,0.854,39.7,79,174
东营,2016-02-06,51,34~68,良,26.1,55.2,50.2,0.788,28.2,79,105
东营,2016-02-07,134,62~224,轻度污染,99.5,152.8,117.3,1.5,51.2,91,301
东营,2016-02-08,167,59~273,中度污染,120.3,210.6,127.5,1.317,39,90,209
东营,2016-02-09,67,34~104,良,44.5,75,70.7,0.821,28.5,92,118
东营,2016-02-10,79,67~93,良,56.6,95.3,52,1.046,23.7,101,197
东营,2016-02-11,114,73~149,轻度污染,85.5,116.5,55.7,1.092,30.5,60,258
东营,2016-02-12,90,35~139,良,66.4,100.3,36.3,0.817,27.4,73,199
东营,2016-02-13,36,22~66,优,19.6,37,20,0.679,13,73,109
东营,2016-02-14,42,26~59,优,15,42.8,25,0.563,19.1,81,204
东营,2016-02-15,61,52~79,良,34.8,70.5,46.6,0.804,29.7,98,301
东营,2016-02-16,74,59~87,良,45.1,93.4,55.3,0.938,36.2,84,312
东营,2016-02-17,79,63~100,良,56,97.4,71.5,1.133,59.9,95,278
东营,2016-02-18,106,54~173,轻度污染,72.4,124.5,73.3,1.438,60.5,117,254
东营,2016-02-19,83,53~188,良,55,106,60.5,1.196,56.5,69,159
东营,2016-02-20,47,25~61,优,20.6,48.8,31.8,0.833,32.1,85,75
东营,2016-02-21,77,62~120,良,52.2,95.2,52.3,1.113,46.8,88,150
东营,2016-02-22,149,73~271,轻度污染,114.6,194.3,60.8,1.333,44.2,78,279
东营,2016-02-23,81,43~223,良,47.3,89.5,23.8,0.896,27.5,90,189
东营,2016-02-24,82,48~118,良,55.8,99.1,70.2,1,52.1,96,230
东营,2016-02-25,124,68~207,轻度污染,92.4,142.7,78.5,1.546,70.5,64,266
东营,2016-02-26,78,58~99,良,56.3,96.8,54.2,1.038,46.8,109,212
东营,2016-02-27,118,58~248,轻度污染,87.5,132.4,48.9,1.163,46.5,82,252
东营,2016-02-28,56,26~79,良,34.3,60.3,28.8,0.763,22.4,95,122
东营,2016-02-29,30,19~42,优,11.6,29.3,20.3,0.629,17.1,91,32
东营,2016-03-01,110,43~212,轻度污染,80.6,132.8,81.2,1.338,58.1,128,243
东营,2016-03-02,185,110~232,中度污染,140.8,225.3,112.8,1.617,78.1,145,331
东营,2016-03-03,200,124~266,中度污染,154.3,264,99.7,1.646,81.3,173,329
东营,2016-03-04,158,99~210,中度污染,116.9,202.2,67.1,1.513,55.2,163,281
东营,2016-03-05,189,118~310,中度污染,95.7,251.1,28.6,1.179,38,88,286
东营,2016-03-06,188,145~235,中度污染,72.3,320.8,45.7,1.021,47,104,308
东营,2016-03-07,113,64~172,轻度污染,49.9,174.6,46.3,1,38,92,229
东营,2016-03-08,58,21~107,良,24.9,69.8,19.6,0.696,22.8,81,180
东营,2016-03-09,46,26~71,优,21.4,49.5,38.6,0.713,27.3,106,196
东营,2016-03-10,62,45~89,良,29.5,72.3,45.2,0.83,27.3,78,243
东营,2016-03-11,107,53~205,轻度污染,73.4,147.9,107.3,1.383,62.5,97,300
东营,2016-03-12,117,74~206,轻度污染,83.9,156,58.6,1.054,51.3,109,284
东营,2016-03-13,136,63~228,轻度污染,100.8,160.8,50,1.108,48.3,84,293
东营,2016-03-14,156,71~273,中度污染,101,201.3,99.8,1.567,78,121,280
东营,2016-03-15,105,76~128,轻度污染,71.9,158.3,63.9,1.163,67.4,110,228
东营,2016-03-16,115,84~152,轻度污染,86.7,156.3,62.5,1.154,61,138,245
东营,2016-03-17,130,87~198,轻度污染,97.7,171.1,56,1.342,55.9,178,246
东营,2016-03-18,196,130~301,中度污染,151.8,240.7,70.6,1.796,60.9,220,312
东营,2016-03-19,132,34~333,轻度污染,89.8,158.4,29.5,1.088,24.9,133,198
东营,2016-03-20,59,51~66,良,32.2,67.8,20.5,0.783,36,133,92
东营,2016-03-21,91,69~128,良,65.3,115.6,48.5,1.183,63.5,171,238
东营,2016-03-22,111,39~302,轻度污染,64.1,152.2,32.5,0.871,46,103,248
东营,2016-03-23,49,36~57,优,17.4,50.6,12.9,0.438,22.3,103,143
东营,2016-03-24,66,32~117,良,35.2,82.8,53.7,0.863,49.3,109,226
东营,2016-03-25,70,41~95,良,44,88.8,60.5,0.913,52.9,158,238
东营,2016-03-26,86,52~142,良,54.4,108,63.1,0.975,56.2,97,236
东营,2016-03-27,88,61~136,良,48.1,124.8,61.4,0.842,46.2,114,252
东营,2016-03-28,134,99~243,轻度污染,69.1,213.8,79.2,1.079,62.4,152,334
东营,2016-03-29,90,52~147,良,42,130.3,43.8,0.763,38.5,121,200
东营,2016-03-30,112,79~150,轻度污染,76.1,170.3,71.8,1.221,62.3,212,283
东营,2016-03-31,143,104~200,轻度污染,97.9,225.3,66.8,1.054,51.5,189,318
东营,2016-04-01,126,101~180,轻度污染,76.6,194.3,51.4,0.892,29.7,165,300
东营,2016-04-02,120,29~500,轻度污染,47,168.8,22.7,0.613,19.6,93,200
东营,2016-04-03,42,31~53,优,15.5,42.2,21.6,0.5,23.4,117,97
东营,2016-04-04,89,46~145,良,59.8,123.2,75.6,1.054,55.9,153,290
东营,2016-04-05,136,90~210,轻度污染,99.6,193.1,79.3,1.371,75.5,201,339
东营,2016-04-06,89,60~112,良,45.2,124.1,44,0.917,39.3,119,286
东营,2016-04-07,124,52~198,轻度污染,80.3,178.6,45.4,1.1,40.2,163,304
东营,2016-04-08,113,68~195,轻度污染,60.5,172.7,55.9,1.017,40,159,295
东营,2016-04-09,194,93~406,中度污染,120.3,285,106,1.467,72.3,197,333
东营,2016-04-10,103,65~178,轻度污染,34.8,155.5,23.5,0.563,20.3,110,273
东营,2016-04-11,84,55~113,良,35,116.9,38.7,0.625,32.9,129,242
东营,2016-04-12,125,85~198,轻度污染,86.7,179,56.8,1.192,48.4,164,313
东营,2016-04-13,183,129~252,中度污染,131.3,259.2,61.1,1.279,55,204,345
东营,2016-04-14,147,38~283,轻度污染,98.6,188.3,34.3,0.892,26.6,162,237
东营,2016-04-15,145,64~500,轻度污染,66.2,215.9,50.4,0.957,35,234,304
东营,2016-04-16,73,33~105,良,51.2,85.9,30.7,0.748,25.5,123,263
东营,2016-04-17,63,49~102,良,30.6,71.9,41.9,0.613,30.4,110,227
东营,2016-04-18,50,29~88,良,25.2,55.3,31.2,0.504,26.4,119,157
东营,2016-04-19,75,52~103,良,41.6,99.1,39.1,0.75,42.9,129,262
东营,2016-04-20,97,71~125,良,67,141,63.7,1.008,46.5,224,309
东营,2016-04-21,146,91~243,轻度污染,103.8,204.1,68.9,1.125,43.5,180,320
东营,2016-04-22,309,114~500,严重污染,94.7,448.3,39.2,0.658,26.8,130,347
东营,2016-04-23,125,97~195,轻度污染,49.2,200.6,53.8,0.517,39.4,98,324
东营,2016-04-24,176,87~374,中度污染,85.8,259.1,88.9,1.188,58.9,215,331
东营,2016-04-25,112,91~137,轻度污染,66.2,173.8,51.6,0.867,43.3,197,326
东营,2016-04-26,100,79~124,良,57.1,149.2,48.5,0.754,35.2,189,319
东营,2016-04-27,84,72~100,良,52.1,114.9,30.3,0.75,23.3,167,283
东营,2016-04-28,79,51~124,良,44.6,106.3,26.5,0.65,27.8,145,241
东营,2016-04-29,118,52~173,轻度污染,76,175.8,72.1,1.271,50.5,230,301
东营,2016-04-30,110,96~162,轻度污染,72.8,163.6,62.4,1.021,33.6,249,317
东营,2016-05-01,104,80~131,轻度污染,65.5,156,50.3,0.929,28.7,188,304
东营,2016-05-02,114,29~500,轻度污染,54.5,152.9,38.6,0.875,18.4,187,268
东营,2016-05-03,51,23~88,良,18.9,58.1,22.3,0.483,12,126,138
东营,2016-05-04,72,48~101,良,36.7,93.9,51,0.796,27.2,175,217
东营,2016-05-05,110,79~182,轻度污染,79,157.4,53.8,1.221,33.5,228,316
东营,2016-05-06,157,68~500,中度污染,75.7,257,28.8,0.621,17.9,170,283
东营,2016-05-07,96,29~236,良,41.1,140.7,28.6,0.642,28.6,110,214
东营,2016-05-08,85,23~138,良,57.4,121,77.8,1.021,61.9,165,262
东营,2016-05-09,74,32~121,良,48.8,101.3,38.5,0.838,53,100,216
东营,2016-05-10,98,55~127,良,70.3,122,45.8,1.242,41,185,311
东营,2016-05-11,143,93~223,轻度污染,103.8,192.6,63.7,1.496,56.3,226,325
东营,2016-05-12,64,28~97,良,37.9,80.7,26.1,0.775,29.2,138,149
东营,2016-05-13,63,44~87,良,37.3,71.2,41.6,0.775,37.8,172,191
东营,2016-05-14,61,41~82,良,32.7,67.8,30.3,0.738,33.6,76,203
东营,2016-05-15,61,33~97,良,38.7,61.1,24.2,0.748,23.6,107,243
东营,2016-05-16,66,52~78,良,32.6,80.5,59.3,0.932,38.5,152,230
东营,2016-05-17,94,69~113,良,56.9,120,68,1.161,63.5,214,322
东营,2016-05-18,88,59~122,良,48.3,101,39.1,0.871,33.6,244,261
东营,2016-05-19,74,53~114,良,37.4,78.9,40.9,0.758,30,227,196
东营,2016-05-20,69,56~100,良,43,76,41.3,0.717,28.6,200,235
东营,2016-05-21,74,54~108,良,38.2,71.4,40.3,0.738,38.7,216,281
东营,2016-05-22,69,51~97,良,33.7,72.1,28,0.604,34.2,197,276
东营,2016-05-23,74,46~100,良,48,95.1,46.9,0.809,45.2,154,265
东营,2016-05-24,63,41~150,良,33.9,70.5,42.6,0.669,31.4,151,206
东营,2016-05-25,68,36~119,良,35.2,82.8,53.4,0.921,50.3,163,220
东营,2016-05-26,80,55~92,良,42.4,108.4,59.1,0.825,43.1,156,297
东营,2016-05-27,104,85~143,轻度污染,61.5,154.4,62.4,1.155,44.1,142,336
东营,2016-05-28,88,52~162,良,63,102.2,42.9,0.95,31.3,158,290
东营,2016-05-29,108,75~144,轻度污染,76.5,133.1,42.3,1.213,30,206,338
东营,2016-05-30,149,88~261,轻度污染,105.9,182.6,68.9,1.533,44,297,346
东营,2016-05-31,120,42~195,轻度污染,79.9,158.7,46.2,1.204,32.6,219,315
东营,2016-06-01,49,35~89,优,15.8,47.5,23.5,0.552,18.5,191,181
东营,2016-06-02,60,48~84,良,22.6,54.2,33.5,0.584,30.8,187,233
东营,2016-06-03,80,56~100,良,51.1,108.7,47.6,1.046,37.5,166,308
东营,2016-06-04,56,40~75,良,23.7,60.8,37.4,0.758,24,180,225
东营,2016-06-05,68,52~103,良,35.5,75.5,76.7,0.778,25.1,206,268
东营,2016-06-06,113,75~149,轻度污染,85.1,138.7,70,1.229,31.3,231,343
东营,2016-06-07,79,65~132,良,51.2,102.2,41.5,1.083,30.8,157,285
东营,2016-06-08,75,54~97,良,47.3,83.4,37.1,0.938,26.5,197,269
东营,2016-06-09,130,62~200,轻度污染,92.9,161.4,63.8,1.558,43.3,303,337
东营,2016-06-10,83,67~100,良,57.3,113.6,38.1,1.217,27.1,192,312
东营,2016-06-11,60,40~113,良,27.2,67.4,31.1,0.892,15.7,157,232
东营,2016-06-12,45,35~62,优,19,42.4,35.9,0.892,18,152,185
东营,2016-06-13,77,24~134,良,40.3,86.8,53,1.058,36.5,268,261
东营,2016-06-14,66,54~82,良,45.6,75.5,37,1.133,19.7,149,271
东营,2016-06-15,41,27~61,优,21.5,39.7,27.3,0.946,16.1,149,155
东营,2016-06-16,100,67~135,良,58.3,122.9,70,1.45,44.5,229,337
东营,2016-06-17,96,74~117,良,45.3,128.8,66.8,1.092,40,230,336
东营,2016-06-18,97,62~137,良,57.4,120.7,43.5,1.063,31.3,256,335
东营,2016-06-19,81,49~127,良,42,80.5,40,1.242,37.3,254,308
东营,2016-06-20,101,59~162,轻度污染,74.6,119.2,24.2,1.233,23.9,159,340
东营,2016-06-21,84,35~147,良,60,105.5,28.8,1.054,17.7,173,292
东营,2016-06-22,66,45~105,良,38.1,65.2,28.4,0.925,16.5,210,267
东营,2016-06-23,61,31~103,良,40,70,35.9,0.988,26.4,130,259
东营,2016-06-24,46,31~59,优,18.7,43.8,27.5,0.796,19.1,146,234
东营,2016-06-25,65,46~88,良,33.5,78,57.4,1.004,38,164,299
东营,2016-06-26,109,60~173,轻度污染,68.9,133.8,95.4,1.496,64.6,291,336
东营,2016-06-27,104,77~128,轻度污染,66.1,126.8,54.5,1.113,33,220,345
东营,2016-06-28,56,0~74,良,30.8,64.8,28.2,0.817,18.1,148,238
东营,2016-06-29,94,49~141,良,58,105.3,44.5,1.2,26.1,282,319
东营,2016-06-30,94,39~153,良,66.3,129.4,40,1.258,32.2,212,307
东营,2016-07-01,57,35~80,良,34.1,61.8,22.7,0.85,11.2,162,292
东营,2016-07-02,54,35~72,良,27.9,58.9,27.8,0.771,12.4,154,239
东营,2016-07-03,103,48~168,轻度污染,75.7,137.4,33.5,1.246,25.9,179,324
东营,2016-07-04,78,54~104,良,55.8,99,34.9,0.967,18.9,134,307
东营,2016-07-05,57,41~70,良,32.6,65.4,20.5,0.758,7.3,123,250
东营,2016-07-06,69,36~105,良,42.4,81.5,40.1,0.85,20.9,200,277
东营,2016-07-07,61,53~71,良,32.7,71.3,37.8,0.929,17.3,140,268
东营,2016-07-08,49,36~60,优,22.4,50.7,32.3,0.717,15.2,122,200
东营,2016-07-09,55,38~69,良,29,62.3,38.6,0.821,18.8,130,235
东营,2016-07-10,95,45~203,良,65.6,117.3,45.8,1.117,25.9,220,311
东营,2016-07-11,74,49~117,良,43.9,91,51.4,1.004,26.3,210,283
东营,2016-07-12,61,33~84,良,35,72.9,33.8,0.921,16.7,181,261
东营,2016-07-13,56,28~94,良,34.6,62.8,19.1,0.783,9.8,121,226
东营,2016-07-14,45,25~75,优,22.3,48.5,21,0.763,12.9,166,204
东营,2016-07-15,42,27~59,优,19.7,41.3,17.8,0.867,18.6,109,185
东营,2016-07-16,65,26~102,良,36.7,69.6,33.2,0.938,15.3,204,279
东营,2016-07-17,38,23~54,优,17.9,37.9,21.5,0.7,13.8,134,122
东营,2016-07-18,107,27~185,轻度污染,78.3,141,27.5,1.238,22,184,299
东营,2016-07-19,64,43~80,良,39,77.8,20.5,0.842,12.9,123,288
东营,2016-07-20,59,32~88,良,30,71.7,17.3,0.746,10.5,72,268
东营,2016-07-21,55,32~81,良,28.8,61.7,24.9,0.938,22.9,150,265
东营,2016-07-22,73,33~112,良,49.5,86.2,39.3,1.283,34.5,192,295
东营,2016-07-23,70,29~106,良,46.1,86.3,27.2,1.233,29.3,174,254
东营,2016-07-24,76,53~100,良,50.5,97.9,39.2,1.396,31.9,189,304
东营,2016-07-25,77,68~108,良,53.2,100.5,40.9,1.379,27.3,188,316
东营,2016-07-26,46,22~94,优,26.1,49.8,22.4,0.858,12.5,106,149
东营,2016-07-27,62,34~98,良,33.3,60.7,48.3,0.925,23.1,198,226
东营,2016-07-28,79,52~123,良,49.4,93.1,41.7,1.263,40,210,275
东营,2016-07-29,109,54~144,轻度污染,81.1,138.8,52.7,1.583,34.5,227,338
东营,2016-07-30,113,45~172,轻度污染,82.6,151,48.6,1.571,36.3,221,325
东营,2016-07-31,76,32~139,良,45.8,83.8,45,1.2,30.2,277,248
东营,2016-08-01,63,29~113,良,35.8,78.7,45.6,1.171,52.6,81,247
东营,2016-08-02,51,38~68,良,27.2,55.8,21,0.792,23.8,125,226
东营,2016-08-03,40,29~53,优,17.2,40.2,16.2,0.696,13.4,99,172
东营,2016-08-04,51,30~102,良,26.9,53.8,19,0.717,25.5,158,221
东营,2016-08-05,56,41~68,良,25.1,61.6,30.5,1.038,41.7,128,255
东营,2016-08-06,62,38~97,良,33.9,72.8,35,0.996,27.7,197,270
东营,2016-08-07,37,15~55,优,16.4,36.8,24.3,0.888,17.6,60,141
东营,2016-08-08,42,22~77,优,20,46.5,21.3,0.967,18.1,80,170
东营,2016-08-09,51,25~60,良,24.2,54.8,29.8,0.842,15.7,136,229
东营,2016-08-10,64,46~121,良,32.8,69.8,46.7,0.942,24,241,281
东营,2016-08-11,74,54~116,良,46,88.2,50.4,1.1,22.5,231,310
东营,2016-08-12,76,55~110,良,46.2,94.1,37.5,1.158,23,219,314
东营,2016-08-13,93,51~143,良,65.8,114,40.5,1.196,19.3,210,332
东营,2016-08-14,61,32~76,良,39,69.4,17.4,1.058,16.1,138,278
东营,2016-08-15,56,31~85,良,29.3,67.8,13.2,1.225,14.7,90,250
东营,2016-08-16,39,23~52,优,12.5,34.2,14.5,1,15.6,135,135
东营,2016-08-17,55,35~79,良,28.6,61.8,25,1.213,31.7,98,210
东营,2016-08-18,73,62~89,良,44.6,95.2,29.8,1.463,29.9,160,306
东营,2016-08-19,68,24~93,良,40.1,88.8,18.8,1.342,25.1,83,278
东营,2016-08-20,46,21~57,优,19.6,46.8,9.3,0.935,9.7,114,172
东营,2016-08-21,53,46~61,良,25.9,55.8,11,0.875,12.3,146,188
东营,2016-08-22,50,36~62,优,20.4,51.7,9.1,0.743,17.5,154,162
东营,2016-08-23,59,32~104,良,25.6,61.4,19.1,0.921,27,208,204
东营,2016-08-24,103,69~134,轻度污染,66.5,136.6,52.5,1.521,40.5,253,335
东营,2016-08-25,71,24~133,良,42.3,92.8,21.5,1.042,19.4,105,232
东营,2016-08-26,35,29~46,优,9.5,34.6,10.5,0.638,19.5,101,133
东营,2016-08-27,57,30~84,良,23.4,59.3,24.8,0.9,28.5,187,268
东营,2016-08-28,55,36~78,良,25.5,60.8,22.7,1.033,28.5,130,221
东营,2016-08-29,60,37~88,良,28.7,72.1,29.5,1.042,37.3,140,219
东营,2016-08-30,64,43~100,良,29.2,67.8,34,0.921,28.6,200,232
东营,2016-08-31,87,56~118,良,51.5,119.5,54.4,1.158,33.5,200,298
东营,2016-09-01,74,44~106,良,34.6,96.5,43.7,0.958,32.1,119,276
东营,2016-09-02,55,33~70,良,18.5,60.6,41.2,0.85,31.8,149,191
东营,2016-09-03,44,31~56,优,18.6,44.6,23.3,1,19.2,114,95
东营,2016-09-04,66,49~103,良,37,77.3,27.1,0.988,20.3,206,199
东营,2016-09-05,87,58~140,良,59.3,114.9,36.9,1.117,27.4,246,274
东营,2016-09-06,109,64~199,轻度污染,72.2,143.4,37.4,1.296,37.8,210,326
东营,2016-09-07,79,50~123,良,56.3,97.4,32.9,1.308,32.4,146,301
东营,2016-09-08,92,57~144,良,65.6,117.3,49.5,1.313,39.1,205,301
东营,2016-09-09,128,62~218,轻度污染,92.8,164.7,58,1.613,54.8,205,329
东营,2016-09-10,114,50~147,轻度污染,80.1,155.9,51.3,1.479,42.8,200,338
东营,2016-09-11,74,34~129,良,43.5,93.7,26.6,1.15,30.8,144,245
东营,2016-09-12,59,38~80,良,37.5,66.4,28.3,0.958,25.2,179,218
东营,2016-09-13,59,49~74,良,32.8,66.9,19.3,1.004,24.7,157,194
东营,2016-09-14,94,51~130,良,66.5,119.8,34.8,1.204,27.7,172,286
东营,2016-09-15,133,71~189,轻度污染,99.3,165.6,40.5,1.467,33.2,240,330
东营,2016-09-16,79,51~104,良,54.6,103.8,37,1.121,27.1,156,286
东营,2016-09-17,55,29~77,良,27.7,63.1,13.3,0.826,17.6,118,211
东营,2016-09-18,36,32~50,优,7.3,36.1,10.6,0.65,15.6,76,102
东营,2016-09-19,41,31~57,优,12.7,40.3,16.5,0.813,20.3,137,108
东营,2016-09-20,59,31~84,良,29.3,65.8,37.6,0.929,44.4,173,210
东营,2016-09-21,68,42~108,良,39.5,79.5,33.4,0.775,44.5,171,212
东营,2016-09-22,131,33~208,轻度污染,95.8,165.9,59.5,1.567,54.3,306,317
东营,2016-09-23,128,91~211,轻度污染,93.3,169.6,44,1.25,48.7,240,338
东营,2016-09-24,140,101~238,轻度污染,106.5,183.8,39.6,1.25,46.5,225,344
东营,2016-09-25,111,64~200,轻度污染,80.8,151.5,33.3,1.238,35.8,194,297
东营,2016-09-26,85,67~140,良,58,102.6,29.2,0.858,25.3,184,265
东营,2016-09-27,86,52~162,良,49.2,117,29.3,1.171,25.4,130,276
东营,2016-09-28,45,31~68,优,15.6,46,10.1,0.667,12.3,80,190
东营,2016-09-29,51,30~87,良,24.2,55.5,28.6,0.813,28.6,100,211
东营,2016-09-30,62,34~84,良,37.9,75.2,32.5,1.233,42.1,180,236
东营,2016-10-01,133,77~185,轻度污染,100,175.5,73.4,1.55,53.7,267,336
东营,2016-10-02,53,26~91,良,29.7,62,25.4,0.8,26.2,100,179
东营,2016-10-03,103,49~155,轻度污染,74.8,128.3,46.7,1.321,30.7,215,292
东营,2016-10-04,111,71~160,轻度污染,81.7,140.5,34.9,1.192,24.6,206,331
东营,2016-10-05,68,35~169,良,35.4,82.8,17,0.763,19.1,102,179
东营,2016-10-06,45,33~57,优,20.8,45.5,16.1,0.717,15.7,103,120
东营,2016-10-07,53,32~71,良,28.5,58.7,28.4,0.954,29.8,88,192
东营,2016-10-08,60,47~82,良,30,66.4,19.1,0.858,22.1,92,235
东营,2016-10-09,65,38~97,良,40.4,76.8,39.3,0.946,39,142,263
东营,2016-10-10,98,79~127,良,69.6,138.9,54,1.321,58,134,342
东营,2016-10-11,102,66~144,轻度污染,73.2,140.3,48.2,1.271,56.2,195,325
东营,2016-10-12,109,64~169,轻度污染,81.7,144.6,27.2,1.163,38.6,172,310
东营,2016-10-13,167,96~244,中度污染,127.4,236.9,65.3,1.633,68.3,155,344
东营,2016-10-14,144,88~199,轻度污染,109,185.6,75.6,1.488,65.3,205,349
东营,2016-10-15,104,48~144,轻度污染,76.8,127.9,31.5,1.242,43.6,139,312
东营,2016-10-16,68,46~90,良,45.9,72.8,19.4,0.871,25.3,88,220
东营,2016-10-17,92,69~134,良,64.5,112.2,24.7,1.158,34.5,140,291
东营,2016-10-18,157,59~236,中度污染,116,183,46.8,1.638,49.3,192,298
东营,2016-10-19,203,158~266,重度污染,156.7,246.8,57.5,2.063,73.4,229,355
东营,2016-10-20,107,59~180,轻度污染,74.4,135.8,23.2,1.158,30.5,105,308
东营,2016-10-21,71,49~85,良,47.7,87.3,27.5,1.004,33.6,111,293
东营,2016-10-22,54,36~84,良,32.4,61,15.6,0.738,19.5,74,243
东营,2016-10-23,42,28~52,优,18.6,41.8,16.6,0.679,20.4,83,189
东营,2016-10-24,61,50~84,良,39,69.3,44.3,1.225,42,63,257
东营,2016-10-25,101,55~162,轻度污染,75.2,110.7,43,1.463,47.2,88,318
东营,2016-10-26,110,36~176,轻度污染,70.6,135.2,39,1.388,47.6,63,287
东营,2016-10-27,48,23~67,优,19,52.8,21.3,0.642,36.7,67,203
东营,2016-10-28,43,30~57,优,18.5,43.1,21,0.775,24.3,64,186
东营,2016-10-29,44,30~69,优,16.6,47.5,21.4,0.725,38.7,65,183
东营,2016-10-30,91,74~115,良,61.9,124.2,47,1.229,65.2,154,331
东营,2016-10-31,43,21~125,优,18.4,47.8,15.2,0.654,21.2,67,134
东营,2016-11-01,58,43~80,良,32.7,65.1,43.2,0.696,44.3,96,208
东营,2016-11-02,131,89~193,轻度污染,98.8,166.9,69,1.575,85,58,322
东营,2016-11-03,161,122~183,中度污染,121.8,198.3,55.5,1.85,76.4,104,336
东营,2016-11-04,160,113~234,中度污染,122.5,207.8,61.5,1.858,76.8,154,317
东营,2016-11-05,168,65~277,中度污染,127.3,211.1,52.9,1.633,56.5,140,291
东营,2016-11-06,101,77~168,轻度污染,75.1,104,15.4,0.771,20.1,122,196
东营,2016-11-07,69,53~104,良,49.2,77.6,17.3,0.9,35.3,62,172
东营,2016-11-08,63,24~93,良,38,67.3,22,0.867,40.9,79,210
东营,2016-11-09,75,42~122,良,51.2,87.5,42.3,1.154,55.9,68,263
东营,2016-11-10,90,72~129,良,61.8,121.5,48.9,1.104,46.1,92,288
东营,2016-11-11,144,127~161,轻度污染,101.8,214,57.3,1.596,62.8,82,335
东营,2016-11-12,114,73~173,轻度污染,76.2,172.5,38.2,1.209,46,74,279
东营,2016-11-13,165,73~216,中度污染,123.4,207,44.3,1.725,61.7,103,291
东营,2016-11-14,158,65~305,中度污染,110.9,198.6,40.5,1.721,49.6,96,266
东营,2016-11-15,63,52~81,良,21.6,76,29.6,0.752,31.9,73,136
东营,2016-11-16,83,72~95,良,51.2,115.4,43.7,1.17,52.1,88,219
东营,2016-11-17,154,95~275,中度污染,117.8,197.8,69.9,1.813,80.5,94,299
东营,2016-11-18,112,74~175,轻度污染,83.7,141.1,48.6,1.413,54.3,94,244
东营,2016-11-19,140,55~235,轻度污染,102.5,150.8,39.9,1.638,44.3,59,0
东营,2016-11-20,58,40~74,良,24,67.5,31,0.875,23.5,71,0
东营,2016-11-21,38,20~63,优,16,38.3,23.3,0.788,17.9,78,0
东营,2016-11-22,38,31~48,优,16.9,37.5,26.2,1.067,19.5,71,0
东营,2016-11-23,59,35~88,良,38.2,64.4,42.6,1.117,42,83,0
东营,2016-11-24,94,67~127,良,69.7,111.5,71.7,1.508,54.2,70,0
东营,2016-11-25,152,103~214,中度污染,114.9,185.3,101.8,2.183,76.6,51,0
东营,2016-11-26,212,152~314,重度污染,148.8,276.9,88.9,2.308,80.2,46,0
东营,2016-11-27,167,60~278,中度污染,115.9,238,73.8,1.921,58.8,70,0
东营,2016-11-28,95,54~196,良,68.3,118.9,82.3,1.679,65.1,79,0
东营,2016-11-29,205,150~241,重度污染,156.9,241.9,100.5,2.213,91,58,0
东营,2016-11-30,200,132~254,中度污染,153.6,232.7,92.9,2.15,67.7,60,0
东营,2016-12-01,145,35~269,轻度污染,107.5,165.3,58.9,1.713,56.2,82,0
东营,2016-12-02,194,61~328,中度污染,153.6,232,117.3,2.3,94.6,86,0
东营,2016-12-03,224,142~290,重度污染,176.5,282.5,99,2.3,90.7,79,0
东营,2016-12-04,254,200~346,重度污染,204.2,294.3,75.8,2.279,75.5,44,0
东营,2016-12-05,85,35~256,良,53.7,101,36,1.304,32.3,61,0
东营,2016-12-06,136,75~200,轻度污染,101.8,173.7,104.2,2.025,64.2,58,0
东营,2016-12-07,133,59~224,轻度污染,96.5,158.3,82.6,1.888,60.8,62,0
东营,2016-12-08,168,47~273,中度污染,123.8,192.1,62.1,1.921,53.2,63,0
东营,2016-12-09,40,27~57,优,13.3,40.1,28.2,0.9,27.5,73,0
东营,2016-12-10,66,36~99,良,43.1,74.4,42.6,1.204,51,61,0
东营,2016-12-11,127,63~186,轻度污染,95.6,140.9,80.3,1.479,53.3,76,0
东营,2016-12-12,144,83~198,轻度污染,109.3,162.7,58.7,1.85,56.8,43,0
东营,2016-12-13,40,24~72,优,13,40.5,26.6,0.848,14.5,76,0
东营,2016-12-14,49,34~67,优,25.2,51.6,42.6,1.067,33.2,73,0
东营,2016-12-15,98,48~172,良,70.7,108.8,69,1.713,50.1,62,0
东营,2016-12-16,117,79~158,轻度污染,86.8,145.9,111.9,2.054,59.6,68,0
东营,2016-12-17,184,147~211,中度污染,139,208.3,86.6,2.017,66,120,0
东营,2016-12-18,254,203~321,重度污染,203.5,296.5,114.8,2.725,88.8,69,0
东营,2016-12-19,227,159~330,重度污染,178.7,245.3,35.1,2.688,57.8,31,0
东营,2016-12-20,167,98~231,中度污染,128.3,185.8,31.7,2.229,39.7,64,0
东营,2016-12-21,237,172~283,重度污染,187.6,264.5,37.3,3.125,43.7,59,0
东营,2016-12-22,173,114~293,中度污染,126.9,195.3,54.8,2.975,46.7,40,0
东营,2016-12-23,68,34~149,良,42,79.8,51.7,1.667,40,69,0
东营,2016-12-24,69,52~93,良,45.5,83.5,49.5,1.563,49.2,57,0
东营,2016-12-25,116,95~138,轻度污染,87,135.3,69.8,2.117,61.9,24,0
东营,2016-12-26,84,29~169,良,56.9,91.5,38,1.454,34,57,0
东营,2016-12-27,98,52~130,良,72.6,96.9,57.8,1.796,46.8,56,0
东营,2016-12-28,213,156~265,重度污染,164.3,210.5,67.7,2.371,57.2,69,0
东营,2016-12-29,151,67~228,中度污染,114.4,158.1,68.1,1.983,51.7,80,0
东营,2016-12-30,156,102~202,中度污染,117.4,179.1,97,2.05,65.6,46,0
东营,2016-12-31,239,169~385,重度污染,183.4,273.6,121.1,2.646,74.8,66,0
东营,2017-01-01,317,43~455,严重污染,268.5,365.5,85.8,3.129,80.8,77,0
东营,2017-01-02,203,117~348,重度污染,159,225.7,54.1,2.996,57.1,39,0
东营,2017-01-03,247,195~329,重度污染,196.9,267.3,58.3,4.267,72.8,37,0
东营,2017-01-04,156,113~204,中度污染,117.5,179.5,52.4,2.958,59,39,0
东营,2017-01-05,146,43~217,轻度污染,107.9,164.8,44.4,2.2,51.1,59,0
东营,2017-01-06,89,63~159,良,62,108.8,39.2,1.767,58.4,72,0
东营,2017-01-07,69,53~85,良,46.8,82.5,35.4,1.454,41.6,61,0
东营,2017-01-08,112,70~186,轻度污染,84.3,114.2,43.9,1.896,37.3,58,0
东营,2017-01-09,122,37~225,轻度污染,81.9,126.5,48.6,2.025,44.9,72,0
东营,2017-01-10,92,28~169,良,58.4,107.1,58.8,1.867,47.5,83,0
东营,2017-01-11,143,65~228,轻度污染,103.6,182.7,100.6,2.539,76.8,72,0
东营,2017-01-12,287,212~369,重度污染,237,331.3,91.7,3,85.5,53,0
东营,2017-01-13,138,40~328,轻度污染,95.6,156.8,57.7,2.004,52,78,0
东营,2017-01-14,61,33~84,良,26.3,76.1,49.8,1.379,40.7,72,0
东营,2017-01-15,45,28~64,优,21,47.2,33.3,1.208,31.8,102,0
东营,2017-01-16,80,55~113,良,55.5,93.4,56.5,1.233,44.8,46,0
东营,2017-01-17,184,79~271,中度污染,141.8,206.1,94.9,1.952,57,59,0
东营,2017-01-18,215,123~324,重度污染,172,243.1,66.3,2.704,64.8,62,0
东营,2017-01-19,189,72~368,中度污染,136.8,227.2,62.3,2.458,55.3,62,0
东营,2017-01-20,42,24~68,优,10.3,44.5,31.3,0.879,24.1,95,0
东营,2017-01-21,91,52~140,良,54.5,106.4,56.1,1.267,43.5,66,0
东营,2017-01-22,41,28~65,优,17.8,42,34.1,0.688,26.6,70,0
东营,2017-01-23,65,39~93,良,45.3,73.5,51,1.1,44.4,67,0
东营,2017-01-24,86,69~107,良,63.8,97,38.9,1.175,41.9,80,0
东营,2017-01-25,234,108~319,重度污染,185.9,238,86.7,2.079,52.6,94,0
东营,2017-01-26,202,120~317,重度污染,155.4,233.7,64.8,1.758,31.7,120,0
东营,2017-01-27,64,27~281,良,35.2,69.6,38.7,0.892,16.6,88,0
东营,2017-01-28,92,54~175,良,64.6,103.4,51.2,1.3,22,55,0
东营,2017-01-29,89,45~166,良,60.8,99.3,38.6,1.154,19.4,70,0
东营,2017-01-30,34,23~51,优,14.6,33.7,28,0.696,13,79,0
东营,2017-01-31,89,25~147,良,66,86.1,67.6,1.279,35.1,85,0
