云浮,2013-12-31,126,124~127,轻度污染,87.2,149.8,41.7,1.622,52.2,132,92
云浮,2014-01-01,123,112~128,轻度污染,86.3,142.2,41,1.752,50.2,165,89
云浮,2014-01-02,137,114~199,轻度污染,110.8,164.4,24.7,1.996,48.7,160,90
云浮,2014-01-03,172,105~222,中度污染,130.3,192,34.8,2.167,54.5,154,118
云浮,2014-01-04,149,130~164,轻度污染,113,159.6,29.5,1.909,39.7,171,121
云浮,2014-01-05,152,91~209,中度污染,114.9,168.4,33,1.995,46.5,168,93
云浮,2014-01-06,230,193~290,重度污染,179.7,238.9,35,2.252,60.1,185,141
云浮,2014-01-07,200,146~271,重度污染,153.6,220.2,23.7,2.2,65,49,141
云浮,2014-01-08,128,20~225,轻度污染,93.3,144.3,22.2,2.322,41.7,41,107
云浮,2014-01-09,33,19~90,优,21.8,21,13.8,2.058,22.3,62,9
云浮,2014-01-10,72,56~100,良,51.9,33.3,27.7,2.13,43.5,82,37
云浮,2014-01-11,76,49~93,良,55.1,37.9,29.5,2.309,56.5,103,45
云浮,2014-01-12,44,21~68,优,30.2,32.3,69.3,2.294,39.8,46,23
云浮,2014-01-13,31,18~49,优,19.9,12.3,22.3,1.85,20.8,63,5
云浮,2014-01-14,31,19~47,优,18,10.7,29.1,1.805,26.2,108,4
云浮,2014-01-15,39,29~55,优,25.2,7.6,21.9,1.895,34.9,114,4
云浮,2014-01-16,48,33~72,优,31.2,20.6,25.3,2.114,44.4,140,6
云浮,2014-01-17,60,40~118,良,36.6,57.5,58.8,2.271,50,133,12
云浮,2014-01-18,58,44~79,良,29.1,47.9,25.8,1.974,33.1,151,13
云浮,2014-01-19,62,38~104,良,34,41,32,2.096,41.2,185,16
云浮,2014-01-20,76,39~159,良,54.6,65.3,44.9,2.243,46.2,170,57
云浮,2014-01-21,119,73~138,轻度污染,89.7,87.7,31.9,2.12,33.6,152,139
云浮,2014-01-22,63,37~90,良,41.4,51,30.4,1.96,36,126,22
云浮,2014-01-23,73,53~111,良,52.7,51.3,19.6,2.1,41,160,28
云浮,2014-01-24,88,58~114,良,65,74.3,11.9,2.263,47.1,86,60
云浮,2014-01-25,94,57~135,良,69.3,93.6,61.2,2.722,56.7,48,78
云浮,2014-01-26,67,43~89,良,46.9,70.2,35.4,2.433,34.4,138,68
云浮,2014-01-27,89,67~171,良,65.3,85.1,10.6,2.482,31.3,105,94
云浮,2014-01-28,59,51~77,良,29.7,64.1,4.2,2.26,19.8,125,55
云浮,2014-01-29,69,46~114,良,37.8,64.6,10.9,2.368,19.5,147,57
云浮,2014-01-30,71,48~100,良,34.2,74.8,11.8,2.332,15.7,152,35
云浮,2014-01-31,114,36~307,轻度污染,42,153.2,15.9,2.104,12.1,131,37
云浮,2014-02-01,59,35~100,良,37.8,42.6,11.2,2.029,8.2,108,35
云浮,2014-02-02,49,33~73,优,32.1,29.6,19.7,2.114,11.7,107,18
云浮,2014-02-03,53,36~69,良,31.4,38.2,46.7,2.36,15,115,54
云浮,2014-02-04,60,47~72,良,41.7,43.4,17.4,2.389,12.8,132,107
云浮,2014-02-05,41,28~58,优,24,32,3.9,2.173,5.5,89,65
云浮,2014-02-06,34,27~46,优,22,24.3,4.7,2.211,9.6,73,56
云浮,2014-02-07,27,26~29,优,9,25,21.7,2.5,15.3,5,23
云浮,2014-02-08,27,23~38,优,10.1,22.7,8.4,2.458,14,15,16
云浮,2014-02-09,25,24~27,优,4.5,8.3,4.8,2.467,11.4,28,25
云浮,2014-02-10,33,24~46,优,18.5,29.3,8,2.524,9,58,28
云浮,2014-02-11,51,39~80,良,32.5,52.7,13,2.23,8.5,53,27
云浮,2014-02-12,49,24~62,优,24.2,51.4,7.3,1.058,10.8,47,15
云浮,2014-02-13,31,15~53,优,15.3,29.7,11.9,1.122,13.9,35,19
云浮,2014-02-14,49,34~57,优,23.8,49.9,21.6,0.95,10.7,83,15
云浮,2014-02-15,53,43~62,良,23,54.6,13.5,1.025,19.2,40,16
云浮,2014-02-16,39,14~66,优,15.1,40.2,6.8,1.363,25.2,20,22
云浮,2014-02-17,71,41~112,良,43.1,82.8,38.1,2.057,38,28,86
云浮,2014-02-18,41,14~93,优,23.8,46.2,23.3,1.679,20.1,14,51
云浮,2014-02-19,30,15~57,优,17.4,29.7,20.7,1.257,22.8,56,24
云浮,2014-02-20,49,35~80,优,28,43.5,21.2,0.994,17,91,30
云浮,2014-02-21,95,62~141,良,69.7,109.2,35.5,1.3,49.4,79,55
云浮,2014-02-22,76,63~93,良,55.1,79.3,14.5,1.191,42.7,47,39
云浮,2014-02-23,67,48~128,良,44,73.4,16.1,1.213,27.8,99,24
云浮,2014-02-24,80,47~127,良,54.8,91.3,11.7,1.463,29.1,73,38
云浮,2014-02-25,60,45~78,良,34.3,69.3,12.5,1.522,33.7,44,50
云浮,2014-02-26,73,48~110,良,47.9,91.6,17.1,1.621,26.3,82,59
云浮,2014-02-27,68,47~93,良,42.3,84.7,17,1.657,29,114,75
云浮,2014-02-28,37,24~54,优,16.6,35.6,5.6,1.391,18.8,46,20
云浮,2014-03-01,37,22~52,优,13.9,36.3,6.4,1.407,15.5,56,24
云浮,2014-03-02,27,15~44,优,12.3,26.3,15.8,1.643,21.2,13,9
云浮,2014-03-03,21,18~30,优,7.2,18.5,14.9,1.954,27.9,12,2
云浮,2014-03-04,29,18~55,优,14.4,26.9,30.4,1.987,35.6,8,12
云浮,2014-03-05,30,16~57,优,14.4,26,15.3,1.709,22.4,36,13
云浮,2014-03-06,54,31~77,良,33.3,57.5,26.3,2.033,55,9,62
云浮,2014-03-07,22,16~41,优,5.9,18.4,15.2,1.835,36,9,5
云浮,2014-03-08,21,16~39,优,7,17.8,17,1.743,30.9,7,6
云浮,2014-03-09,17,14~24,优,5.6,14.9,10.5,1.483,17.3,24,3
云浮,2014-03-10,32,14~68,优,19.2,26.3,10.4,1.558,25.3,21,14
云浮,2014-03-11,34,21~45,优,18.1,32.6,19.8,1.805,39.2,14,6
云浮,2014-03-12,61,36~86,良,35.9,73.3,16.4,2.552,42.6,15,69
云浮,2014-03-13,38,16~64,优,11.3,37.8,11,1.922,18.2,73,20
云浮,2014-03-14,52,40~70,良,21.7,55,14.7,1.626,21.6,78,14
云浮,2014-03-15,67,54~108,良,26,82.6,25.6,1.742,36.9,56,27
云浮,2014-03-16,85,76~97,良,34.7,117.8,44.9,2.088,58,18,56
云浮,2014-03-17,106,64~382,轻度污染,56.7,129.2,26,2.226,38.8,82,66
云浮,2014-03-18,98,34~169,良,70.4,84.6,10.2,2.2,28.8,70,63
云浮,2014-03-19,65,19~500,良,24.6,70.9,6.1,1.7,15.4,80,22
云浮,2014-03-20,58,26~80,良,39,56.2,15.5,1.946,22.4,65,55
云浮,2014-03-21,38,28~52,优,22.9,36,14.5,1.604,16.5,66,8
云浮,2014-03-22,45,36~60,优,28.3,43,27.5,1.613,28.4,49,7
云浮,2014-03-23,63,47~91,良,42.6,61.5,31.1,1.842,38.4,163,33
云浮,2014-03-24,58,35~87,良,37.4,57,9.9,1.865,27.5,127,34
云浮,2014-03-25,44,27~56,优,24.9,39.9,6.3,1.732,18.1,96,8
云浮,2014-03-26,47,26~87,优,28.8,44.7,6.7,1.609,19.6,125,13
云浮,2014-03-27,43,23~71,优,26.4,39.5,4.6,1.295,20.5,87,10
云浮,2014-03-28,33,16~52,优,20.5,31.6,3.7,1.27,18.5,30,10
云浮,2014-03-29,26,15~36,优,14.8,24.8,4.9,1.321,16,64,6
云浮,2014-03-30,31,12~136,优,8.2,15.8,3.3,1.252,23,271,17
云浮,2014-03-31,28,14~46,优,10.7,18.4,7.7,1.417,17.6,80,7
云浮,2014-04-01,30,17~67,优,18.5,26.8,16.1,1.476,21.9,57,6
云浮,2014-04-02,28,14~42,优,12.8,23.8,8.6,1.258,24.2,74,4
云浮,2014-04-03,26,15~49,优,14,17.6,13,1.6,23.2,89,5
云浮,2014-04-04,53,40~77,良,32.8,47.6,10.9,1.458,18.2,134,20
云浮,2014-04-05,61,38~93,良,34.3,46,11.3,1.413,17.6,172,50
云浮,2014-04-06,39,25~74,优,21.5,31.5,4.7,1.341,20.1,103,16
云浮,2014-04-07,54,30~69,良,37.2,50.8,14.6,1.509,29.6,63,30
云浮,2014-04-08,65,48~83,良,44.4,63.9,18.6,1.621,38.9,113,36
云浮,2014-04-09,76,45~112,良,50.9,67.5,10.8,1.671,31.6,138,51
云浮,2014-04-10,51,29~72,良,33.3,48.8,5,1.408,13.6,90,24
云浮,2014-04-11,59,46~78,良,36.4,62.6,7.6,1.782,13.6,69,36
云浮,2014-04-12,51,36~65,良,27,52.5,4.9,1.753,10.6,55,35
云浮,2014-04-13,58,39~70,良,30.6,66,16.7,1.832,16.6,78,49
云浮,2014-04-14,77,52~112,良,54.4,87.4,17.5,2.138,25.5,92,70
云浮,2014-04-15,52,37~68,良,33.3,52.8,6.4,1.83,9.6,72,23
云浮,2014-04-16,43,27~54,优,23.6,41.4,5.1,1.891,10.8,76,17
云浮,2014-04-17,34,24~50,优,15.5,32.1,5.7,1.9,11.8,79,7
云浮,2014-04-18,30,19~44,优,13.1,28.8,5.5,1.836,10.4,79,5
云浮,2014-04-19,36,23~53,优,17,34.4,5.3,1.861,11.6,55,20
云浮,2014-04-20,50,28~85,优,28.5,52,10.4,2.033,16.5,87,41
云浮,2014-04-21,36,22~60,优,15.5,35.6,6.9,1.917,12,66,17
云浮,2014-04-22,33,21~55,优,15.7,31.3,9.5,2.038,17.1,32,15
云浮,2014-04-23,43,31~60,优,24.4,43.1,14.2,2.522,27.8,24,17
云浮,2014-04-24,38,22~59,优,15.1,38,6.8,2.322,21.4,36,11
云浮,2014-04-25,34,22~52,优,14.1,32.7,6.5,2.178,17.4,28,13
云浮,2014-04-26,26,19~45,优,8.6,20.4,6,2.023,13,71,8
云浮,2014-04-27,26,20~43,优,12.2,21.7,11,2.104,18.8,40,9
云浮,2014-04-28,31,21~49,优,13.5,27.6,28.8,2.229,19.7,122,3
云浮,2014-04-29,50,35~78,良,30.5,50.7,19,2.417,26.2,124,16
云浮,2014-04-30,39,21~61,优,20.2,35.2,8.6,2.165,14.1,50,7
云浮,2014-05-01,51,37~61,良,26.9,52.9,10.4,2.233,21,39,20
云浮,2014-05-02,71,49~102,良,46.3,80.9,13,2.45,21,80,73
云浮,2014-05-03,83,66~106,良,44.8,82.6,11.2,2.476,17.4,186,110
云浮,2014-05-04,56,29~75,良,32.4,56.2,8.3,2.117,14,88,65
云浮,2014-05-05,28,25~36,优,9.4,14.8,6.6,2.062,11.1,65,9
云浮,2014-05-06,41,29~56,优,24.6,35.2,10.7,2.083,20.3,40,18
云浮,2014-05-07,33,22~56,优,16.7,29.1,8,2.383,34.7,15,9
云浮,2014-05-08,49,26~89,优,31.7,47,11.1,2.533,57.8,17,35
云浮,2014-05-09,36,21~57,优,18.6,33.9,9.2,2.524,41.2,17,22
云浮,2014-05-10,21,16~36,优,6,17.7,5.5,1.821,11,47,5
云浮,2014-05-11,25,16~45,优,8.4,23.2,11.9,1.93,16.6,44,12
云浮,2014-05-12,36,20~59,优,20.3,34.7,13.2,2.27,19.5,34,16
云浮,2014-05-13,50,18~83,优,27.8,52.1,10.4,2.313,17.9,54,37
云浮,2014-05-14,23,16~31,优,6.8,20.9,5.6,1.642,5.9,63,5
云浮,2014-05-15,27,17~50,优,9,23.6,6.6,1.709,9.8,57,8
云浮,2014-05-16,33,18~57,优,14.7,29,7,1.752,10.1,70,11
云浮,2014-05-17,24,15~34,优,9,20.3,5.6,1.413,12.2,59,7
云浮,2014-05-18,23,14~40,优,10,20.8,7.4,1.391,16.4,60,6
云浮,2014-05-19,23,15~43,优,8.3,21,23.6,1.445,19.2,57,6
云浮,2014-05-20,35,14~62,优,16.3,33.9,15.8,1.488,15.6,55,18
云浮,2014-05-21,54,22~100,良,29.1,60.7,9.2,1.405,14.6,79,39
云浮,2014-05-22,40,17~64,优,9.7,37.3,9.2,1.173,14,137,28
云浮,2014-05-23,57,27~87,良,28.3,64.3,10.9,1.476,24.7,68,67
云浮,2014-05-24,103,31~252,轻度污染,22.5,56.8,8.6,1.296,19,605,113
云浮,2014-05-25,31,14~52,优,11.4,29.5,6.1,1.367,10.9,70,16
云浮,2014-05-26,50,33~70,优,21,51.9,13.6,1.559,20.1,87,35
云浮,2014-05-27,75,41~215,良,18.3,57.7,11.4,1.242,14.7,455,48
云浮,2014-05-28,41,24~68,优,16.8,41.4,5.4,1.005,12.1,93,18
云浮,2014-05-29,47,35~64,优,21.9,44.7,14.4,0.877,19.6,110,20
云浮,2014-05-30,52,29~63,良,20,52.4,15.4,0.995,26.7,97,30
云浮,2014-05-31,37,22~57,优,11,30.6,6.7,0.709,9.8,98,19
云浮,2014-06-01,31,18~60,优,8.7,25.3,6,0.626,5.4,88,22
云浮,2014-06-02,37,21~59,优,9,26.5,7.6,0.545,5.4,127,33
云浮,2014-06-03,43,24~60,优,15.5,37.4,6.6,0.679,12.3,106,34
云浮,2014-06-04,52,27~88,良,21.3,43.5,11.1,0.667,16.5,97,45
云浮,2014-06-05,33,21~63,优,7.7,31.8,8.5,0.558,8.3,93,17
云浮,2014-06-06,32,19~59,优,8.6,27.5,11.9,0.794,16.6,82,16
云浮,2014-06-07,33,14~53,优,14.4,31.6,16.6,0.748,19.6,98,24
云浮,2014-06-08,59,26~91,良,32.2,55,18.6,0.864,13.6,166,58
云浮,2014-06-09,74,43~114,良,49.3,61.2,10.3,0.891,15.6,194,102
云浮,2014-06-10,52,40~63,良,33.1,44.5,8.1,0.721,15.1,103,62
云浮,2014-06-11,48,33~70,优,27,49.3,10.5,0.891,22.7,96,35
云浮,2014-06-12,89,59~136,良,62.1,97.3,15.3,1.043,25.1,146,101
云浮,2014-06-13,120,91~163,轻度污染,66,114.7,30.2,1.1,27.5,320,137
云浮,2014-06-14,110,62~170,轻度污染,45.8,75.1,40.7,1.135,35.1,272,113
云浮,2014-06-15,98,61~143,良,43.2,77.1,23.7,1.087,24.9,225,97
云浮,2014-06-16,84,58~120,良,32.7,64,20.6,1.07,23.7,189,95
云浮,2014-06-17,49,33~77,优,6.5,15.6,8,0.9,10.1,111,44
云浮,2014-06-18,33,19~46,优,8.7,25.6,15.3,1.176,21.9,100,17
云浮,2014-06-19,43,21~87,优,25.2,36.8,10.3,0.829,15.5,107,50
云浮,2014-06-20,41,29~57,优,22.6,38.1,6.2,0.7,9.7,84,51
云浮,2014-06-21,46,27~65,优,20,46.8,10.8,0.832,22.5,69,64
云浮,2014-06-22,57,35~79,良,29.1,62.3,21.7,0.974,23.6,89,86
云浮,2014-06-23,31,16~50,优,17.5,27.6,8.7,0.914,20.1,43,21
云浮,2014-06-24,30,23~42,优,14.2,25.9,7,0.983,12.7,82,20
云浮,2014-06-25,24,15~33,优,9.8,19.2,5.8,0.821,7.2,81,6
云浮,2014-06-26,31,23~39,优,10.5,24.9,6,0.745,9.7,89,16
云浮,2014-06-27,30,19~45,优,11,24.4,7.2,0.765,11.2,83,14
云浮,2014-06-28,36,21~45,优,13.8,29.5,7.8,0.814,13.4,102,26
云浮,2014-06-29,43,21~82,优,15.3,27.7,9.1,0.757,10.3,158,42
云浮,2014-06-30,29,14~62,优,8.6,18.4,11.2,0.765,10.8,74,18
云浮,2014-07-01,25,18~32,优,11,22.4,10.8,0.843,12.4,68,9
云浮,2014-07-02,29,21~38,优,11.3,22.5,6.8,0.833,9,77,10
云浮,2014-07-03,25,17~45,优,8,19.9,9.8,0.823,9.3,73,6
云浮,2014-07-04,24,14~34,优,8,17.5,6.7,0.787,5.7,72,5
云浮,2014-07-05,26,14~38,优,9.5,19.1,6.9,0.774,5.7,88,11
云浮,2014-07-06,28,18~38,优,12.2,21.9,8.4,0.829,7.4,96,8
云浮,2014-07-07,40,19~70,优,14,30,31.2,0.925,17.1,150,22
云浮,2014-07-08,44,20~67,优,21.2,37.3,20.1,1.065,22.1,147,30
云浮,2014-07-09,49,15~87,优,19.9,37.5,22.2,0.968,17.1,179,62
云浮,2014-07-10,43,26~64,优,20.5,30.7,13,0.871,13.5,157,43
云浮,2014-07-11,26,19~34,优,11.7,21.8,9.3,0.936,14.8,67,12
云浮,2014-07-12,22,10~36,优,9,19.3,9.1,0.979,14.3,63,9
云浮,2014-07-13,22,15~34,优,9.1,18.5,9.8,0.896,9.7,51,7
云浮,2014-07-14,20,10~35,优,7,17.1,7.7,0.854,11.9,52,6
云浮,2014-07-15,22,17~25,优,6.2,15.4,7.5,0.769,8,62,8
云浮,2014-07-16,20,12~49,优,8.3,16.1,7.6,0.882,11.5,56,10
云浮,2014-07-17,50,13~117,优,15,21.5,14.6,1.113,18.1,231,60
云浮,2014-07-18,24,16~72,优,7.7,15,14,1.118,21.7,57,15
云浮,2014-07-19,20,12~29,优,4.6,8.5,8.4,0.935,6.2,63,6
云浮,2014-07-20,24,13~40,优,11.8,17.7,13,1.095,16.5,90,15
云浮,2014-07-21,28,20~41,优,13.8,22.1,21.5,1.275,18.9,88,18
云浮,2014-07-22,39,22~60,优,22.1,29.6,22.6,1.288,20.9,154,35
云浮,2014-07-23,46,33~68,优,23.5,33,9.8,1.192,10.7,136,59
云浮,2014-07-24,49,33~87,优,30.1,41.5,9.4,1.192,13.4,124,71
云浮,2014-07-25,46,24~78,优,18.4,36.1,14.6,1.171,13.8,145,61
云浮,2014-07-26,54,38~75,良,22.6,55.8,18.4,1.186,28.5,127,43
云浮,2014-07-27,47,24~64,优,18.5,46.7,14,1.246,25,83,38
云浮,2014-07-28,51,26~74,良,30.3,49.8,11.6,1.19,14.9,135,46
云浮,2014-07-29,57,45~83,良,35.8,56.7,14,1.187,15.9,134,52
云浮,2014-07-30,65,54~99,良,45.3,62.2,10.9,1.083,15.5,122,102
云浮,2014-07-31,71,55~97,良,48.4,74.1,13.9,1.062,18.6,152,115
云浮,2014-08-01,73,56~107,良,49.9,76.3,11,1.026,15.9,142,140
云浮,2014-08-02,65,58~74,良,42.9,67.9,42.6,1.133,23.6,154,120
云浮,2014-08-03,75,54~105,良,50.3,67.3,42,1.117,25.1,162,114
云浮,2014-08-04,61,48~78,良,37.4,60.8,33.7,1.121,19.1,152,71
云浮,2014-08-05,57,43~72,良,37.6,54.9,10.7,1.052,14.7,120,85
云浮,2014-08-06,61,44~83,良,42.3,59.5,25.1,1.113,19.3,76,105
云浮,2014-08-07,53,34~74,良,34,49.8,38,1.096,18.6,94,81
云浮,2014-08-08,61,37~128,良,35.4,64,59.7,1.174,24,112,94
云浮,2014-08-09,35,20~54,优,19,32.7,7.7,1.035,8.7,65,35
云浮,2014-08-10,35,24~52,优,19.9,29.7,8.6,0.979,10,63,21
云浮,2014-08-11,41,25~58,优,20.3,39.6,10.9,0.986,11.5,68,35
云浮,2014-08-12,34,23~53,优,16.8,31.6,17.3,0.9,13,65,25
云浮,2014-08-13,39,18~63,优,21.4,37.9,21,1.05,22.5,41,51
云浮,2014-08-14,25,13~43,优,13,22.2,12.9,1.058,16.5,43,17
云浮,2014-08-15,25,16~53,优,11.4,22,18.3,1.122,15.2,56,7
云浮,2014-08-16,26,19~40,优,11.2,21.7,11.1,1.065,10.1,66,5
云浮,2014-08-17,27,16~49,优,9.4,25.5,10,1.222,8.6,68,10
云浮,2014-08-18,21,13~36,优,9.9,18.7,8.1,0.995,7.7,62,6
云浮,2014-08-19,21,14~31,优,10,18,10.8,1.017,13.1,46,8
云浮,2014-08-20,21,11~36,优,9.7,19.5,11,1.083,17.8,33,13
云浮,2014-08-21,25,19~34,优,10.7,21.3,12.6,1.096,15.5,68,8
云浮,2014-08-22,29,19~42,优,11,24.7,16,1.175,18.2,107,11
云浮,2014-08-23,24,15~37,优,10.6,20.3,10.7,1.135,12.7,72,7
云浮,2014-08-24,21,16~35,优,8.6,16.8,8.3,1.096,11.1,65,6
云浮,2014-08-25,35,19~58,优,19.4,25.7,23.5,1.154,11,87,25
云浮,2014-08-26,43,26~62,优,21.6,34.8,13.5,1.171,15.3,161,36
云浮,2014-08-27,41,23~58,优,18.3,31.5,17.6,1.167,23.3,147,41
云浮,2014-08-28,21,11~37,优,9,18.8,12.1,1.173,16.6,48,9
云浮,2014-08-29,44,16~79,优,22.2,39.8,16.9,1.326,18,177,56
云浮,2014-08-30,77,39~129,良,41.7,58,25.9,1.358,23.6,238,115
云浮,2014-08-31,41,18~94,优,23.9,36,17.5,1.274,25.3,66,58
云浮,2014-09-01,60,23~191,良,35.7,55.6,26.4,1.391,24.2,112,89
云浮,2014-09-02,49,25~80,优,28,44.7,14,1.3,14.3,74,87
云浮,2014-09-03,47,34~61,优,21.5,48,19,1.243,17.3,98,95
云浮,2014-09-04,55,38~76,良,35.1,59.2,24.2,1.243,18.7,106,60
云浮,2014-09-05,64,56~76,良,39.5,74.8,20.7,1.421,26,130,68
云浮,2014-09-06,80,60~100,良,56.7,79.6,36.3,1.458,31.1,160,101
云浮,2014-09-07,90,66~110,良,61,88,22.9,1.479,25.2,183,128
云浮,2014-09-08,47,23~66,优,30.2,46.8,20.8,1.478,21.7,64,55
云浮,2014-09-09,38,25~61,优,24.5,32.9,10.2,1.326,8.7,60,34
云浮,2014-09-10,39,28~68,优,23.7,37.4,9.2,1.271,8.8,81,31
云浮,2014-09-11,40,24~56,优,24.9,37.7,10.1,1.283,11.7,89,38
云浮,2014-09-12,56,36~75,良,34.6,54.8,20.3,1.425,22.3,139,110
云浮,2014-09-13,54,20~77,良,36.3,52.5,23.2,1.465,27.7,58,101
云浮,2014-09-14,80,60~137,良,58.3,71.1,21.5,1.554,28.8,150,160
云浮,2014-09-15,78,32~111,良,55.3,70.1,20.9,1.546,21.9,89,157
云浮,2014-09-16,23,16~31,优,9.5,15,11.7,1.258,9.9,59,17
云浮,2014-09-17,20,15~32,优,7.4,17,9.6,1.326,8,47,9
云浮,2014-09-18,45,29~56,优,21.8,44.6,12.8,1.429,12.9,83,67
云浮,2014-09-19,47,33~66,优,27.3,47.9,15.7,1.521,16.5,80,53
云浮,2014-09-20,36,26~51,优,22,33.6,34.1,1.704,21.1,79,22
云浮,2014-09-21,45,28~62,优,25.2,44.2,33.7,1.545,27.1,107,45
云浮,2014-09-22,56,41~71,良,32.7,53.5,32.8,1.541,29.1,135,74
云浮,2014-09-23,59,52~66,良,39.3,63.8,32.7,1.617,32.7,113,100
云浮,2014-09-24,63,55~71,良,44,67.3,24.6,1.463,25.9,149,109
云浮,2014-09-25,67,58~76,良,45.5,73.4,29.8,1.388,23.5,146,78
云浮,2014-09-26,79,63~100,良,53.9,78.9,15.2,1.5,23.2,193,92
云浮,2014-09-27,45,24~64,优,24.1,45,10.1,1.271,13.1,77,32
云浮,2014-09-28,30,18~53,优,14.5,28.6,9.8,1.191,8.6,58,18
云浮,2014-09-29,44,25~62,优,21.6,44.8,26.1,1.308,16,112,58
云浮,2014-09-30,62,44~80,良,38.4,68.5,43.2,1.488,30.1,139,127
云浮,2014-10-01,72,61~93,良,51.3,73.8,22.2,1.586,17.7,156,130
云浮,2014-10-02,93,83~106,良,69.3,104.5,34,1.735,26,162,147
云浮,2014-10-03,72,56~86,良,52,76.4,18.9,1.579,17.9,131,98
云浮,2014-10-04,69,54~85,良,47,74.3,21.3,1.655,22.1,154,104
云浮,2014-10-05,72,54~86,良,47.6,74.9,21.7,1.526,25.4,139,104
云浮,2014-10-06,73,56~92,良,41.8,74.4,25.3,1.396,30.3,166,101
云浮,2014-10-07,80,62~95,良,51.4,81.3,49.5,1.439,28.1,161,81
云浮,2014-10-08,88,69~108,良,62.4,93,29.6,1.548,28.9,171,87
云浮,2014-10-09,87,53~115,良,61.3,91.4,46.8,1.575,34.3,143,89
云浮,2014-10-10,69,48~81,良,45.8,74,25.4,1.352,28,136,60
云浮,2014-10-11,70,54~83,良,47.4,80.4,28.4,1.277,28.6,141,76
云浮,2014-10-12,72,59~86,良,50.6,74.7,23.4,1.246,23.3,138,126
云浮,2014-10-13,98,81~122,良,72.5,96.2,17.9,1.288,22.2,147,164
云浮,2014-10-14,119,97~141,轻度污染,89.8,123,25,1.446,24.2,172,154
云浮,2014-10-15,127,99~143,轻度污染,95.7,131.6,31.3,1.587,36.3,183,127
云浮,2014-10-16,139,113~167,轻度污染,105,145.6,35.9,1.752,42,253,153
云浮,2014-10-17,126,71~171,轻度污染,94,122.7,20,1.635,29.3,177,129
云浮,2014-10-18,121,94~147,轻度污染,88.8,116,20.6,1.587,30.2,218,121
云浮,2014-10-19,100,61~133,良,73.1,104.5,24.7,1.559,31.9,183,119
云浮,2014-10-20,57,43~71,良,37.4,60,14.8,1.405,22.4,100,45
云浮,2014-10-21,56,37~67,良,33.6,59.8,23.5,1.357,22.5,106,47
云浮,2014-10-22,43,28~61,优,29.8,36.8,17.1,1.483,14.6,119,13
云浮,2014-10-23,61,51~82,良,42.3,57.7,23,1.576,19.2,119,28
云浮,2014-10-24,96,76~127,良,71.3,106.3,39.8,1.829,43,153,98
云浮,2014-10-25,135,108~206,轻度污染,102,145.9,29.4,2.032,46.6,181,153
云浮,2014-10-26,105,85~154,轻度污染,78,117.8,31.1,1.917,39.7,168,116
云浮,2014-10-27,103,60~124,轻度污染,71.7,108.4,26.9,1.791,41.6,208,131
云浮,2014-10-28,69,48~113,良,45.5,68,21.4,1.545,25.5,149,74
云浮,2014-10-29,49,37~64,优,27.8,48.3,19.8,1.359,17.5,108,41
云浮,2014-10-30,42,30~52,优,24.1,40.9,15.9,1.373,18,96,31
云浮,2014-10-31,50,37~67,良,33,51.6,13.7,1.518,19.4,93,58
云浮,2014-11-01,67,53~91,良,45,66.6,17,1.6,23.4,183,84
云浮,2014-11-02,48,25~80,优,33.2,48.5,16.7,1.783,21.7,57,63
云浮,2014-11-03,39,23~56,优,20.2,38,43.1,1.583,30.4,95,16
云浮,2014-11-04,64,55~76,良,38.4,73.3,63.9,1.659,50.1,46,37
云浮,2014-11-05,90,72~146,良,65.9,110.8,42.2,2.014,49,157,83
云浮,2014-11-06,58,20~168,良,40.5,48.2,21.4,1.855,25.6,61,42
云浮,2014-11-07,47,28~58,优,32.1,33.4,16.6,1.752,25.7,26,36
云浮,2014-11-08,20,17~27,优,9.1,11.6,14.3,1.655,18,42,6
云浮,2014-11-09,30,18~42,优,17.7,26.5,21.7,1.742,24.4,31,13
云浮,2014-11-10,24,18~38,优,13.9,16.9,14.8,1.829,20.5,23,6
云浮,2014-11-11,30,20~41,优,17,27,16.7,1.967,22.7,13,8
云浮,2014-11-12,20,19~24,优,8,12.2,13.6,1.852,13.7,24,4
云浮,2014-11-13,36,18~70,优,19.3,33.3,17.5,1.771,14.3,86,19
云浮,2014-11-14,71,55~94,良,48.2,67.1,27.1,1.933,27.2,114,60
云浮,2014-11-15,67,55~81,良,46.4,72,25.3,2.025,35.3,111,46
云浮,2014-11-16,65,44~78,良,45.6,69.7,27.1,1.97,29.4,99,44
云浮,2014-11-17,54,45~65,良,36.2,50.5,19,1.846,15.4,99,23
云浮,2014-11-18,60,47~66,良,40.8,58,30.1,1.8,23.5,88,19
云浮,2014-11-19,56,49~63,良,35,58.6,25.7,1.778,25.8,97,18
云浮,2014-11-20,70,62~88,良,47.3,81.3,30.9,2.004,34,153,37
云浮,2014-11-21,90,66~115,良,63.3,95.2,30.9,2.174,39.9,177,64
云浮,2014-11-22,89,54~119,良,64.9,91.4,28.5,2.155,41.1,166,63
云浮,2014-11-23,81,56~108,良,59,80.8,19.3,2.071,29.3,108,75
云浮,2014-11-24,62,43~87,良,42.5,66,16.7,1.964,22.5,97,77
云浮,2014-11-25,72,53~88,良,50.7,74.5,27.9,1.971,22.3,83,95
云浮,2014-11-26,68,35~165,良,45.2,68.7,32.8,2.311,20.7,117,56
云浮,2014-11-27,108,42~181,轻度污染,80,112.6,22.5,2.174,28,106,122
云浮,2014-11-28,66,50~97,良,44.2,75.6,17.8,1.917,10.4,93,78
云浮,2014-11-29,63,42~80,良,41.7,74.2,14.5,1.927,14.7,69,60
云浮,2014-11-30,60,32~80,良,34.5,69.3,27.3,1.913,15.1,61,84
云浮,2014-12-01,32,23~62,优,15.8,29.3,17.6,2.317,6.9,55,19
云浮,2014-12-02,31,26~42,优,20.5,29.5,19.1,2.282,6.5,25,10
云浮,2014-12-03,41,19~55,优,26.1,38.5,15.2,1.71,12.2,26,23
云浮,2014-12-04,19,14~30,优,6.6,11.6,13.4,1.233,6.1,49,7
云浮,2014-12-05,30,21~48,优,13.5,28.8,24.6,0.925,9.8,69,10
云浮,2014-12-06,54,45~62,良,25,56,34.8,1.035,22.9,52,31
云浮,2014-12-07,37,18~59,优,23.9,35.7,15.2,1.013,10.8,41,12
云浮,2014-12-08,41,18~60,优,19.5,41.2,30.9,1.054,11.4,48,16
云浮,2014-12-09,65,52~97,良,38.5,74.5,29.6,1.163,19.8,107,52
云浮,2014-12-10,86,62~100,良,61.2,106.5,46.2,0.917,31.2,106,90
云浮,2014-12-11,71,50~105,良,49,76.7,44.6,0.8,21.3,76,77
云浮,2014-12-12,51,32~84,良,32.6,54.5,28,0.804,16.3,90,40
云浮,2014-12-13,71,64~85,良,43.8,89.1,36.3,0.763,18,82,59
云浮,2014-12-14,79,67~99,良,50.3,104.4,30.8,0.891,33.1,110,48
云浮,2014-12-15,99,88~128,良,72.5,137.3,44.6,1.226,50.3,67,76
云浮,2014-12-16,74,57~106,良,47.9,93.7,49,0.777,23.9,99,95
云浮,2014-12-17,57,43~66,良,27.1,62.5,29,0.574,19.8,91,43
云浮,2014-12-18,66,58~73,良,35.3,79.4,42.1,0.742,35,66,37
云浮,2014-12-19,73,59~92,良,46.7,92.9,56.7,0.961,49.8,30,61
云浮,2014-12-20,56,41~76,良,24.2,61.4,26.2,0.925,32.2,92,52
云浮,2014-12-21,60,40~86,良,22.1,69.5,30,0.963,28.5,113,57
云浮,2014-12-22,59,52~68,良,22,65,37.6,0.95,22.1,113,21
云浮,2014-12-23,69,59~89,良,26.9,85.9,71.8,1.248,54.7,73,21
云浮,2014-12-24,66,39~77,良,36.1,80.7,54,1.387,58.1,86,36
云浮,2014-12-25,70,58~83,良,38.8,87,49.2,1.592,52.9,71,58
云浮,2014-12-26,66,55~75,良,40.2,78.3,16.9,1.288,31.3,48,56
云浮,2014-12-27,33,16~59,优,15.8,32.3,12.7,1.326,22.3,47,11
云浮,2014-12-28,37,17~53,优,13,35.8,19,1.496,26.1,54,8
云浮,2014-12-29,46,28~73,优,16.8,47,32.8,1.163,31.3,88,8
云浮,2014-12-30,53,35~84,良,20.7,57.5,49.4,1.148,34.7,91,18
云浮,2014-12-31,57,33~97,良,21,63.7,73.8,1.248,41.3,90,64
云浮,2015-01-01,59,47~67,良,20.4,65.4,34.8,1.22,30.2,118,149
云浮,2015-01-02,62,52~77,良,21.6,71.3,32,1.333,37.1,98,82
云浮,2015-01-03,68,60~81,良,24.8,84.1,27.8,1.475,39.2,153,74
云浮,2015-01-04,58,46~78,良,27,63.8,23.6,1.433,32.8,95,31
云浮,2015-01-05,66,52~79,良,32.5,79,16.5,1.714,43.5,48,74
云浮,2015-01-06,63,40~86,良,30.4,75.2,17.5,1.55,35,80,137
云浮,2015-01-07,43,23~59,优,19.3,43.3,26.6,1.613,25.3,49,54
云浮,2015-01-08,37,24~62,优,18.9,36.1,23,1.743,28.4,116,18
云浮,2015-01-09,57,50~68,良,31.9,59.2,32.6,1.474,42.2,92,59
云浮,2015-01-10,63,53~69,良,39.2,72.1,42.4,1.271,37.7,105,71
云浮,2015-01-11,49,30~70,优,28.4,50.2,31.3,1.126,30.8,38,61
云浮,2015-01-12,23,17~51,优,12.5,17.1,13.7,0.9,23.1,42,12
云浮,2015-01-13,21,14~33,优,9.4,17.8,21.9,1.05,27.3,48,9
云浮,2015-01-14,43,23~81,优,22.9,44.9,35.2,1.03,26.6,73,64
云浮,2015-01-15,68,55~82,良,48,76.5,22.4,1.183,33.7,75,106
云浮,2015-01-16,69,53~83,良,47.7,81.1,53.4,1.214,40.5,67,109
云浮,2015-01-17,76,59~91,良,54,92.2,23.5,1.192,33.4,108,123
云浮,2015-01-18,89,77~123,良,58.1,123.6,36.9,1.335,41,107,153
云浮,2015-01-19,90,72~121,良,63.9,117.8,26.1,1.261,38.2,94,174
云浮,2015-01-20,117,99~160,轻度污染,87.8,140.2,47.6,1.283,57.1,131,248
云浮,2015-01-21,142,104~172,轻度污染,107.2,164.3,51.3,1.361,63.7,87,272
云浮,2015-01-22,111,64~156,轻度污染,82.5,125.1,37.3,1.225,45.5,101,199
云浮,2015-01-23,83,45~128,良,58.2,88.9,13.8,1.11,36.1,92,96
云浮,2015-01-24,109,59~221,轻度污染,80.5,104.1,17.4,1.265,47.4,72,135
云浮,2015-01-25,161,88~220,中度污染,120.8,119,21.6,1.504,60.3,84,223
云浮,2015-01-26,126,80~184,轻度污染,94.9,124.5,18.7,1.564,42.2,87,182
云浮,2015-01-27,147,117~204,轻度污染,111.3,136.8,25.9,1.521,55.2,91,309
云浮,2015-01-28,86,60~161,良,63.1,72.7,13.1,1.122,32.9,59,280
云浮,2015-01-29,57,42~78,良,38.6,57.6,18.6,1.045,30.1,74,159
云浮,2015-01-30,48,34~66,优,25.7,50.3,38.1,1.209,33.8,22,100
云浮,2015-01-31,52,43~65,良,34.6,49.7,30.6,1.163,28.5,24,105
云浮,2015-02-01,59,53~76,良,41,57.1,17.6,1.163,28.4,54,113
云浮,2015-02-02,69,55~82,良,49,72.5,26.7,1.35,36.3,103,105
云浮,2015-02-03,90,75~117,良,66.1,94.5,24,1.635,51.8,99,153
云浮,2015-02-04,88,61~137,良,64.3,75.9,43.7,1.691,40.7,13,177
云浮,2015-02-05,77,40~116,良,56,67,24.7,1.361,25,50,181
云浮,2015-02-06,103,89~114,轻度污染,76.9,90.8,19.7,1.361,26.8,78,232
云浮,2015-02-07,124,115~160,轻度污染,93.6,133,49.2,1.574,63.1,18,260
云浮,2015-02-08,82,54~115,良,59.2,81.4,27,1.317,35,87,203
云浮,2015-02-09,71,60~78,良,50,78.5,21,1.321,42.1,107,147
云浮,2015-02-10,94,72~124,良,68.8,98.3,23.3,1.467,50,121,175
云浮,2015-02-11,139,116~174,轻度污染,104.9,122.5,53,1.674,71.4,44,262
云浮,2015-02-12,132,83~182,轻度污染,99.2,123.3,41.1,1.7,48.7,105,242
云浮,2015-02-13,90,55~116,良,65,90.4,13.1,1.648,49,101,156
云浮,2015-02-14,68,58~80,良,45,76,21.6,1.446,60.8,56,80
云浮,2015-02-15,83,64~124,良,60.6,73.8,33.4,1.546,46.3,52,145
云浮,2015-02-16,92,65~115,良,67.6,74.1,54.8,1.808,41,44,167
云浮,2015-02-17,81,61~115,良,58.6,53.3,9.2,1.804,22.7,72,157
云浮,2015-02-18,60,40~72,良,41.4,56.3,8.7,1.583,17,68,97
云浮,2015-02-19,93,47~199,良,56.5,121.9,18.2,1.471,12.4,63,142
云浮,2015-02-20,47,32~69,优,27.8,48,8.4,1.324,10.2,70,96
云浮,2015-02-21,29,24~39,优,17.6,28.3,10,1.265,13.2,49,25
云浮,2015-02-22,33,23~45,优,20.4,31.3,10.3,1.343,18.6,30,30
云浮,2015-02-23,23,12~47,优,11.5,20.5,6.5,1.259,10.5,24,14
云浮,2015-02-24,27,16~53,优,13,25.5,6.8,1.232,9.8,43,23
云浮,2015-02-25,23,16~36,优,11.5,20.5,6.5,1.123,7.3,52,17
云浮,2015-02-26,28,20~38,优,17,26.8,7.2,1.24,9.7,43,28
云浮,2015-02-27,25,16~57,优,13.3,23.5,6.4,1.15,12.1,39,31
云浮,2015-02-28,32,19~66,优,18.6,31.4,6.5,1.271,13.5,37,79
云浮,2015-03-01,21,14~43,优,7.3,16.7,17.1,1.333,14.9,45,17
云浮,2015-03-02,35,17~54,优,19.4,34.6,9.4,1.37,26.7,31,32
云浮,2015-03-03,52,13~80,良,36,42.5,15.3,1.358,49.5,23,112
云浮,2015-03-04,19,11~42,优,11.5,14,8.2,1.032,23.2,26,9
云浮,2015-03-05,22,18~28,优,13.8,18.5,9.4,1.15,38.1,4,13
云浮,2015-03-06,20,11~39,优,12.6,9.7,10.5,1.013,21.3,8,15
云浮,2015-03-07,29,13~51,优,17.8,21.8,10.9,0.991,25.8,8,27
云浮,2015-03-08,52,30~75,良,36.6,45.3,13.4,1.378,54.6,11,120
云浮,2015-03-09,46,32~71,优,29.1,46.4,16.6,1.525,42,7,88
云浮,2015-03-10,30,15~48,优,20,24.7,15.4,1.022,26.8,22,21
云浮,2015-03-11,38,16~56,优,25.7,30.6,11.9,1.055,29.7,12,59
云浮,2015-03-12,23,13~30,优,12.8,21.2,14.1,1.162,26.4,16,9
云浮,2015-03-13,46,32~61,优,30.8,43,22.1,1.392,58.2,3,66
云浮,2015-03-14,57,44~69,良,36.4,60.1,22.9,1.579,73,8,80
云浮,2015-03-15,63,47~78,良,39.5,71.3,13.5,2.743,58.6,6,93
云浮,2015-03-16,39,22~64,优,23.7,37.6,8,1.952,18.1,34,31
云浮,2015-03-17,37,23~52,优,22.1,30.2,7.5,1.108,16.5,40,32
云浮,2015-03-18,41,23~73,优,22.3,41,7.5,0.826,13.5,56,77
云浮,2015-03-19,53,33~77,良,35.7,45.7,8.8,0.865,17.3,45,105
云浮,2015-03-20,47,30~57,优,30.3,42.4,8.9,0.792,15.3,54,69
云浮,2015-03-21,68,40~94,良,47.9,73.9,25.3,1.108,24.5,19,151
云浮,2015-03-22,91,69~128,良,67.3,97.2,38.3,1.492,43.3,46,231
云浮,2015-03-23,72,45~126,良,50.8,66.3,20.1,1.175,40.5,64,178
云浮,2015-03-24,43,27~66,优,26.5,40.7,21.8,1.165,41.7,48,51
云浮,2015-03-25,45,24~62,优,24,46.3,25.9,1.096,31.5,39,99
云浮,2015-03-26,71,52~99,良,51.2,57.5,18.4,1.063,47.2,35,197
云浮,2015-03-27,93,62~119,良,67.6,79.6,21.4,1.126,56,63,246
云浮,2015-03-28,82,55~103,良,59.7,79,15.8,1.162,44.5,84,182
云浮,2015-03-29,65,33~96,良,45.9,56.3,10.7,0.974,34.7,66,105
云浮,2015-03-30,33,26~47,优,19.4,31.1,9.2,0.783,13.6,55,18
云浮,2015-03-31,36,22~54,优,21.8,33.5,9.9,0.783,15.5,42,36
云浮,2015-04-01,34,22~57,优,19.1,32.2,9.6,0.752,13.9,51,39
云浮,2015-04-02,32,19~53,优,15.6,30,9.3,0.704,4.6,59,48
云浮,2015-04-03,39,26~55,优,21.9,35.9,9.8,0.708,5,64,61
云浮,2015-04-04,33,25~48,优,19.3,30.5,9.2,0.742,5.2,49,31
云浮,2015-04-05,42,23~96,优,26.9,38.9,12.3,0.775,13.3,65,78
云浮,2015-04-06,58,35~93,良,40.5,48.6,12.4,0.875,13,70,179
云浮,2015-04-07,57,29~82,良,39.2,62.5,30,1.104,32.8,65,212
云浮,2015-04-08,23,16~33,优,13.4,19.5,13.2,1.152,15.9,33,11
云浮,2015-04-09,39,17~55,优,26.3,37.5,19.5,1.191,27.7,19,71
云浮,2015-04-10,16,12~22,优,8.4,12.8,9.8,1.162,14,25,5
云浮,2015-04-11,21,13~36,优,11.2,19,13.5,1.2,27.6,22,8
云浮,2015-04-12,42,29~57,优,22,41.6,23.4,1.255,21.9,73,49
云浮,2015-04-13,58,50~68,良,29.4,64.5,24.2,1.181,28.2,101,138
云浮,2015-04-14,67,55~83,良,36,81,22.7,1.163,30.2,122,137
云浮,2015-04-15,58,49~69,良,29.4,63.3,14,1.058,24.7,107,51
云浮,2015-04-16,60,49~76,良,31.4,66.9,16.7,1.096,29.5,127,65
云浮,2015-04-17,48,37~59,优,24,43.8,8.1,1.052,18.9,93,29
云浮,2015-04-18,51,31~78,良,22.9,55.3,8.1,1.08,11.4,67,79
云浮,2015-04-19,57,48~64,良,32.3,61.1,7.7,1.215,9.4,77,154
云浮,2015-04-20,46,18~66,优,21,39.8,15,1.509,21.5,54,100
云浮,2015-04-21,30,16~45,优,14.8,26.9,12.4,1.491,11.5,83,12
云浮,2015-04-22,46,34~62,优,26.1,47.7,20.7,1.519,33.8,112,55
云浮,2015-04-23,65,54~104,良,43.8,71.2,27.9,1.625,43.6,105,135
云浮,2015-04-24,128,98~156,轻度污染,96.9,105,39.3,1.705,49.1,144,326
云浮,2015-04-25,97,72~130,良,71.8,95.9,25.5,1.414,27.3,97,233
云浮,2015-04-26,89,54~126,良,63.8,76.9,12.2,1.536,20.9,85,204
云浮,2015-04-27,54,46~60,良,30.4,54.3,6.7,1.242,14.3,87,61
云浮,2015-04-28,42,33~56,优,17.8,41.1,7.5,1.124,15.5,73,34
云浮,2015-04-29,46,36~58,优,29.3,43.2,10.4,1.176,18.3,80,53
云浮,2015-04-30,41,30~59,优,23.6,37,8,1.145,17.6,70,32
云浮,2015-05-01,35,19~53,优,19.8,22.9,6.4,1.135,18.7,42,43
云浮,2015-05-02,33,18~55,优,15.2,32,16.7,1.109,16.4,53,51
云浮,2015-05-03,40,33~57,优,22.8,38,7.8,1.195,14.9,73,41
云浮,2015-05-04,43,28~52,优,22.6,40.7,10.3,1.208,15.4,64,60
云浮,2015-05-05,34,13~57,优,20.6,21.3,10.2,1.191,17.8,76,31
云浮,2015-05-06,41,20~65,优,23.6,31,7.6,1.348,21.9,31,55
云浮,2015-05-07,50,25~67,优,32.4,51.4,14.8,1.317,23.3,74,73
云浮,2015-05-08,36,25~74,优,17.6,36.3,7.9,1.3,14.9,43,54
云浮,2015-05-09,42,23~65,优,18.3,42.3,32,1.323,27.4,37,81
云浮,2015-05-10,47,23~72,优,28.7,41.2,14,1.026,22.4,71,94
云浮,2015-05-11,33,23~46,优,16.3,29.2,9,0.826,15.4,56,51
云浮,2015-05-12,34,21~60,优,13.6,31.5,14.3,0.723,14.3,117,31
云浮,2015-05-13,51,22~68,良,31.5,53.7,11.3,0.791,20.9,115,100
云浮,2015-05-14,23,16~38,优,11.5,21.5,6.9,0.548,9.9,36,10
云浮,2015-05-15,29,15~48,优,13.3,27.8,7.7,0.586,10.2,42,35
云浮,2015-05-16,24,19~36,优,10.9,18.5,9.6,0.614,18.3,78,14
云浮,2015-05-17,32,19~57,优,18,30.9,8.5,0.833,21.9,43,33
云浮,2015-05-18,37,24~46,优,22,33.4,8,0.768,14.2,52,43
云浮,2015-05-19,35,25~58,优,18,33.5,7.2,0.687,14.2,57,50
云浮,2015-05-20,35,23~53,优,20.4,28.5,7.7,0.741,18.8,48,58
云浮,2015-05-21,58,25~104,良,40.5,59,14.8,0.9,25.1,66,155
云浮,2015-05-22,82,58~106,良,59.7,47.4,15.3,1.1,32.6,30,252
云浮,2015-05-23,51,23~86,良,34.2,18.2,20.3,1.135,30.4,29,118
云浮,2015-05-24,40,15~57,优,21,22.2,28.1,1.061,23.1,56,53
云浮,2015-05-25,51,28~76,良,32.8,51.6,12.8,1.178,22.6,77,89
云浮,2015-05-26,44,30~56,优,25.5,40,7.3,0.96,15.2,55,62
云浮,2015-05-27,47,30~63,优,26,47.2,8.1,0.86,11.2,35,74
云浮,2015-05-28,40,30~58,优,18.1,38.9,7.3,0.733,8.3,43,43
云浮,2015-05-29,43,32~57,优,20.6,42.3,7.4,0.757,7.8,49,81
云浮,2015-05-30,40,32~54,优,21.6,38.4,7.2,0.805,9.5,49,72
云浮,2015-05-31,49,23~66,优,33,39,8.3,0.9,14.7,50,97
云浮,2015-06-01,48,33~81,优,21.2,50.6,9.9,0.9,17,55,91
云浮,2015-06-02,31,22~43,优,14.7,30.4,7,0.683,4.9,37,36
云浮,2015-06-03,31,22~46,优,12.4,29.8,8,0.613,6.7,32,42
云浮,2015-06-04,51,38~71,良,16.2,53,22.5,0.848,19.8,38,161
云浮,2015-06-05,49,26~65,优,21.5,50.5,27.2,0.932,16.9,41,131
云浮,2015-06-06,33,20~51,优,17.6,32.1,7.9,0.855,13,38,39
云浮,2015-06-07,30,18~42,优,14.8,28.9,7.5,0.809,10.3,29,39
云浮,2015-06-08,24,15~33,优,10.9,23,7.5,0.69,4.7,28,20
云浮,2015-06-09,29,18~48,优,12.2,27.9,11.3,0.77,7.9,41,27
云浮,2015-06-10,51,32~72,良,16.8,52.8,20.2,0.919,25.2,42,127
云浮,2015-06-11,46,22~64,优,19.9,46.9,15.4,0.943,18.4,39,116
云浮,2015-06-12,48,22~59,优,19,48.3,15.3,1.074,22,39,106
云浮,2015-06-13,44,22~58,优,18.5,43.5,10.1,1.086,17,32,106
云浮,2015-06-14,39,19~56,优,15.5,38.7,9.6,0.991,12.3,26,89
云浮,2015-06-15,35,20~53,优,12.8,34.3,9.3,0.935,9.8,22,60
云浮,2015-06-16,31,21~43,优,14.2,30.2,7.9,0.927,6.6,28,42
云浮,2015-06-17,23,13~40,优,9.8,21.6,7.8,0.733,4,29,19
云浮,2015-06-18,30,15~59,优,11.3,30,10.9,0.779,7.2,47,47
云浮,2015-06-19,24,16~39,优,12.4,22.4,7.8,0.821,4.4,33,16
云浮,2015-06-20,44,23~58,优,23.6,37.8,8.4,1.081,9.6,32,105
云浮,2015-06-21,34,19~55,优,13.8,33.2,10.1,0.921,12,49,55
云浮,2015-06-22,35,22~52,优,17.6,32.6,14.2,1.004,15.7,49,62
云浮,2015-06-23,24,15~34,优,11.8,22.4,9.3,1.029,15.7,32,23
云浮,2015-06-24,27,13~54,优,11.6,25.9,8.7,0.988,7.4,32,56
云浮,2015-06-25,28,19~41,优,13.4,27.3,8,0.843,7.8,39,57
云浮,2015-06-26,33,21~45,优,13.1,31.6,8,0.879,7.7,40,65
云浮,2015-06-27,33,21~48,优,14.3,31.6,8.5,0.954,5.3,41,74
云浮,2015-06-28,33,21~57,优,15.7,32.2,8.1,0.958,5,45,70
云浮,2015-06-29,31,16~52,优,15.3,29.9,7.8,0.979,3.5,40,63
云浮,2015-06-30,38,22~55,优,19.4,36.6,8.1,0.952,4.6,48,104
云浮,2015-07-01,39,23~55,优,19.3,38.2,9.5,0.887,5.7,54,100
云浮,2015-07-02,41,26~61,优,21.5,41.4,9.3,0.9,5.7,57,103
云浮,2015-07-03,47,33~71,优,26.5,49.1,9.1,0.909,6.4,55,138
云浮,2015-07-04,49,32~66,优,26.1,49.9,9.4,0.913,11.6,49,146
云浮,2015-07-05,36,22~62,优,20.6,28.9,14.1,0.933,13,52,78
云浮,2015-07-06,57,36~85,良,35.7,41.8,30.1,1.146,17.6,40,181
云浮,2015-07-07,41,31~50,优,22.8,39.9,36.9,1.088,23.1,49,79
云浮,2015-07-08,42,29~54,优,23.1,41.1,28.4,0.965,17.4,58,66
云浮,2015-07-09,48,38~55,优,28.1,45.9,26.5,1.075,19.2,50,113
云浮,2015-07-10,26,12~50,优,14.1,21.7,12.5,1.2,14.1,36,35
云浮,2015-07-11,51,39~60,良,26,51,20.9,1.192,15.8,52,155
云浮,2015-07-12,64,50~77,良,33.3,75.6,13.8,1.217,14.6,80,199
云浮,2015-07-13,81,62~104,良,56.1,92.9,25.9,1.308,25,104,224
云浮,2015-07-14,67,46~94,良,47.2,69.7,10,1.192,14.6,71,158
云浮,2015-07-15,54,43~64,良,32.3,57.1,10.3,1.168,12.1,73,142
云浮,2015-07-16,49,35~58,优,32.1,48.9,13.1,1.159,13.6,64,124
云浮,2015-07-17,55,38~69,良,29.6,57.8,30.5,1.325,31.5,70,176
云浮,2015-07-18,47,39~57,优,28.1,46.8,17,1.448,18.2,52,117
云浮,2015-07-19,52,43~70,良,33.4,52.8,17.6,1.409,18.3,89,138
云浮,2015-07-20,52,38~65,良,31.9,53.7,18.9,1.413,20.2,76,144
云浮,2015-07-21,25,15~37,优,13.9,23,10.3,1.458,9.9,42,41
云浮,2015-07-22,33,18~50,优,12.3,33.2,10.8,1.467,11,40,82
云浮,2015-07-23,34,16~58,优,17.3,33.9,10.5,1.45,10.6,32,107
云浮,2015-07-24,28,19~52,优,12.8,27.4,9.2,1.275,9.9,34,62
云浮,2015-07-25,31,18~54,优,13.7,30.6,8.8,0.833,9.7,28,69
云浮,2015-07-26,27,16~49,优,12.2,26.3,7.6,0.817,9.3,36,43
云浮,2015-07-27,38,20~67,优,13,40.2,7.6,0.85,9.8,37,92
云浮,2015-07-28,22,12~55,优,9.4,22.2,7.1,0.708,5.8,38,36
云浮,2015-07-29,30,18~51,优,12.3,28.6,9.1,0.596,11.3,36,70
云浮,2015-07-30,26,14~51,优,10.8,25.2,8.9,0.563,8.7,42,59
云浮,2015-07-31,31,17~57,优,11.3,30.5,8.9,0.617,11,40,84
云浮,2015-08-01,33,18~54,优,15,32.9,9.5,0.617,8.7,71,86
云浮,2015-08-02,38,26~57,优,20.3,38.8,9.1,0.675,11.9,68,110
云浮,2015-08-03,38,23~57,优,19.8,36.3,9.6,0.625,9.6,53,112
云浮,2015-08-04,37,20~58,优,17.8,37,10.6,0.7,13.5,50,115
云浮,2015-08-05,62,40~85,良,37.9,68.1,39.9,0.796,23.9,117,234
云浮,2015-08-06,71,53~89,良,49.8,82.8,31.2,0.842,27.5,148,298
云浮,2015-08-07,75,55~87,良,53.3,88.9,41.8,0.842,30.1,127,295
云浮,2015-08-08,77,64~112,良,45.8,100.5,51.9,0.858,32.3,105,313
云浮,2015-08-09,61,40~97,良,38.6,66.4,14,0.738,16.5,98,271
云浮,2015-08-10,61,36~94,良,32.1,71.8,34.6,0.874,25.3,76,271
云浮,2015-08-11,47,35~84,优,27.2,49.2,16.6,0.883,18.1,77,178
云浮,2015-08-12,44,23~56,优,25.8,43.7,8.6,0.879,17.7,64,137
云浮,2015-08-13,42,18~61,优,21.1,40.1,23.5,0.825,21.6,56,98
云浮,2015-08-14,41,19~61,优,16.8,40.7,46,0.854,22.3,42,112
云浮,2015-08-15,40,18~62,优,15.7,41,12,0.917,20.3,26,120
云浮,2015-08-16,43,26~59,优,20.3,44.7,9.2,0.929,14.2,54,118
云浮,2015-08-17,44,26~61,优,20,45,9.3,0.914,16.4,40,113
云浮,2015-08-18,42,28~57,优,21.3,42.2,9.4,0.942,11.4,52,97
云浮,2015-08-19,42,23~66,优,20.5,43.8,9.6,0.871,11.1,65,147
云浮,2015-08-20,61,29~102,良,33.8,76.4,17.6,0.992,21.6,78,241
云浮,2015-08-21,62,42~81,良,37,71.9,28.2,0.996,24.3,64,239
云浮,2015-08-22,59,46~75,良,33.8,68.6,26.7,1.042,28.8,68,206
云浮,2015-08-23,69,62~90,良,43.9,87.5,34.4,1.075,25.9,95,272
云浮,2015-08-24,73,64~87,良,52.3,88.8,26.5,1.121,27.3,110,294
云浮,2015-08-25,77,64~91,良,54.8,94.5,23.9,1.165,27.9,136,294
云浮,2015-08-26,99,77~124,良,73.1,117.3,28.3,1.335,35.7,186,316
云浮,2015-08-27,70,43~102,良,50.5,62.5,12.4,1.133,16.5,112,230
云浮,2015-08-28,57,43~71,良,39.3,54,13.1,1.1,12.1,108,181
云浮,2015-08-29,55,38~91,良,32.5,53.8,19.6,1.096,15.9,92,187
云浮,2015-08-30,51,20~64,良,35.8,39.7,10.1,1.188,18.4,53,157
云浮,2015-08-31,40,22~71,优,21.2,40.8,12.5,1.2,20.3,60,112
云浮,2015-09-01,34,18~54,优,19.1,31.8,11,1.158,18,33,88
云浮,2015-09-02,24,15~50,优,12.7,22.8,9.4,1.096,12.3,35,46
云浮,2015-09-03,29,19~48,优,15.4,26.7,9.9,1.142,12.3,26,75
云浮,2015-09-04,42,20~61,优,20.3,42.6,11.5,1.267,12.3,46,156
云浮,2015-09-05,46,28~68,优,21.9,48.8,14,1.308,13.6,56,192
云浮,2015-09-06,42,23~69,优,18.8,45,18.5,1.146,14.5,52,155
云浮,2015-09-07,41,20~73,优,24.2,37.3,25,1.246,21.8,28,125
云浮,2015-09-08,59,25~93,良,31.5,67.2,25.5,1.288,24.3,164,215
云浮,2015-09-09,64,50~82,良,45.3,67.1,13.1,1.367,22.7,120,256
云浮,2015-09-10,105,87~132,轻度污染,78.6,79,18.6,1.521,37.6,104,343
云浮,2015-09-11,91,72~127,良,65.3,97,12.3,1.371,26.5,80,330
云浮,2015-09-12,78,45~102,良,56.4,83.2,30.8,1.338,24.8,72,311
云浮,2015-09-13,45,29~70,优,29.1,34,9.8,1.138,9.1,83,139
云浮,2015-09-14,74,60~99,良,50.6,78.3,14.5,1.263,26,112,278
云浮,2015-09-15,79,64~95,良,57.3,83.5,18.2,1.392,29.4,106,286
云浮,2015-09-16,77,68~94,良,54.1,92.3,18.2,1.27,31.9,92,265
云浮,2015-09-17,75,55~97,良,54.3,78,15.3,0.908,23.5,178,241
云浮,2015-09-18,62,38~85,良,41.7,61.7,12.2,0.871,21,81,175
云浮,2015-09-19,46,38~75,优,27.1,48.1,13.9,0.725,15.3,52,118
云浮,2015-09-20,39,26~50,优,17.1,35.5,25.4,0.6,17.3,34,92
云浮,2015-09-21,40,18~57,优,20.2,39.4,18.8,0.8,18,29,96
云浮,2015-09-22,57,39~65,良,36.1,62.7,16,0.958,25.5,108,204
云浮,2015-09-23,51,29~67,良,26,52.8,11.3,0.846,20.4,72,181
云浮,2015-09-24,54,32~74,良,24.5,59.8,12.2,0.833,13.8,86,199
云浮,2015-09-25,57,38~88,良,26.5,65,28.8,0.808,16.4,95,212
云浮,2015-09-26,64,30~93,良,39.8,73.8,26.7,0.904,20.8,78,245
云浮,2015-09-27,43,29~62,优,27.5,36.3,17.6,0.971,11.9,52,114
云浮,2015-09-28,55,46~65,良,38.2,56.1,23.5,0.988,18,54,199
云浮,2015-09-29,78,64~85,良,56.5,92.4,25.2,0.95,26.7,92,307
云浮,2015-09-30,80,62~104,良,57.9,98.6,27,1.013,33.3,91,305
云浮,2015-10-01,88,54~110,良,64.6,94.9,19.3,1.029,27.5,82,282
云浮,2015-10-02,61,52~90,良,39,58,10,0.958,13.4,69,166
云浮,2015-10-03,65,46~81,良,42.9,75.1,13.6,1.025,19.5,70,180
云浮,2015-10-04,36,13~64,优,25.2,9,8.3,0.792,6.7,30,79
云浮,2015-10-05,50,20~70,优,30.3,17.3,9.6,0.954,4.7,26,142
云浮,2015-10-06,27,18~46,优,13.2,26.9,10.3,0.938,9.3,12,40
云浮,2015-10-07,39,23~66,优,18.4,39.5,15,1.1,10.7,56,115
云浮,2015-10-08,52,38~63,良,28.8,52.5,24.8,1.142,19.8,49,207
云浮,2015-10-09,50,43~70,良,33.6,45.7,14.1,0.946,12.3,66,159
云浮,2015-10-10,39,25~56,优,26.1,29.1,9.3,0.745,9.8,42,118
云浮,2015-10-11,29,15~53,优,14.6,22.6,10,0.571,8.2,55,60
云浮,2015-10-12,61,44~76,良,35,71.3,26.5,0.8,24,58,163
云浮,2015-10-13,79,57~130,良,50.8,105.4,27,0.933,38.9,80,197
云浮,2015-10-14,83,69~105,良,60.5,102.6,34,0.958,38.3,102,174
云浮,2015-10-15,102,78~186,轻度污染,76.3,115.8,39.6,1.025,39.3,107,214
云浮,2015-10-16,100,69~138,轻度污染,74.3,107.6,25.5,1.092,36.8,89,197
云浮,2015-10-17,79,59~107,良,56.5,98.2,45.5,0.996,40.1,86,158
云浮,2015-10-18,88,74~107,良,64.3,109.9,38.4,1.033,41.5,80,243
云浮,2015-10-19,104,93~129,轻度污染,77.6,115.3,39.5,1.096,38.9,92,275
云浮,2015-10-20,105,74~139,轻度污染,78.3,118.5,40.4,1.154,42.8,98,253
云浮,2015-10-21,91,60~117,良,67.3,101.5,30.4,1.088,40.1,72,226
云浮,2015-10-22,85,59~117,良,62.5,99,33.7,1.021,36,69,204
云浮,2015-10-23,91,75~109,良,67.1,108.7,22.3,1.117,30.3,99,217
云浮,2015-10-24,96,78~112,良,71.5,102.4,22.3,1.179,37.3,111,248
云浮,2015-10-25,136,82~199,轻度污染,102,134.6,44.9,1.304,40.8,94,315
云浮,2015-10-26,86,53~135,良,63.8,54.3,10.6,1.017,17.2,60,245
云浮,2015-10-27,56,36~68,良,38.8,51.4,14.3,1.263,18.5,55,169
云浮,2015-10-28,91,63~132,良,67.6,91.7,13,1.504,24.8,93,287
云浮,2015-10-29,67,58~82,良,48.6,59.4,10.7,1.267,19.4,56,234
云浮,2015-10-30,61,43~78,良,41,64.2,11,0.992,17.6,56,217
云浮,2015-10-31,35,20~62,优,22.1,29.8,10.4,1.021,10.1,25,99
云浮,2015-11-01,18,11~47,优,9.1,14.4,8.6,1.125,12.5,32,14
云浮,2015-11-02,37,18~70,优,23.1,38.5,12.5,1.033,17.3,62,53
云浮,2015-11-03,75,55~142,良,52.7,87.2,21.5,1.196,35.8,42,149
云浮,2015-11-04,79,62~103,良,57.4,89.9,18.5,1.371,34.5,88,167
云浮,2015-11-05,104,73~160,轻度污染,78,121.5,17.6,1.413,41,120,266
云浮,2015-11-06,111,55~165,轻度污染,80.6,46.8,12.2,1.496,32.6,42,304
云浮,2015-11-07,66,42~123,良,43.4,61.9,13.1,1.367,25.6,40,246
云浮,2015-11-08,80,49~155,良,56.7,75.3,12.2,1.188,23.3,58,222
云浮,2015-11-09,57,20~107,良,36.7,59.6,10.4,1.045,22,10,134
云浮,2015-11-10,34,18~54,优,20.2,33.8,10.6,1,25.4,8,44
云浮,2015-11-11,76,52~104,良,55,82.3,10.3,1.338,40.7,6,192
云浮,2015-11-12,78,38~99,良,57,82.3,11.3,1.304,40.8,57,206
云浮,2015-11-13,17,13~32,优,11.5,6,12,1.25,19.6,14,19
云浮,2015-11-14,30,11~58,优,12.6,28,11.1,1.171,18.7,12,44
云浮,2015-11-15,66,52~86,良,46,74.6,9.5,1.354,28.3,31,174
云浮,2015-11-16,46,30~55,优,25.4,46.3,11,0.963,16.9,16,106
云浮,2015-11-17,37,21~56,优,13.9,37.6,9.5,0.867,14.1,42,91
云浮,2015-11-18,39,29~54,优,18.1,39.5,10.7,0.888,15.5,53,107
云浮,2015-11-19,82,58~115,良,56.7,86.9,15.5,1.088,30.3,104,256
云浮,2015-11-20,96,58~122,良,71.1,103,15.4,1.196,40.5,78,281
云浮,2015-11-21,48,26~117,优,30,40.9,24.8,0.988,34,40,111
云浮,2015-11-22,48,36~62,优,29.1,50,20.2,1.004,27.5,68,175
云浮,2015-11-23,50,33~61,优,32.6,48.3,15,1.004,28.6,68,202
云浮,2015-11-24,51,26~69,良,34.2,54,14.5,1.004,30.5,62,241
云浮,2015-11-25,41,26~69,优,26.3,35.7,34.5,0.979,29.4,27,136
云浮,2015-11-26,25,17~36,优,12.4,22.2,19.2,0.733,19.7,56,33
云浮,2015-11-27,39,23~61,优,20.5,40.7,16,0.692,26.9,61,55
云浮,2015-11-28,63,53~84,良,39.5,74.2,31.4,0.908,52.8,34,115
云浮,2015-11-29,82,72~95,良,59.9,98,48.1,1.083,50.1,49,171
云浮,2015-11-30,53,38~77,良,35.9,46.8,23.5,0.879,25.8,40,82
云浮,2015-12-01,65,46~104,良,44.8,71,22.7,1.088,42.6,45,129
云浮,2015-12-02,82,23~119,良,59.5,72.1,21,1.246,39.5,42,201
云浮,2015-12-03,14,10~22,优,9.4,5.5,9.3,0.938,14.4,23,8
云浮,2015-12-04,19,12~34,优,11.4,17.5,11.8,0.921,19.5,23,14
云浮,2015-12-05,25,12~48,优,14.5,22.2,19.8,0.867,24.8,20,46
云浮,2015-12-06,15,9~23,优,8.2,13,24.2,0.788,16.9,36,15
云浮,2015-12-07,18,12~32,优,10.5,17.3,21.1,0.692,12.7,28,7
云浮,2015-12-08,25,18~36,优,14.8,21.9,21.1,0.817,14.6,18,13
云浮,2015-12-09,20,12~33,优,11,16.1,36.4,0.954,18.3,11,15
云浮,2015-12-10,32,23~46,优,15.9,31.7,41.2,1.004,19.5,13,46
云浮,2015-12-11,30,18~50,优,17.3,29.1,17.9,1.058,19,22,39
云浮,2015-12-12,55,40~70,良,37.5,55.1,15.4,1.171,33,11,116
云浮,2015-12-13,82,39~107,良,60.1,85.3,19.6,1.883,55.1,6,193
云浮,2015-12-14,27,18~38,优,16.2,19,31.1,1.65,25.2,19,31
云浮,2015-12-15,24,18~42,优,14.1,22.2,18.7,1.313,16.5,45,27
云浮,2015-12-16,37,26~53,优,23.9,36.5,14.5,1.017,10.5,63,89
云浮,2015-12-17,32,20~52,优,16.2,32.4,21.8,0.713,15.6,57,40
云浮,2015-12-18,46,31~69,优,23.9,48.3,34,0.921,35.6,45,60
云浮,2015-12-19,64,45~88,良,39.3,77.4,26.9,1.171,44.7,46,112
云浮,2015-12-20,74,58~103,良,48.5,95.9,44.4,1.371,51.5,56,119
云浮,2015-12-21,94,82~112,良,68.6,115.4,33.6,1.604,62,24,139
云浮,2015-12-22,102,68~113,轻度污染,76.1,85.7,13.9,1.833,46.8,7,148
云浮,2015-12-23,103,64~150,轻度污染,77.1,111,16,2.8,51.4,8,147
云浮,2015-12-24,75,26~135,良,54.6,86.3,22.7,2.258,34.4,14,148
云浮,2015-12-25,28,18~44,优,15.6,26.1,23.2,1.192,24.3,51,31
云浮,2015-12-26,28,18~44,优,18.5,25,14.5,1.233,26.8,26,26
云浮,2015-12-27,27,14~50,优,12.4,25.6,21,1.288,27.3,7,32
云浮,2015-12-28,36,24~68,优,20.5,36.4,21.8,1.242,26.5,28,37
云浮,2015-12-29,56,24~84,良,39.2,56.9,20.5,1.258,25.6,44,77
云浮,2015-12-30,17,13~32,优,8.7,15.1,10.3,1.4,15.1,21,5
云浮,2015-12-31,35,18~58,优,21.2,32.9,12.1,1.383,16.9,36,18
云浮,2016-01-01,52,24~72,良,33.2,55.1,34.5,1.504,38.2,22,44
云浮,2016-01-02,59,29~147,良,37.7,59.2,68.4,1.558,45.6,18,59
云浮,2016-01-03,80,59~109,良,54.3,97.2,24.3,1.9,45.8,42,100
云浮,2016-01-04,86,72~110,良,60.9,105.6,13.8,2.475,47,11,158
云浮,2016-01-05,46,32~74,优,30.5,37.7,26.6,2.088,35.7,22,101
云浮,2016-01-06,60,36~104,良,41.5,44.8,15.6,1.375,26.8,38,145
云浮,2016-01-07,51,35~72,良,34.8,47.3,18.5,1.317,25.6,52,114
云浮,2016-01-08,99,87~119,良,73.6,92.1,21.8,1.206,45.2,36,231
云浮,2016-01-09,102,69~144,轻度污染,76.5,87.1,18.7,1.413,54.5,24,199
云浮,2016-01-10,110,16~165,轻度污染,82.7,53.2,19,1.446,65.7,13,180
云浮,2016-01-11,23,11~50,优,12.7,20,14,1.258,25.1,22,33
云浮,2016-01-12,33,23~51,优,20.6,31.5,16,1.296,17.7,24,56
云浮,2016-01-13,54,38~105,良,38.1,47.3,23.6,1.354,27.3,36,106
云浮,2016-01-14,76,63~103,良,53.5,62.5,13.8,1.383,41.3,18,158
云浮,2016-01-15,26,13~74,优,15.8,19.2,12,1.408,29.3,22,24
云浮,2016-01-16,36,26~46,优,23.7,20.9,12.3,1.388,31.5,11,39
云浮,2016-01-17,22,14~41,优,12.8,21.5,17.6,1.5,24.7,35,17
云浮,2016-01-18,39,18~69,优,26.4,33.1,20.8,1.196,18.9,49,66
云浮,2016-01-19,54,41~69,良,36.6,58.4,20.8,1.333,38.7,21,89
云浮,2016-01-20,53,38~65,良,37.6,38.4,14.9,1.283,36.7,19,86
云浮,2016-01-21,20,10~42,优,12.8,15.3,10,1.258,22.5,18,23
云浮,2016-01-22,16,13~24,优,6.5,9.7,10.5,1.396,12.8,22,13
云浮,2016-01-23,24,12~53,优,16,15.4,14,1.042,12.2,28,38
云浮,2016-01-24,40,26~57,优,25.4,32.5,24.4,1.017,21.3,39,80
云浮,2016-01-25,34,20~57,优,16.5,34.6,22,0.892,18.7,54,30
云浮,2016-01-26,42,22~59,优,24.5,39.2,34.8,1.254,42.6,42,53
云浮,2016-01-27,31,22~59,优,19,22.3,24.2,1.446,43.8,25,31
云浮,2016-01-28,25,15~43,优,16.8,19.7,16,1.604,35,6,21
云浮,2016-01-29,32,22~58,优,21.8,21.2,22.3,0.804,35,14,57
云浮,2016-01-30,36,18~63,优,24.1,29.5,23.6,0.717,18.6,21,58
云浮,2016-01-31,30,7~57,优,20,13.8,10.6,0.763,23.8,19,50
云浮,2016-02-01,10,8~19,优,4.2,6,9.8,0.863,10.6,24,5
云浮,2016-02-02,22,9~38,优,14,18.2,22.5,0.913,17.8,24,17
云浮,2016-02-03,49,35~74,优,34.3,28.4,15.5,0.925,17.3,27,47
云浮,2016-02-04,50,24~73,优,34,40.7,19.9,0.896,25.9,20,73
云浮,2016-02-05,38,26~52,优,25.5,29,17.3,0.871,17.3,37,61
云浮,2016-02-06,57,50~68,良,39.8,51.4,26.1,0.642,11.8,71,138
云浮,2016-02-07,44,29~67,优,28.5,44,31.3,0.492,14,85,41
云浮,2016-02-08,150,32~342,轻度污染,115,138.8,52.7,0.604,21.8,101,153
云浮,2016-02-09,74,39~112,良,54,67.4,17.9,0.638,12.6,122,143
云浮,2016-02-10,73,44~127,良,51.9,49.3,11.3,0.808,12,98,160
云浮,2016-02-11,53,27~67,良,34.2,50.8,6.8,0.721,7.2,81,121
云浮,2016-02-12,47,26~64,优,28.5,41.5,6.7,0.738,8,62,90
云浮,2016-02-13,38,25~57,优,25.1,31,7.6,0.704,7.5,61,129
云浮,2016-02-14,35,20~57,优,23.5,31.8,10.1,0.958,8.5,76,149
云浮,2016-02-15,21,10~36,优,11.5,17.2,8.7,0.804,5,46,24
云浮,2016-02-16,36,29~49,优,24.8,28.5,12.7,0.688,6.8,34,82
云浮,2016-02-17,50,36~77,优,34.6,42,14.5,0.958,19,39,113
云浮,2016-02-18,68,46~99,良,47.1,51.8,17.9,1.263,29.8,199,158
云浮,2016-02-19,77,40~113,良,56.3,36.5,15.7,1.392,40.3,29,158
云浮,2016-02-20,63,42~80,良,44.9,64.6,25.7,1.367,30.1,119,137
云浮,2016-02-21,86,64~112,良,61.3,88.6,17.3,1.513,45,32,189
云浮,2016-02-22,61,17~108,良,44.2,26.2,15,1.538,29.6,23,138
云浮,2016-02-23,15,14~18,优,6.9,11.5,11.4,1.417,10.8,29,5
云浮,2016-02-24,17,14~26,优,10.1,12.6,12.3,1.417,9.2,35,8
云浮,2016-02-25,22,14~35,优,14.5,12.1,11.9,1.317,16.8,30,12
云浮,2016-02-26,34,26~49,优,23.2,26,15.1,1.221,25.8,24,45
云浮,2016-02-27,29,15~54,优,18.2,28.5,19.5,1.279,21.5,38,26
云浮,2016-02-28,54,23~129,良,35.6,47,72.4,1.463,42.2,26,107
云浮,2016-02-29,53,27~125,良,31.2,48.6,40.4,1.338,28.9,111,109
云浮,2016-03-01,80,64~108,良,56.6,95.2,19.8,1.508,34.7,148,178
云浮,2016-03-02,89,58~124,良,64.5,93,15.8,1.4,32.6,127,167
云浮,2016-03-03,81,54~109,良,56.2,95.2,16.1,1.271,33.3,102,145
云浮,2016-03-04,59,36~88,良,37.9,64.8,14.3,0.8,26.8,48,71
云浮,2016-03-05,61,31~80,良,42.3,58.3,14.8,0.892,25,42,81
云浮,2016-03-06,78,63~124,良,57,77.8,22.6,0.9,24,44,122
云浮,2016-03-07,63,40~137,良,44.6,47.5,13.9,0.725,19.7,30,106
云浮,2016-03-08,56,35~79,良,35.8,57.5,15.4,0.763,21.5,44,179
云浮,2016-03-09,46,9~74,优,31.8,44.7,14.9,0.817,23.5,16,192
云浮,2016-03-10,9,6~26,优,4.1,5.6,12.5,0.604,6,32,4
云浮,2016-03-11,21,10~40,优,14.4,14.8,14.5,0.575,11.1,32,13
云浮,2016-03-12,40,18~64,优,27.1,32.4,15.8,0.742,29,20,40
云浮,2016-03-13,25,18~38,优,16.6,22.1,18.1,1.042,34.6,14,22
云浮,2016-03-14,27,12~58,优,16.5,24.9,19.4,0.913,22.2,36,21
云浮,2016-03-15,109,57~155,轻度污染,82,47.3,17.8,1.033,49.1,20,226
云浮,2016-03-16,67,35~124,良,48.6,29.4,16.8,1.142,57,10,115
云浮,2016-03-17,56,38~79,良,40,39.7,17.8,1.55,48.7,6,88
云浮,2016-03-18,69,38~133,良,49.5,65.8,23.2,1.954,60,11,116
云浮,2016-03-19,128,92~155,轻度污染,95.5,136,25.5,2.054,64.9,8,265
云浮,2016-03-20,60,33~109,良,37,59.4,16.9,1.25,23.8,33,89
云浮,2016-03-21,44,26~67,优,29.3,18,18.1,1.221,34.4,29,69
云浮,2016-03-22,34,25~58,优,18.3,26.5,20.8,1.467,56,20,53
云浮,2016-03-23,28,14~48,优,13.3,22.9,27.9,1.225,38.6,70,52
云浮,2016-03-24,21,14~28,优,12.5,18.5,15.3,0.854,14.8,72,14
云浮,2016-03-25,44,26~57,优,24.6,44.8,18.2,0.721,20.3,62,81
云浮,2016-03-26,57,45~69,良,30,63.1,26.8,0.808,31.9,73,124
云浮,2016-03-27,49,28~70,优,31.1,52.1,21.1,0.763,32.8,79,71
云浮,2016-03-28,74,55~100,良,51.8,89,24.4,1.058,64,44,174
云浮,2016-03-29,85,60~110,良,60.3,91.3,24.5,1.063,46.5,72,213
云浮,2016-03-30,86,51~117,良,61.6,89.1,18.6,1.204,45.5,55,201
云浮,2016-03-31,80,65~107,良,57.9,92.2,25,1.175,42.9,55,191
云浮,2016-04-01,69,46~104,良,48.2,74.5,15.1,1.208,26.5,42,131
云浮,2016-04-02,54,46~69,良,36.6,51.9,12.8,0.954,27,24,97
云浮,2016-04-03,57,52~72,良,39.8,54.1,12.8,0.858,24.4,16,187
云浮,2016-04-04,51,32~62,良,33.1,47.2,12.7,0.967,19.3,34,128
云浮,2016-04-05,51,35~64,良,32.3,44.1,15.5,0.979,24.1,36,124
云浮,2016-04-06,44,26~61,优,18.6,45,14.8,0.792,15.8,40,127
云浮,2016-04-07,38,28~53,优,21.9,37.9,14.7,0.783,15.4,38,86
云浮,2016-04-08,41,29~57,优,24.3,40.4,13.7,0.913,16,32,78
云浮,2016-04-09,40,22~56,优,22,39.6,13.5,0.933,13.2,44,81
云浮,2016-04-10,35,18~72,优,19.1,33.6,13.3,0.933,19,59,63
云浮,2016-04-11,94,72~123,良,69.8,67,18.4,1.317,50.9,47,280
云浮,2016-04-12,47,28~89,优,29.5,37.6,13.7,0.958,26.5,32,89
云浮,2016-04-13,36,14~69,优,20,33.4,21.5,1.083,36.3,49,46
云浮,2016-04-14,87,69~109,良,64.2,82.8,25.3,1.5,66.1,20,232
云浮,2016-04-15,63,43~87,良,43.7,67.8,15.4,1.19,28.5,52,156
云浮,2016-04-16,50,32~66,优,31.9,52.3,14,0.904,10.6,64,161
云浮,2016-04-17,52,26~67,良,31.7,54.5,14.2,0.896,11.5,53,177
云浮,2016-04-18,25,13~52,优,10.3,21.6,13.6,1,17.8,68,29
云浮,2016-04-19,60,28~92,良,41.4,45.8,19.5,1.296,32.4,39,180
云浮,2016-04-20,25,13~36,优,16,14,17.5,1.292,15.3,21,22
云浮,2016-04-21,33,20~57,优,19.5,30.3,14.8,0.858,22.9,11,39
云浮,2016-04-22,30,18~58,优,20.6,11.3,14.6,0.692,12.2,17,33
云浮,2016-04-23,32,20~54,优,21.1,25,14.4,0.708,18.9,12,61
云浮,2016-04-24,40,25~52,优,26.7,24.2,14.1,0.913,11,35,90
云浮,2016-04-25,38,29~55,优,23,29.3,13.6,0.671,9,27,68
云浮,2016-04-26,32,19~60,优,19.7,15.2,12.9,0.575,9.1,32,48
云浮,2016-04-27,34,10~54,优,18.2,29.3,14,0.696,20.4,46,55
云浮,2016-04-28,35,18~58,优,19,36,12,0.779,20.2,58,40
云浮,2016-04-29,105,51~214,轻度污染,75.8,54.9,16.5,0.954,41,84,211
云浮,2016-04-30,126,82~195,轻度污染,94.3,99.5,21.3,0.971,55.4,34,316
云浮,2016-05-01,76,42~119,良,55.7,60.5,13.8,1.05,46.8,40,207
云浮,2016-05-02,55,38~89,良,30.7,58.6,9.8,0.783,16.6,44,147
云浮,2016-05-03,49,19~97,优,24.6,44,10.8,0.629,16.4,56,127
云浮,2016-05-04,73,33~114,良,51.9,45.5,11,0.729,19.2,67,204
云浮,2016-05-05,41,20~57,优,25.2,40.3,9.8,0.533,10.5,40,81
云浮,2016-05-06,53,38~99,良,31.8,52.9,13.7,0.546,15.9,68,125
云浮,2016-05-07,49,24~93,优,28,45.9,10.1,0.596,16.1,40,128
云浮,2016-05-08,45,29~62,优,24.2,44.1,9.7,0.546,16,32,134
云浮,2016-05-09,38,22~58,优,19.5,36.2,9.2,0.525,12.4,36,74
云浮,2016-05-10,46,26~72,优,30.1,38.4,13.8,0.671,20.9,25,112
云浮,2016-05-11,50,30~77,优,30.9,51.3,10.5,0.817,16.3,96,87
云浮,2016-05-12,101,54~172,轻度污染,74.6,69.9,12.1,0.975,23.2,87,255
云浮,2016-05-13,100,60~159,良,72.4,101.4,15,1.038,31.8,88,311
云浮,2016-05-14,47,28~69,优,28,44.8,10.5,0.646,10.3,66,125
云浮,2016-05-15,40,15~73,优,21,37.1,9.4,0.59,13.4,47,142
云浮,2016-05-16,45,16~71,优,15,49.7,13.8,0.518,17.6,94,124
云浮,2016-05-17,82,57~150,良,54.3,73.7,21.5,0.704,28.3,130,233
云浮,2016-05-18,84,56~113,良,61.2,70,14.1,0.833,18.5,56,258
云浮,2016-05-19,53,24~84,良,31.3,56.5,12.2,0.75,12.4,80,106
云浮,2016-05-20,41,15~72,优,26.5,38.4,8.1,0.717,13.6,48,96
云浮,2016-05-21,29,12~42,优,10.5,26.5,16,0.838,20.6,81,68
云浮,2016-05-22,32,17~64,优,13.3,23.2,10.7,0.833,11.3,118,89
云浮,2016-05-23,54,28~82,良,34.2,51.7,17,0.9,28.5,126,183
云浮,2016-05-24,67,62~77,良,47.9,71.1,36.6,0.894,31.9,95,253
云浮,2016-05-25,63,40~83,良,43.6,69.3,15.3,0.933,21.9,136,229
云浮,2016-05-26,68,35~103,良,47.7,63.7,16.1,0.796,21.9,169,246
云浮,2016-05-27,44,18~82,优,28.2,31.9,12.8,0.7,22.5,90,137
云浮,2016-05-28,37,14~74,优,18.7,29.9,9.8,0.733,21.4,48,115
云浮,2016-05-29,56,19~72,良,31.3,54.5,12.6,0.867,29.4,68,196
云浮,2016-05-30,53,24~85,良,28.9,59.7,11.6,0.888,25.8,57,141
云浮,2016-05-31,37,18~63,优,17.4,37.1,9.3,0.779,14.8,62,76
云浮,2016-06-01,34,18~65,优,18.1,30.1,9,0.661,13.2,82,91
云浮,2016-06-02,40,22~57,优,21.2,36.7,9.9,0.732,13.3,92,121
云浮,2016-06-03,51,28~84,良,34.3,44.1,9.9,0.738,15,89,198
云浮,2016-06-04,57,29~77,良,35.7,61.7,50.1,0.846,41.8,68,220
云浮,2016-06-05,40,17~74,优,23.5,29.5,9.4,0.804,33.7,43,117
云浮,2016-06-06,44,26~94,优,22.3,42.9,14,0.867,30.6,120,114
云浮,2016-06-07,83,34~137,良,57.5,66.7,10.9,1.021,33,114,257
云浮,2016-06-08,61,30~92,良,38.6,52.6,15.3,0.979,32.8,105,196
云浮,2016-06-09,56,32~80,良,36.8,48.8,9.6,0.904,23.1,133,183
云浮,2016-06-10,45,27~70,优,24.5,43.4,11.3,0.838,22.9,91,143
云浮,2016-06-11,38,16~87,优,19.8,34.4,8.5,0.929,22.4,77,127
云浮,2016-06-12,32,15~71,优,19.6,20.5,10.4,0.825,27.3,79,101
云浮,2016-06-13,38,23~55,优,19.3,37.4,8.4,0.892,29,86,104
云浮,2016-06-14,45,26~62,优,22.7,47.1,10.6,0.971,25.2,80,144
云浮,2016-06-15,41,24~67,优,19,42.5,7.9,0.838,22,75,145
云浮,2016-06-16,29,13~54,优,12.7,28.9,23.8,0.713,24,70,56
云浮,2016-06-17,50,26~70,优,23.3,54.6,37.7,0.879,36.9,84,154
云浮,2016-06-18,35,18~57,优,17.7,34.8,11.6,0.825,18.5,60,91
云浮,2016-06-19,27,15~54,优,11,27.1,12.4,0.658,12.9,56,70
云浮,2016-06-20,27,18~48,优,11.4,26.8,12.3,0.671,11.9,65,72
云浮,2016-06-21,34,20~70,优,15.2,35.8,12.6,0.733,15.9,68,104
云浮,2016-06-22,34,18~55,优,14.1,34.1,11.8,0.775,13.8,62,100
云浮,2016-06-23,32,17~51,优,12.8,31.5,10.8,0.75,15.3,61,112
云浮,2016-06-24,29,14~51,优,12.5,27.2,11.3,0.688,12.5,70,112
云浮,2016-06-25,34,16~57,优,12.9,34.1,13.1,0.85,18,90,132
云浮,2016-06-26,51,38~88,良,22.6,53.6,12.4,0.904,24.9,108,195
云浮,2016-06-27,51,29~84,良,25.1,56.7,17.4,0.996,21.2,94,193
云浮,2016-06-28,40,0~63,优,24.2,41.1,11.9,0.978,22.7,54,155
云浮,2016-06-29,41,23~80,优,23,41.4,14.5,1.017,27.5,71,148
云浮,2016-06-30,30,15~56,优,13.3,28.8,10,0.883,18,101,93
云浮,2016-07-01,26,12~53,优,10.9,24.3,9.2,0.888,14.9,46,101
云浮,2016-07-02,33,18~55,优,14.7,31.8,9.9,0.825,14.1,51,118
云浮,2016-07-03,31,18~53,优,13.1,30.4,12,0.846,12.2,70,105
云浮,2016-07-04,29,15~57,优,11.4,29.5,10.2,0.842,13.8,54,98
云浮,2016-07-05,28,13~44,优,11.8,27.3,12.5,0.883,18.3,49,96
云浮,2016-07-06,41,19~60,优,18.6,40.6,15.8,0.963,22.8,86,168
云浮,2016-07-07,54,40~68,良,28.3,59.4,23.3,0.983,29.5,120,238
云浮,2016-07-08,49,38~61,优,31.1,50.1,14.5,0.967,21.6,118,201
云浮,2016-07-09,52,36~79,良,32,54.1,15,1.004,20.4,112,212
云浮,2016-07-10,88,40~170,良,64.3,92.6,17.7,1.154,29.9,106,288
云浮,2016-07-11,59,23~81,良,31,70.8,62,1.154,38.4,70,245
云浮,2016-07-12,29,15~48,优,14.2,27.7,11.3,1.088,30.9,40,82
云浮,2016-07-13,37,15~61,优,15.8,37.6,11.2,1.067,20,84,145
云浮,2016-07-14,37,15~57,优,14.5,37,10.7,1.096,16.7,54,152
云浮,2016-07-15,47,25~72,优,22.9,48.9,14.3,1,20.8,54,228
云浮,2016-07-16,50,26~65,良,25.3,53.7,15.3,0.854,18.3,68,221
云浮,2016-07-17,43,26~60,优,22.2,42.4,12,0.746,12.1,62,147
云浮,2016-07-18,38,22~63,优,17.7,39.3,11,0.625,9.9,63,126
云浮,2016-07-19,38,25~65,优,18.9,39,14.6,0.629,8.8,72,148
云浮,2016-07-20,31,20~56,优,14.5,31.4,14.2,0.721,9.8,50,112
云浮,2016-07-21,28,18~54,优,12.9,27.9,13.8,0.513,9.4,49,78
云浮,2016-07-22,27,15~48,优,13.5,26.7,11.5,0.429,9.5,60,64
云浮,2016-07-23,31,12~51,优,13.8,30.8,12.5,0.767,12.2,88,80
云浮,2016-07-24,44,24~62,优,23.8,44.9,15.1,0.821,15.8,114,148
云浮,2016-07-25,65,41~101,良,36.7,64.7,18.8,0.925,24.9,202,247
云浮,2016-07-26,52,35~94,良,30.8,55.9,14.4,0.875,22.4,151,181
云浮,2016-07-27,34,23~62,优,16.4,34.5,15.3,0.792,19.3,76,81
云浮,2016-07-28,35,15~50,优,16.3,34,14,0.846,13.7,60,75
云浮,2016-07-29,37,15~59,优,17.3,38.2,26.2,0.842,18.7,112,103
云浮,2016-07-30,50,28~74,优,26.9,53.4,24.5,0.908,22.9,131,157
云浮,2016-07-31,59,29~80,良,34.5,65,40,0.983,35.6,184,246
云浮,2016-08-01,54,16~77,良,32.5,56.6,36.8,1.013,34.5,149,227
云浮,2016-08-02,30,16~57,优,16.9,26.8,17.2,0.967,12.4,62,86
云浮,2016-08-03,39,22~63,优,21.6,37.7,11,0.717,14.1,62,163
云浮,2016-08-04,42,32~75,优,20.7,42.8,15.8,0.721,28.1,72,177
云浮,2016-08-05,49,32~62,优,27.4,47.9,15,0.908,30.7,122,208
云浮,2016-08-06,47,29~65,优,20.8,48.5,16.9,0.883,21.3,88,179
云浮,2016-08-07,50,37~68,优,25.6,53.4,19.1,0.913,21.6,106,235
云浮,2016-08-08,48,34~60,优,26,48.3,20.2,0.904,19.6,98,227
云浮,2016-08-09,59,44~89,良,35.8,68.5,21.2,1.054,31.7,120,267
云浮,2016-08-10,55,19~85,良,32.9,63.7,21.1,1.108,32.3,68,221
云浮,2016-08-11,50,23~99,优,25.8,50.2,33.3,1.083,30.8,199,195
云浮,2016-08-12,59,34~81,良,40.1,67.2,15.5,1.254,38.5,56,259
云浮,2016-08-13,63,41~83,良,41.9,73.1,18.6,1.329,28,144,293
云浮,2016-08-14,49,19~71,优,29.4,48.9,27.9,1.308,32.3,78,209
云浮,2016-08-15,32,15~64,优,15.7,30.1,20.7,1.154,23.6,78,110
云浮,2016-08-16,30,15~56,优,14.6,28.4,21.4,1.117,20.5,92,86
云浮,2016-08-17,20,12~55,优,9.2,19.8,19,0.975,14,62,32
云浮,2016-08-18,19,11~30,优,7.3,17.3,13.9,0.675,15.4,72,24
云浮,2016-08-19,30,12~53,优,12.5,30.1,15.2,0.738,17.5,107,94
云浮,2016-08-20,55,40~65,良,28.3,58.4,23.7,0.874,21,119,237
云浮,2016-08-21,54,38~78,良,26.9,60.5,17.5,0.917,28.4,100,201
云浮,2016-08-22,76,53~116,良,44.6,81,30.5,0.961,29.7,231,289
云浮,2016-08-23,60,50~74,良,37.8,65.9,17.1,0.879,29.6,142,225
云浮,2016-08-24,93,58~185,良,66.3,103.4,21.5,1.075,35.2,159,300
云浮,2016-08-25,90,63~147,良,66.1,100,16.2,1.108,30.5,172,317
云浮,2016-08-26,64,46~84,良,44.8,60,21.1,1.129,31.8,122,310
云浮,2016-08-27,40,23~63,优,21.9,35.7,15.4,1.104,29.8,80,140
云浮,2016-08-28,34,14~54,优,15.6,32.8,21.2,1.079,23.9,87,86
云浮,2016-08-29,59,43~94,良,39,54.8,19.4,0.988,28.5,172,212
云浮,2016-08-30,83,62~120,良,58.6,80.7,22.6,1.054,35,200,311
云浮,2016-08-31,86,62~120,良,62.6,96.8,21.4,1.25,42.9,146,296
云浮,2016-09-01,42,21~70,优,23.2,43.8,14,0.975,22.6,70,136
云浮,2016-09-02,34,17~59,优,16.8,32.4,17.1,0.867,29.9,78,80
云浮,2016-09-03,30,15~57,优,17.7,23.7,14.8,0.958,26.8,80,44
云浮,2016-09-04,48,28~69,优,26.5,46.3,18.8,1.042,30,123,116
云浮,2016-09-05,36,23~52,优,20.5,31.1,17.3,1,31,94,75
云浮,2016-09-06,40,20~60,优,21.5,38.2,19.3,1.004,35.6,114,116
云浮,2016-09-07,45,27~60,优,26.8,40.4,25.3,1.1,38.1,76,151
云浮,2016-09-08,55,35~88,良,36.5,38,13.6,1.179,26.3,130,175
云浮,2016-09-09,51,22~84,良,30.2,39,12,1.238,29.2,80,153
云浮,2016-09-10,46,26~68,优,21.9,45.8,13.3,1.046,22.8,52,159
云浮,2016-09-11,41,21~57,优,21.7,40.4,14.8,1.004,25.6,38,131
云浮,2016-09-12,34,23~55,优,18.4,33.5,16.8,1.058,20.1,87,75
云浮,2016-09-13,68,49~96,良,44.7,75.3,45.9,1.292,27.7,134,239
云浮,2016-09-14,61,42~76,良,30.3,72.5,32.3,1.208,29.1,112,200
云浮,2016-09-15,54,46~66,良,29.2,58.1,28.8,1.125,21.5,122,193
云浮,2016-09-16,52,36~68,良,28.7,56,35.8,1.163,26.1,95,200
云浮,2016-09-17,51,36~62,良,20.3,55.8,32,1.135,33.7,100,197
云浮,2016-09-18,61,52~69,良,24.4,72,30.2,1.25,36.3,82,240
云浮,2016-09-19,47,34~66,优,19.7,50.3,17.7,1.193,29.7,123,164
云浮,2016-09-20,69,54~119,良,34.8,76,24.2,1.338,37.8,156,266
云浮,2016-09-21,67,58~80,良,47.6,60.5,23.2,0.858,34.7,157,226
云浮,2016-09-22,89,69~172,良,64.3,100.4,21.8,1.004,40.1,182,281
云浮,2016-09-23,97,77~125,良,71.3,109.1,15.7,1.183,49,218,299
云浮,2016-09-24,73,58~94,良,52.9,80.8,8.5,1.067,37.6,158,218
云浮,2016-09-25,56,40~77,良,38.2,55.5,5.9,0.988,27.2,114,159
云浮,2016-09-26,75,45~107,良,53.4,72,17.3,1.117,35.9,190,223
云浮,2016-09-27,72,61~86,良,47.2,83.9,16.1,1.046,33.8,145,265
云浮,2016-09-28,83,54~104,良,60.7,84.3,9.6,1.117,19,124,334
云浮,2016-09-29,30,19~48,优,19.2,22.1,4.7,1.061,14.6,79,102
云浮,2016-09-30,17,13~22,优,8.1,12.7,4.8,1,16.8,63,19
云浮,2016-10-01,33,15~56,优,17.5,31.5,16.8,1.129,31.1,46,75
云浮,2016-10-02,40,29~55,优,24.3,30,25,0.979,27.7,94,123
云浮,2016-10-03,28,19~52,优,15.7,21.6,33.7,0.892,28.9,82,52
云浮,2016-10-04,27,18~46,优,13.5,22,11.4,0.921,23.7,117,35
云浮,2016-10-05,33,23~45,优,15.6,25.1,11.1,0.933,34.2,141,56
云浮,2016-10-06,33,26~38,优,20.1,28.6,17.9,0.979,42,105,62
云浮,2016-10-07,32,23~42,优,19.8,27.9,20.5,1.033,32.6,108,75
云浮,2016-10-08,22,17~26,优,11.3,12.7,12.3,0.888,27.3,81,45
云浮,2016-10-09,24,19~35,优,9,15.3,4.8,0.871,17,89,45
云浮,2016-10-10,29,19~38,优,14.6,19.9,8,0.971,25,120,55
云浮,2016-10-11,33,21~42,优,15.4,18.7,11,0.975,33.5,133,75
云浮,2016-10-12,25,19~36,优,14.3,18.9,6.5,0.942,32,84,33
云浮,2016-10-13,22,16~26,优,13.2,16.9,3.2,0.967,21.4,74,17
云浮,2016-10-14,22,14~34,优,10.8,14.1,6.8,0.883,22.9,107,18
云浮,2016-10-15,28,17~64,优,13.7,18,9.9,0.738,33.4,108,40
云浮,2016-10-16,43,25~69,优,24.1,44.6,13.1,0.85,36.5,98,94
云浮,2016-10-17,35,26~53,优,20.5,34.3,4.9,0.779,17.4,83,58
云浮,2016-10-18,21,9~42,优,12.1,16.4,2.8,0.788,17.3,52,23
云浮,2016-10-19,17,9~30,优,6.8,13.4,4,0.717,30.9,33,17
云浮,2016-10-20,26,13~53,优,11.8,21.9,6,0.867,35.1,96,50
云浮,2016-10-21,22,16~32,优,14.1,14.5,4.5,1.071,20.9,76,42
云浮,2016-10-22,28,12~58,优,15.3,23.4,3.7,1.046,18.9,90,102
云浮,2016-10-23,52,36~69,良,30,53,8.7,1.075,27.4,106,250
云浮,2016-10-24,44,22~70,优,27.8,43.3,6.8,1,31.9,60,168
云浮,2016-10-25,29,19~43,优,14,29.4,4.6,0.904,21.1,60,69
云浮,2016-10-26,42,18~65,优,21.2,39.7,4.8,0.846,17.7,57,150
云浮,2016-10-27,54,35~67,良,30,60,5.3,0.958,24.9,80,233
云浮,2016-10-28,57,40~80,良,33.3,62.9,11.5,0.929,35.5,110,268
云浮,2016-10-29,46,29~83,优,30.4,48.1,6.3,1.021,24.4,71,193
云浮,2016-10-30,37,20~63,优,21.5,38,9.3,1.013,24.3,96,102
云浮,2016-10-31,48,36~77,优,31.7,49.8,14.8,1.033,38.4,107,191
云浮,2016-11-01,44,22~69,优,28.9,29.8,8.1,1.029,23.6,87,147
云浮,2016-11-02,31,20~48,优,19.4,27,9.1,0.967,20.1,84,43
云浮,2016-11-03,41,29~80,优,26.6,38,8,0.892,22.4,99,62
云浮,2016-11-04,69,58~87,良,47,80.4,16.5,1.058,44.7,112,137
云浮,2016-11-05,100,70~135,良,74.4,105.5,15,1.279,44.5,188,210
云浮,2016-11-06,108,64~142,轻度污染,81.1,106.8,12.3,1.188,46,145,217
云浮,2016-11-07,106,64~140,轻度污染,79.2,107.8,14.7,1.108,40.6,166,259
云浮,2016-11-08,88,35~139,良,65.4,77,8.8,1.354,39,72,272
云浮,2016-11-09,32,20~50,优,20.8,28.4,8,1.171,22.4,56,99
云浮,2016-11-10,12,9~19,优,6.7,7.2,4,0.813,18.9,36,14
云浮,2016-11-11,38,14~92,优,24,37.2,8.1,0.871,32.4,33,75
云浮,2016-11-12,110,89~149,轻度污染,82.2,122.7,28.6,1.252,69.8,68,293
云浮,2016-11-13,106,57~189,轻度污染,75.6,122.4,14.2,1.854,49.2,101,210
云浮,2016-11-14,59,42~95,良,35.9,61.1,7.3,1.129,28.3,88,101
云浮,2016-11-15,65,54~87,良,44.8,75.2,16.8,1.096,36.9,148,143
云浮,2016-11-16,82,54~123,良,59.4,89,7.3,1.087,35.3,113,196
云浮,2016-11-17,72,57~97,良,52,78.9,8.7,1.088,35.7,117,165
云浮,2016-11-18,145,97~212,轻度污染,109.1,167.9,20.8,1.404,65.2,133,266
云浮,2016-11-19,154,63~242,中度污染,116.5,186,19.8,1.396,65.1,108,0
云浮,2016-11-20,63,32~107,良,41.8,71,13.2,0.958,40.7,126,0
云浮,2016-11-21,36,22~65,优,24.2,30.9,9,0.983,49.8,24,0
云浮,2016-11-22,26,12~49,优,16.7,19.1,8.2,0.996,40.5,36,0
云浮,2016-11-23,12,9~18,优,4.5,10,5.1,0.796,20.7,35,0
云浮,2016-11-24,25,8~64,优,15.4,17.3,7,0.688,16,33,0
云浮,2016-11-25,17,12~29,优,10.3,14.4,7.2,0.767,16.1,24,0
云浮,2016-11-26,20,9~40,优,12.3,18.2,9.2,0.833,18.8,14,0
云浮,2016-11-27,44,18~114,优,28.4,47,12,0.867,20.2,97,0
云浮,2016-11-28,51,35~78,良,31.7,55.8,14.6,0.921,28.4,104,0
云浮,2016-11-29,67,50~79,良,46,77.5,13.1,0.938,35.9,81,0
云浮,2016-11-30,74,62~92,良,53.2,83.8,15.8,0.775,38.3,112,0
云浮,2016-12-01,87,72~97,良,64.3,99.4,23.8,0.733,45.8,96,0
云浮,2016-12-02,87,72~112,良,63.8,92.5,14.1,0.963,40.5,100,0
云浮,2016-12-03,90,70~137,良,66.8,101.9,16.5,1.054,42.4,87,0
云浮,2016-12-04,96,72~133,良,71,115.6,25.9,1.025,50.1,76,0
云浮,2016-12-05,105,84~137,轻度污染,78.5,116,24,1.088,46.4,106,0
云浮,2016-12-06,69,49~95,良,50.2,69.4,13.1,0.8,32.2,104,0
云浮,2016-12-07,93,72~107,良,68.6,113,21.7,0.992,48.7,126,0
云浮,2016-12-08,91,62~129,良,67.7,112.7,24.7,0.996,50.6,113,0
云浮,2016-12-09,87,67~114,良,64,101.5,19.1,1.113,53.2,130,0
云浮,2016-12-10,109,62~137,轻度污染,81.4,113.8,23.8,1.192,55.4,133,0
云浮,2016-12-11,131,94~215,轻度污染,99.2,136.6,19,1.342,64.8,150,0
云浮,2016-12-12,109,77~204,轻度污染,81.3,113,17.2,1.104,57.5,72,0
云浮,2016-12-13,102,55~155,轻度污染,76.1,111.2,18.3,1.309,44,109,0
云浮,2016-12-14,44,38~53,优,30.5,37.1,7.3,0.938,18.1,98,0
云浮,2016-12-15,40,29~67,优,26.6,33.7,8.3,1.079,20.5,118,0
云浮,2016-12-16,44,38~61,优,30.5,38,9.1,0.913,24.5,118,0
云浮,2016-12-17,72,58~104,良,52.1,77.8,15.3,1.021,48,124,0
云浮,2016-12-18,95,67~133,良,70.4,98.8,20.5,1.188,59.6,150,0
云浮,2016-12-19,116,63~142,轻度污染,87.6,115.8,17.9,1.363,66.7,168,0
云浮,2016-12-20,98,63~142,良,72,96.9,11.9,1.375,53.9,182,0
云浮,2016-12-21,79,54~105,良,57.8,84.5,10.3,1.229,55,96,0
云浮,2016-12-22,47,23~74,优,27,41.4,8.5,1.167,38,117,0
云浮,2016-12-23,61,44~93,良,40,57.8,10.7,1.267,46.2,145,0
云浮,2016-12-24,103,82~129,轻度污染,77.3,71,7.8,1.342,66.8,48,0
云浮,2016-12-25,126,112~149,轻度污染,95.8,116.4,11.4,1.154,69.6,20,0
云浮,2016-12-26,102,28~137,轻度污染,76.6,98.5,19.7,1.283,66.7,68,0
云浮,2016-12-27,36,23~49,优,23.3,29,12.4,0.821,22.6,104,0
云浮,2016-12-28,61,50~79,良,43.2,57.8,19.7,0.871,33.6,110,0
云浮,2016-12-29,64,54~84,良,46.2,65,22.6,0.871,35.8,114,0
云浮,2016-12-30,78,60~110,良,54.4,95.8,23.8,1.038,45.1,119,0
云浮,2016-12-31,87,69~114,良,63.5,112.9,28.3,1.121,55.5,132,0
云浮,2017-01-01,109,84~152,轻度污染,82,116.2,14.1,1.35,56.1,180,0
云浮,2017-01-02,122,52~207,轻度污染,91.1,111.5,19.5,1.263,59.6,142,0
云浮,2017-01-03,86,67~132,良,63.3,104.4,22.9,1.117,49.2,148,0
云浮,2017-01-04,135,97~192,轻度污染,102,138.7,10.4,1.267,53.3,173,0
云浮,2017-01-05,142,67~220,轻度污染,107.3,133.8,11.1,1.317,52.5,145,0
云浮,2017-01-06,164,107~246,中度污染,124.2,163.9,18.3,1.354,64.5,169,0
云浮,2017-01-07,115,74~189,轻度污染,86.7,125.8,12.2,1.254,59.7,104,0
云浮,2017-01-08,94,62~122,良,70,98.1,16.9,1.375,39.5,60,0
云浮,2017-01-09,54,38~89,良,38.4,50.1,9.5,1.525,32.8,146,0
云浮,2017-01-10,136,94~165,轻度污染,103.2,132.3,16.4,1.546,71,78,0
云浮,2017-01-11,118,87~160,轻度污染,88.7,100.9,13.2,1.261,50.7,72,0
云浮,2017-01-12,60,12~92,良,43.1,30.7,6.1,1.225,27.2,38,0
云浮,2017-01-13,15,11~28,优,7.2,9,6.1,1.15,26.2,35,0
云浮,2017-01-14,14,10~18,优,8.4,11.6,5.4,1.104,22.8,38,0
云浮,2017-01-15,19,12~30,优,12,15.6,5.6,1.042,22.2,38,0
云浮,2017-01-16,34,26~40,优,23,25.3,6.1,1.029,25.1,42,0
云浮,2017-01-17,26,19~43,优,18.1,16.7,6.7,1.087,30.6,28,0
云浮,2017-01-18,67,28~142,良,47.5,55.9,8.7,1.179,33.4,32,0
云浮,2017-01-19,62,38~129,良,42.6,54.1,15.5,1.204,26.7,12,0
云浮,2017-01-20,31,20~51,优,20.3,26.5,11,0.85,18.1,77,0
云浮,2017-01-21,63,46~82,良,45.4,57.2,16.4,0.817,28.3,92,0
云浮,2017-01-22,71,57~89,良,51.2,69.1,13.4,0.742,24.8,116,0
云浮,2017-01-23,72,59~90,良,52.5,77.5,13.5,0.846,34.5,127,0
云浮,2017-01-24,92,75~117,良,68.6,90,13.3,1.079,42,124,0
云浮,2017-01-25,99,69~119,良,73.8,87.8,12.3,1.096,35.3,144,0
云浮,2017-01-26,98,82~119,良,72.8,85.9,9.6,1.05,30,154,0
云浮,2017-01-27,96,59~142,良,71.3,73.6,9.2,0.963,21.7,137,0
云浮,2017-01-28,246,54~500,重度污染,241.3,115.5,25.3,0.754,16.3,133,0
云浮,2017-01-29,87,43~180,良,64,36,9.3,0.692,13.8,62,0
云浮,2017-01-30,61,40~79,良,43.5,40.9,7,0.75,10.8,78,0
云浮,2017-01-31,56,50~68,良,39.3,34.9,6.5,1.042,10,56,0
