哈尔滨,2013-12-02,162,126~212,中度污染,200.8,251.1,139.3,2.39,115.7,51,65
哈尔滨,2013-12-03,297,217~377,重度污染,320.4,373.2,106.5,2.845,119.9,26,96
哈尔滨,2013-12-04,285,127~378,重度污染,98.5,127.2,90.5,1.217,63,40,87
哈尔滨,2013-12-05,86,77~111,良,61.6,90.9,80.9,1.25,50.9,29,23
哈尔滨,2013-12-06,119,82~158,轻度污染,115.1,155.7,72.2,1.744,67,42,55
哈尔滨,2013-12-07,225,169~327,重度污染,261.8,338.1,93.8,2.647,100.1,38,73
哈尔滨,2013-12-08,340,270~361,严重污染,190.2,252.5,122.2,1.795,87,23,94
哈尔滨,2013-12-09,167,127~244,中度污染,97,124.9,90.1,1.132,60.9,35,52
哈尔滨,2013-12-10,197,133~268,中度污染,221.6,266.6,87.6,2.133,82.9,33,101
哈尔滨,2013-12-11,250,161~287,重度污染,126.6,154.3,88.9,1.318,61.2,27,113
哈尔滨,2013-12-12,150,122~230,中度污染,165.3,200.9,142.9,1.552,71.4,30,88
哈尔滨,2013-12-13,202,133~236,重度污染,101.3,129.5,89.5,1.218,50.6,32,100
哈尔滨,2013-12-14,117,111~126,轻度污染,90.9,122.3,118,1.142,54.3,31,49
哈尔滨,2013-12-15,126,113~194,轻度污染,143,169.5,133,1.538,72.8,36,58
哈尔滨,2013-12-16,264,208~284,重度污染,196.8,246,152.8,1.971,93,24,102
哈尔滨,2013-12-17,198,176~237,中度污染,174.7,223.1,133.8,1.971,89.3,24,90
哈尔滨,2013-12-18,287,229~305,重度污染,229.1,302.6,131.6,2.188,93.3,23,107
哈尔滨,2013-12-19,239,200~287,重度污染,146.9,180,127.8,1.395,78,35,101
哈尔滨,2013-12-20,137,105~192,轻度污染,83.7,111.1,117.6,1.37,65,39,59
哈尔滨,2013-12-21,170,117~228,中度污染,170.6,241.8,116.9,2.077,83,38,74
哈尔滨,2013-12-22,237,230~249,重度污染,180.3,253.2,163.4,1.867,90.7,41,97
哈尔滨,2013-12-23,237,228~251,重度污染,195,233.2,151.5,1.977,91.6,37,88
哈尔滨,2013-12-24,276,255~287,重度污染,232.1,315.5,170.5,2.479,103.5,31,83
哈尔滨,2013-12-25,222,185~277,重度污染,144.9,186.6,181.2,1.548,95.3,35,63
哈尔滨,2013-12-26,164,91~202,中度污染,71.1,101.8,104.3,1.204,59.7,37,50
哈尔滨,2013-12-27,147,77~240,轻度污染,167.5,171,101.5,1.777,74.5,33,78
哈尔滨,2013-12-28,267,250~284,重度污染,208.4,266.8,119.7,1.933,81.3,39,114
哈尔滨,2013-12-29,188,116~254,中度污染,87.9,115.3,125.6,1.078,59.4,38,100
哈尔滨,2013-12-30,118,110~130,轻度污染,100.6,137.6,135.1,1.329,69.7,38,58
哈尔滨,2013-12-31,115,89~130,轻度污染,66.2,95.5,109.4,0.925,55.2,46,53
哈尔滨,2014-01-01,121,90~143,轻度污染,107.6,141,102.2,1.313,54.6,37,84
哈尔滨,2014-01-02,135,106~238,轻度污染,100.1,139.6,122.7,1.417,67.7,33,87
哈尔滨,2014-01-03,189,121~255,中度污染,143.7,196.8,137.2,1.654,73.2,37,126
哈尔滨,2014-01-04,244,162~423,重度污染,196.7,245.7,145.8,2.25,90.5,25,168
哈尔滨,2014-01-05,406,259~500,严重污染,368.6,450.1,183.9,3.181,122.8,29,188
哈尔滨,2014-01-06,206,82~414,重度污染,167.3,216.2,172.8,1.395,85.4,31,119
哈尔滨,2014-01-07,152,112~216,中度污染,115.2,147.9,103.8,1.415,62.1,35,119
哈尔滨,2014-01-08,77,47~150,良,56.5,71.3,81.7,1.017,46.6,37,105
哈尔滨,2014-01-09,90,58~148,良,66.8,88.7,93.6,0.971,53.5,40,120
哈尔滨,2014-01-10,120,79~197,轻度污染,90.3,126.6,125.5,1.174,61.3,34,103
哈尔滨,2014-01-11,115,75~187,轻度污染,85.9,124,111.2,1.15,59,30,87
哈尔滨,2014-01-12,81,55~117,良,58.7,80.7,91.2,0.911,45.1,39,81
哈尔滨,2014-01-13,186,112~375,中度污染,146.7,162.4,140.6,1.45,69.6,36,159
哈尔滨,2014-01-14,204,133~306,重度污染,157.1,209.1,178.2,1.62,84.6,29,151
哈尔滨,2014-01-15,195,137~285,中度污染,150.1,200.3,167.9,1.445,78,39,123
哈尔滨,2014-01-16,156,70~289,中度污染,119.9,170.8,127,1.433,66.2,34,93
哈尔滨,2014-01-17,211,103~309,重度污染,165.6,201.1,158.3,1.638,83.6,35,123
哈尔滨,2014-01-18,221,146~286,重度污染,173.2,232,155.2,1.913,88.3,42,128
哈尔滨,2014-01-19,173,106~222,中度污染,131.2,179.7,163.2,1.404,77.6,23,98
哈尔滨,2014-01-20,131,95~176,轻度污染,98.9,131,138.2,1.248,70,32,115
哈尔滨,2014-01-21,191,149~224,中度污染,145.2,191.7,107.4,1.727,72.3,42,182
哈尔滨,2014-01-22,213,173~290,重度污染,165.2,225.1,214.5,1.56,93.5,44,182
哈尔滨,2014-01-23,127,95~223,轻度污染,96.2,144.2,177.6,1.209,69.7,50,104
哈尔滨,2014-01-24,163,112~212,中度污染,123.4,165,98.4,1.733,68.3,62,124
哈尔滨,2014-01-25,180,119~239,中度污染,136.8,188.5,85,1.733,82.2,40,135
哈尔滨,2014-01-26,115,59~278,轻度污染,85.7,124.8,95.6,1.133,60.4,64,115
哈尔滨,2014-01-27,72,47~121,良,45,82.6,79.5,0.764,46.6,53,72
哈尔滨,2014-01-28,57,33~112,良,36.4,58.7,58.3,0.76,36.5,60,47
哈尔滨,2014-01-29,81,60~108,良,56.2,97.8,98.7,0.984,53.5,59,74
哈尔滨,2014-01-30,76,41~229,良,54.5,71.9,64.4,0.968,34,59,33
哈尔滨,2014-01-31,217,132~480,重度污染,170.4,205.5,118.3,1.322,54,68,98
哈尔滨,2014-02-01,148,69~244,轻度污染,112.6,162.8,132.6,1.2,65.4,59,110
哈尔滨,2014-02-02,89,66~148,良,56.2,106.1,68.1,0.905,36.8,64,58
哈尔滨,2014-02-03,48,28~94,优,27.9,46.4,54.5,0.755,31.5,59,51
哈尔滨,2014-02-04,77,45~144,良,54.7,78.5,78.4,1,42.1,56,127
哈尔滨,2014-02-05,126,64~190,轻度污染,94.4,134.1,91.1,1.518,59.6,62,171
哈尔滨,2014-02-06,124,80~199,轻度污染,93.3,135.7,95.7,1.194,55.4,65,170
哈尔滨,2014-02-07,198,186~204,中度污染,148.3,213,198.3,1.6,108,19,183
哈尔滨,2014-02-08,144,52~225,轻度污染,108.2,146.2,133,1.538,72.9,55,157
哈尔滨,2014-02-09,76,52~114,良,53.8,84.8,101,1.025,52.3,57,132
哈尔滨,2014-02-10,136,64~240,轻度污染,102.4,153.5,124.5,1.614,72.5,59,175
哈尔滨,2014-02-11,151,94~209,中度污染,113.7,172.9,172,1.622,87.3,56,171
哈尔滨,2014-02-12,150,65~270,中度污染,113.9,166.2,121.3,1.567,83.6,51,129
哈尔滨,2014-02-13,135,62~248,轻度污染,101.6,149.7,117.6,1.596,77,56,129
哈尔滨,2014-02-14,130,61~239,轻度污染,97.1,149.1,125.4,1.35,72.5,55,111
哈尔滨,2014-02-15,204,130~289,重度污染,158.8,199.6,106.9,1.708,73.7,70,143
哈尔滨,2014-02-16,201,102~330,重度污染,157.2,201.6,119.4,1.529,90,68,155
哈尔滨,2014-02-17,200,89~377,重度污染,159.8,210.5,99.2,1.904,85.2,73,165
哈尔滨,2014-02-18,152,80~271,中度污染,116.2,172.9,98.7,1.696,78.8,78,170
哈尔滨,2014-02-19,162,56~304,中度污染,124.7,171.9,104.7,1.574,87.7,66,143
哈尔滨,2014-02-20,190,85~387,中度污染,146.2,217.8,136.8,2.153,92.9,46,145
哈尔滨,2014-02-21,128,74~212,轻度污染,94.6,148.9,167.6,1.355,101.6,48,87
哈尔滨,2014-02-22,180,79~352,中度污染,141,190.1,117.8,1.67,103,80,123
哈尔滨,2014-02-23,213,100~398,重度污染,169.6,235.2,133.4,2.1,99.6,89,143
哈尔滨,2014-02-24,188,114~318,中度污染,146.3,200,144.8,1.563,85.4,93,121
哈尔滨,2014-02-25,308,246~382,严重污染,257.8,337.1,152.2,2.357,98.5,57,173
哈尔滨,2014-02-26,211,149~283,重度污染,163,235.3,138.2,1.308,64.6,81,163
哈尔滨,2014-02-27,81,39~206,良,54.1,80.1,46.8,1.071,39.3,65,80
哈尔滨,2014-02-28,48,33~61,优,25.2,49.2,55.4,0.832,31.2,64,47
哈尔滨,2014-03-01,72,53~114,良,50.5,87.1,102.6,0.867,48.1,57,101
哈尔滨,2014-03-02,65,49~85,良,43.9,74.2,84.7,0.809,41.6,65,60
哈尔滨,2014-03-03,67,52~96,良,45.5,77.1,77.7,0.833,43.3,64,64
哈尔滨,2014-03-04,69,50~123,良,47,79.2,72.3,0.848,47.3,68,86
哈尔滨,2014-03-05,62,50~106,良,35.8,68.8,57.3,0.705,43.8,59,61
哈尔滨,2014-03-06,59,46~95,良,34.5,65.1,64.1,0.704,47.4,58,76
哈尔滨,2014-03-07,75,47~179,良,48.2,87.2,64.4,0.909,54.6,57,100
哈尔滨,2014-03-08,58,40~84,良,32.3,64.3,62.9,0.739,46.7,58,59
哈尔滨,2014-03-09,49,35~63,优,25.2,49.8,57.4,0.661,42.6,51,40
哈尔滨,2014-03-10,55,29~94,良,33.2,62.6,71.5,0.804,52.8,61,35
哈尔滨,2014-03-11,74,53~110,良,48.9,90.8,95.4,0.748,65.6,70,52
哈尔滨,2014-03-12,79,54~154,良,56.3,90.1,74,0.986,69.8,70,94
哈尔滨,2014-03-13,62,31~127,良,41.5,69.2,70.4,0.896,64.7,63,63
哈尔滨,2014-03-14,87,61~138,良,63.2,112.3,80.6,1.052,70,79,91
哈尔滨,2014-03-15,87,63~161,良,63.9,104,87.9,0.7,60.7,73,64
哈尔滨,2014-03-16,66,36~126,良,46.5,76.5,71.5,0.738,56,69,26
哈尔滨,2014-03-17,75,55~105,良,51.9,82,76.8,0.8,76.5,44,37
哈尔滨,2014-03-18,52,30~87,良,31.1,52.5,59.7,0.848,54.6,59,13
哈尔滨,2014-03-19,83,47~157,良,56.7,104.8,77.3,1.222,76,46,68
哈尔滨,2014-03-20,43,26~59,优,21.6,42.8,47.9,0.692,49.3,54,19
哈尔滨,2014-03-21,55,30~88,良,33,60.9,58.8,0.792,60.3,71,41
哈尔滨,2014-03-22,70,38~94,良,47.8,85.8,63.9,0.95,77.8,74,56
哈尔滨,2014-03-23,91,57~129,良,67.3,110.3,69.8,1.083,84.1,98,84
哈尔滨,2014-03-24,133,83~186,轻度污染,100.8,159.3,80.3,1.195,75.9,99,148
哈尔滨,2014-03-25,207,89~282,重度污染,162.8,248.8,76.2,1.732,101.7,98,161
哈尔滨,2014-03-26,181,85~276,中度污染,138.4,229.6,73.1,1.814,103.3,105,137
哈尔滨,2014-03-27,149,61~265,轻度污染,113.6,166.1,61.5,1.127,85.5,102,123
哈尔滨,2014-03-28,116,49~221,轻度污染,81.8,120.9,50.5,0.87,55.5,78,108
哈尔滨,2014-03-29,59,37~95,良,27.8,67.5,42.4,0.708,57.2,79,50
哈尔滨,2014-03-30,73,52~107,良,44.1,92.2,39.3,0.73,57,108,65
哈尔滨,2014-03-31,80,42~123,良,53,103.1,35.6,0.887,59.2,101,81
哈尔滨,2014-04-01,65,47~90,良,41.1,76.2,45.2,0.665,48.8,76,52
哈尔滨,2014-04-02,53,38~68,良,22.8,56.9,31.7,0.783,32.8,76,33
哈尔滨,2014-04-03,49,34~72,优,22.6,49.8,30,0.568,36.7,65,33
哈尔滨,2014-04-04,64,49~87,良,38.3,76.8,38.7,0.663,46.1,72,51
哈尔滨,2014-04-05,52,35~66,良,20.5,55.6,28.8,0.708,34.5,69,29
哈尔滨,2014-04-06,65,49~83,良,39.3,78.7,44.8,0.595,50.6,89,66
哈尔滨,2014-04-07,92,54~148,良,64.3,117.3,38,0.983,74.3,104,106
哈尔滨,2014-04-08,137,74~231,轻度污染,102.4,167.8,47.4,0.992,77.8,122,127
哈尔滨,2014-04-09,70,47~98,良,37.2,86.2,27.8,0.704,46,84,44
哈尔滨,2014-04-10,67,56~99,良,43.3,79.6,28.8,0.742,56.1,92,47
哈尔滨,2014-04-11,92,56~135,良,60.5,129.8,35.7,0.868,78.8,96,109
哈尔滨,2014-04-12,118,61~223,轻度污染,83.4,166.3,47.8,1.024,101.2,103,133
哈尔滨,2014-04-13,139,61~236,轻度污染,102,190.6,37.5,1.182,100.2,134,137
哈尔滨,2014-04-14,141,89~336,轻度污染,68.3,204.5,32.5,0.821,48.8,160,139
哈尔滨,2014-04-15,54,31~86,良,22,61.3,20.5,0.609,38,77,36
哈尔滨,2014-04-16,63,46~93,良,35.1,75.4,27.4,0.687,50,83,67
哈尔滨,2014-04-17,58,35~95,良,29,67.5,29.4,0.596,50.8,81,49
哈尔滨,2014-04-18,61,49~83,良,33.9,69.1,25.6,0.573,48.8,97,65
哈尔滨,2014-04-19,102,53~174,轻度污染,67,146.3,39.3,0.8,86,95,151
哈尔滨,2014-04-20,73,52~106,良,48.5,85.5,21.9,0.604,45.4,84,98
哈尔滨,2014-04-21,71,47~119,良,51.5,72.3,19.1,0.678,53,113,88
哈尔滨,2014-04-22,76,39~133,良,51,89.2,21.1,0.704,64.2,101,87
哈尔滨,2014-04-23,78,57~122,良,45,104.1,27.4,0.587,58.4,124,79
哈尔滨,2014-04-24,79,46~108,良,52.7,101,28.6,0.587,32,146,92
哈尔滨,2014-04-25,85,65~101,良,50,117.4,25.8,0.657,36.5,155,126
哈尔滨,2014-04-26,112,73~185,轻度污染,43.8,172.8,14.5,0.609,32.2,90,156
哈尔滨,2014-04-27,64,37~83,良,24.5,78.1,13.2,0.633,38.4,71,86
哈尔滨,2014-04-28,78,50~142,良,51,102.8,19.7,0.758,76.8,101,102
哈尔滨,2014-04-29,93,52~153,良,61,132.7,21,0.9,77.2,115,93
哈尔滨,2014-04-30,81,60~113,良,45.2,109.3,21.7,0.645,63.7,137,66
哈尔滨,2014-05-01,92,77~118,良,51.8,132.3,22.5,0.717,38.2,147,81
哈尔滨,2014-05-02,72,41~118,良,35.7,89.9,7.3,0.58,31.2,79,73
哈尔滨,2014-05-03,51,31~79,良,33.5,49.3,11.2,0.524,33.9,77,36
哈尔滨,2014-05-04,41,26~70,优,24.8,41,9.5,0.575,39.2,62,28
哈尔滨,2014-05-05,20,15~34,优,12.3,16.3,7.3,0.471,22.9,53,3
哈尔滨,2014-05-06,31,18~63,优,19.8,31,11.8,0.539,32.7,51,9
哈尔滨,2014-05-07,36,29~48,优,19.1,33.3,13.9,0.557,37.1,74,11
哈尔滨,2014-05-08,37,21~82,优,20.9,38.4,11.3,0.65,41.8,70,17
哈尔滨,2014-05-09,52,37~73,良,24.5,52.7,16.6,0.6,47.7,110,45
哈尔滨,2014-05-10,63,51~85,良,35,75.3,23.5,0.646,53.8,96,112
哈尔滨,2014-05-11,66,49~80,良,42,76.3,23.9,0.709,47.1,111,136
哈尔滨,2014-05-12,39,26~82,优,26.1,33.3,10.4,0.661,38.8,83,26
哈尔滨,2014-05-13,42,33~69,优,18.4,26.8,10.8,0.665,33.7,88,19
哈尔滨,2014-05-14,35,24~64,优,20.3,33.6,11.3,0.713,40.7,70,19
哈尔滨,2014-05-15,37,20~58,优,23.1,34.6,10.3,0.687,45.2,55,21
哈尔滨,2014-05-16,37,19~64,优,22,37.7,13.5,0.63,38.2,46,17
哈尔滨,2014-05-17,43,27~72,优,24,44,13.2,0.779,39.4,85,27
哈尔滨,2014-05-18,61,38~94,良,37.8,67.9,17.7,0.887,58,104,62
哈尔滨,2014-05-19,60,34~89,良,41.1,61.9,17.8,0.782,50.2,105,52
哈尔滨,2014-05-20,50,34~74,良,35.6,41.2,13,0.692,39.6,73,33
哈尔滨,2014-05-21,45,35~58,优,28.5,40.5,10.6,0.723,38.6,97,23
哈尔滨,2014-05-22,47,34~57,优,22.9,46.8,14.6,0.568,39.9,117,35
哈尔滨,2014-05-23,62,35~128,良,31.1,64.5,20.4,0.571,38.3,152,70
哈尔滨,2014-05-24,64,45~94,良,25.4,76.7,17.9,0.663,54.8,82,108
哈尔滨,2014-05-25,46,31~73,优,29,44.3,15.9,0.75,26.7,83,45
哈尔滨,2014-05-26,60,51~74,良,26.8,67.8,15.7,0.623,33.4,62,48
哈尔滨,2014-05-27,41,27~89,优,20.5,43.1,12.9,0.611,29.7,76,15
哈尔滨,2014-05-28,63,22~114,良,23,78.1,14.9,0.61,40.8,91,54
哈尔滨,2014-05-29,55,33~79,良,17.9,61.5,14.4,0.514,34.7,92,31
哈尔滨,2014-05-30,52,33~61,良,19.8,54.1,15,0.564,38,94,31
哈尔滨,2014-05-31,87,54~130,良,47.8,103.4,27.7,0.883,42.5,204,87
哈尔滨,2014-06-01,109,83~148,轻度污染,79,154.4,28.6,1.042,52,152,153
哈尔滨,2014-06-02,118,85~163,轻度污染,83.5,163.8,24,1.041,46.8,143,171
哈尔滨,2014-06-03,80,61~108,良,41.8,106.1,17,0.792,32.7,165,134
哈尔滨,2014-06-04,73,62~93,良,36.5,88.7,15.4,0.771,41.5,129,96
哈尔滨,2014-06-05,72,57~86,良,45,88.9,18.4,0.889,43.1,141,89
哈尔滨,2014-06-06,45,27~77,优,25.1,44.3,12.2,0.672,42.2,63,38
哈尔滨,2014-06-07,60,23~83,良,28.5,70.7,13.3,0.774,55.5,64,82
哈尔滨,2014-06-08,29,20~49,优,16,26.5,7.8,0.677,24.6,66,9
哈尔滨,2014-06-09,27,18~45,优,11.9,26.3,9,0.826,25.8,68,6
哈尔滨,2014-06-10,40,27~54,优,18.6,39.5,9.8,0.738,36,59,30
哈尔滨,2014-06-11,42,26~55,优,23.4,40.8,9.5,0.7,37.3,59,23
哈尔滨,2014-06-12,36,24~56,优,15,35.3,10.5,0.587,27,64,9
哈尔滨,2014-06-13,46,33~64,优,17.1,46.3,13.3,0.696,36.5,86,22
哈尔滨,2014-06-14,46,27~65,优,18.6,45.4,11.9,0.657,34.6,95,15
哈尔滨,2014-06-15,45,34~73,优,20.7,45.1,11.5,0.652,35.7,84,18
哈尔滨,2014-06-16,55,30~79,良,26.8,62.4,12.3,0.717,40.2,85,43
哈尔滨,2014-06-17,36,26~46,优,16.9,34.6,12.8,0.623,23.7,63,20
哈尔滨,2014-06-18,34,24~46,优,17.9,32.6,11,0.562,23.9,72,17
哈尔滨,2014-06-19,39,29~55,优,18.6,37,12.3,0.571,28.8,75,34
哈尔滨,2014-06-20,51,33~66,良,25,53.7,15.1,0.696,41.2,89,86
哈尔滨,2014-06-21,56,32~70,良,23,60.5,14,0.686,47,96,90
哈尔滨,2014-06-22,56,35~77,良,26.8,60.3,14.3,0.67,50.6,99,82
哈尔滨,2014-06-23,75,36~145,良,35.4,99.5,15.1,0.764,48.8,109,99
哈尔滨,2014-06-24,47,33~69,优,21.8,42,10.5,0.574,35.7,133,52
哈尔滨,2014-06-25,84,47~121,良,43.5,79.5,12.4,0.792,32.5,193,138
哈尔滨,2014-06-26,75,42~96,良,51.3,75.3,8.6,0.805,29.3,129,123
哈尔滨,2014-06-27,41,32~56,优,26,34.5,7.2,0.7,29.8,91,44
哈尔滨,2014-06-28,46,35~55,优,25,40.5,7.8,0.714,29.5,108,47
哈尔滨,2014-06-29,52,40~60,良,23,49.3,10.6,0.648,45.2,115,59
哈尔滨,2014-06-30,56,33~66,良,28.7,53,10.3,0.65,45.9,125,55
哈尔滨,2014-07-01,65,47~91,良,37,60.5,9.8,0.736,40.2,157,76
哈尔滨,2014-07-02,82,54~94,良,53.3,73.5,9.5,0.808,37.4,158,139
哈尔滨,2014-07-03,57,42~78,良,32.8,55,11.1,0.718,37.3,152,65
哈尔滨,2014-07-04,91,37~148,良,64.5,80.4,8.7,0.783,31.3,119,112
哈尔滨,2014-07-05,94,53~149,良,65.6,106.7,10.7,0.883,45.5,143,142
哈尔滨,2014-07-06,56,39~80,良,35,55.2,8.1,0.667,27.8,117,79
哈尔滨,2014-07-07,39,23~52,优,18.2,34.9,10.5,0.596,37.5,94,17
哈尔滨,2014-07-08,48,26~72,优,26.5,50,9,0.661,29.4,102,44
哈尔滨,2014-07-09,33,26~45,优,13.6,27.3,9,0.505,20.4,80,18
哈尔滨,2014-07-10,24,20~33,优,11.3,21.8,8.5,0.525,21.7,53,7
哈尔滨,2014-07-11,22,16~38,优,11.3,20,7.9,0.532,20.5,60,7
哈尔滨,2014-07-12,27,16~41,优,15.6,23.4,6.3,0.688,31.7,61,17
哈尔滨,2014-07-13,41,21~60,优,21.6,40.3,7.9,0.692,45.8,50,51
哈尔滨,2014-07-14,25,16~41,优,10.5,21.4,7.2,0.571,26,72,15
哈尔滨,2014-07-15,43,25~59,优,22.9,41.6,7.9,0.767,58.3,92,52
哈尔滨,2014-07-16,52,32~74,良,34.6,49.4,7.1,0.845,46.1,114,75
哈尔滨,2014-07-17,50,38~64,优,33.7,40.2,8.4,0.692,31.7,101,60
哈尔滨,2014-07-18,53,39~67,良,34.3,48,6,0.786,31,105,71
哈尔滨,2014-07-19,58,43~82,良,39,58.8,6,0.8,37.1,107,88
哈尔滨,2014-07-20,103,56~135,轻度污染,74.3,131.1,5.1,0.99,23,113,158
哈尔滨,2014-07-21,71,28~115,良,43.5,83.3,8.5,0.733,18.6,99,107
哈尔滨,2014-07-22,43,24~68,优,28.1,43.1,7.7,0.629,38,86,52
哈尔滨,2014-07-23,40,26~59,优,21.1,37.4,7.1,0.488,33.8,80,42
哈尔滨,2014-07-24,164,58~285,中度污染,128.4,151,8.6,1.033,38.5,97,171
哈尔滨,2014-07-25,250,229~268,重度污染,199.4,253.7,10.6,1.346,61.1,157,189
哈尔滨,2014-07-26,163,57~269,中度污染,122.5,173.7,8.3,1.091,60,117,146
哈尔滨,2014-07-27,69,48~111,良,46,77.9,8.6,0.738,40.4,114,73
哈尔滨,2014-07-28,113,100~122,轻度污染,84.2,117.8,9.5,1.03,34.9,179,137
哈尔滨,2014-07-29,102,80~135,轻度污染,75.4,100.3,9.2,0.852,30.8,158,132
哈尔滨,2014-07-30,80,64~120,良,56.7,79.1,10.7,0.796,30.5,147,134
哈尔滨,2014-07-31,75,63~85,良,54.4,75.7,7.6,0.8,32.6,141,129
哈尔滨,2014-08-01,75,60~100,良,54.3,84.7,6.7,0.935,32.7,119,141
哈尔滨,2014-08-02,72,33~99,良,46.2,90.3,6.3,0.938,46.8,65,113
哈尔滨,2014-08-03,44,35~54,优,21.7,41.3,6.7,0.596,36.3,118,34
哈尔滨,2014-08-04,48,31~93,优,23.1,51.8,10.1,0.575,39.9,79,44
哈尔滨,2014-08-05,45,26~89,优,19.4,47,8.4,0.587,35.8,86,52
哈尔滨,2014-08-06,38,25~60,优,19.5,37.7,7.3,0.642,30,79,43
哈尔滨,2014-08-07,57,45~79,良,37.3,59.6,9,0.704,36.9,81,94
哈尔滨,2014-08-08,66,50~80,良,45.9,76.7,15.5,0.709,55.6,124,113
哈尔滨,2014-08-09,59,45~70,良,39.7,63.3,9.5,0.757,40.5,107,107
哈尔滨,2014-08-10,56,37~74,良,32.2,57,8.6,0.663,42.1,120,82
哈尔滨,2014-08-11,56,38~67,良,32.3,60,10.6,0.741,54.5,113,70
哈尔滨,2014-08-12,49,30~61,优,22.4,49.7,9.5,0.604,41.2,107,66
哈尔滨,2014-08-13,46,33~62,优,21.8,42.7,9.5,0.621,39.5,92,64
哈尔滨,2014-08-14,53,32~87,良,22.5,58.4,11,0.608,49,76,98
哈尔滨,2014-08-15,52,38~65,良,27.6,54.9,9.7,0.709,49.3,83,60
哈尔滨,2014-08-16,44,35~57,优,26.3,37.8,7.4,0.639,26.6,98,31
哈尔滨,2014-08-17,44,35~62,优,25.6,42,10.2,0.648,28.7,108,51
哈尔滨,2014-08-18,55,31~70,良,28.5,55,9.5,0.662,44,118,89
哈尔滨,2014-08-19,62,31~98,良,30.5,69.3,11.8,0.713,51.4,115,95
哈尔滨,2014-08-20,55,41~76,良,25.4,51.4,8.5,0.635,40.8,134,67
哈尔滨,2014-08-21,56,46~74,良,33.9,55.7,7.7,0.796,38.9,141,44
哈尔滨,2014-08-22,51,38~62,良,28.7,50.1,8.4,0.717,37.3,113,43
哈尔滨,2014-08-23,62,28~85,良,35,74.4,9.9,0.777,58.8,62,76
哈尔滨,2014-08-24,58,40~67,良,33.9,59.7,9,0.757,38.6,129,105
哈尔滨,2014-08-25,42,33~53,优,20.8,40.1,19.9,0.629,43.1,83,39
哈尔滨,2014-08-26,24,16~43,优,10.3,21.2,9.2,0.538,33.3,56,10
哈尔滨,2014-08-27,32,19~58,优,15.3,29.8,10,0.567,28.2,71,25
哈尔滨,2014-08-28,55,39~74,良,32.8,59.4,13.2,0.759,48.4,106,75
哈尔滨,2014-08-29,46,26~73,优,23.2,45.1,11.6,0.618,40.5,117,52
哈尔滨,2014-08-30,50,34~73,优,28.4,49.8,11.3,0.687,42.2,107,61
哈尔滨,2014-08-31,52,35~68,良,27.1,55.1,13.6,0.673,48.2,107,81
哈尔滨,2014-09-01,50,31~78,良,24,53.7,11.7,0.574,39.8,104,73
哈尔滨,2014-09-02,41,29~66,优,20.5,40.4,10.8,0.535,30.4,87,59
哈尔滨,2014-09-03,27,14~43,优,15.6,24.8,9.3,0.478,25.6,36,24
哈尔滨,2014-09-04,41,24~65,优,16.9,40.9,13,0.538,35.9,73,33
哈尔滨,2014-09-05,32,21~40,优,14,29.9,11,0.5,28.9,70,9
哈尔滨,2014-09-06,34,23~53,优,13.8,31.1,11.6,0.567,33.8,79,9
哈尔滨,2014-09-07,53,26~79,良,24.6,58.8,15.8,0.708,45.5,93,49
哈尔滨,2014-09-08,28,19~46,优,14.1,23.8,9.7,0.452,19.8,70,15
哈尔滨,2014-09-09,21,15~36,优,8.8,19,10,0.436,20.9,52,3
哈尔滨,2014-09-10,24,16~31,优,10.6,22.6,10,0.426,22.3,59,5
哈尔滨,2014-09-11,36,18~104,优,16.3,39.3,11.5,0.557,31.3,54,32
哈尔滨,2014-09-12,72,19~117,良,42,96.6,18.7,0.891,43.9,62,124
哈尔滨,2014-09-13,53,22~81,良,23.7,61.7,16.5,0.622,38.5,66,91
哈尔滨,2014-09-14,37,23~74,优,15.7,36.6,16,0.458,24.2,63,46
哈尔滨,2014-09-15,28,21~45,优,10.9,27.4,12,0.438,21.3,57,20
哈尔滨,2014-09-16,38,23~61,优,17.8,37.5,14.8,0.592,30.4,62,57
哈尔滨,2014-09-17,50,30~66,良,25.8,52.7,21.6,0.596,41.7,75,101
哈尔滨,2014-09-18,54,20~97,良,28,64.3,18.9,0.733,40.8,54,89
哈尔滨,2014-09-19,69,36~112,良,38,87.5,24.1,0.808,53.7,66,103
哈尔滨,2014-09-20,65,22~108,良,34.6,83,21.4,0.735,49.3,62,94
哈尔滨,2014-09-21,67,34~115,良,36.9,83,27.6,0.814,60.8,75,105
哈尔滨,2014-09-22,64,35~101,良,38.3,78.7,20.6,0.709,53.9,96,93
哈尔滨,2014-09-23,39,26~56,优,23.8,35.9,11,0.587,29.2,54,46
哈尔滨,2014-09-24,39,18~61,优,17.8,38.8,13.3,0.596,34.1,59,36
哈尔滨,2014-09-25,57,24~81,良,29.7,67.2,26.2,0.878,50.9,74,53
哈尔滨,2014-09-26,47,37~57,优,20,47.1,25.8,0.478,36.7,75,19
哈尔滨,2014-09-27,40,27~58,优,24.3,38.1,11.6,0.621,27.3,75,24
哈尔滨,2014-09-28,38,24~50,优,19,36.5,12.1,0.6,30.2,73,30
哈尔滨,2014-09-29,25,16~51,优,10.4,22.7,5.8,0.404,19.5,46,14
哈尔滨,2014-09-30,39,21~56,优,17.2,39,15.2,0.463,31.6,62,50
哈尔滨,2014-10-01,48,37~55,优,27.4,47.9,17.1,0.529,39.5,54,47
哈尔滨,2014-10-02,61,36~80,良,38.2,71.2,20.3,0.75,48.9,59,72
哈尔滨,2014-10-03,58,26~82,良,35.3,68.5,18.3,0.746,45.8,69,63
哈尔滨,2014-10-04,62,30~80,良,34.5,73.1,20.1,0.785,52.7,61,85
哈尔滨,2014-10-05,67,25~106,良,44.9,79.1,19.6,0.826,52,60,88
哈尔滨,2014-10-06,77,30~133,良,52.3,95.6,19.5,0.87,59.5,83,92
哈尔滨,2014-10-07,80,41~175,良,54.9,83.2,23.7,0.648,47,75,71
哈尔滨,2014-10-08,87,48~144,良,59.6,99.3,29.3,0.939,58.9,87,84
哈尔滨,2014-10-09,99,50~175,良,68.2,120.2,18.6,0.85,45.5,32,98
哈尔滨,2014-10-10,63,39~108,良,41.7,67.3,23.6,1.048,49.7,44,47
哈尔滨,2014-10-11,81,41~172,良,54.8,94.9,26.9,1.07,38.2,126,86
哈尔滨,2014-10-12,32,19~69,优,19.2,27.2,12.2,0.563,21.3,57,22
哈尔滨,2014-10-13,46,24~108,优,26.9,50.2,19.8,0.642,37.3,48,39
哈尔滨,2014-10-14,217,70~500,重度污染,181.5,224.6,40.7,1.042,80.1,108,168
哈尔滨,2014-10-15,206,47~500,重度污染,182.1,227.5,45.7,0.961,66.6,108,126
哈尔滨,2014-10-16,115,30~407,轻度污染,88.9,87.4,24.6,0.71,38.1,60,72
哈尔滨,2014-10-17,148,88~285,轻度污染,112.7,180.8,71.3,1.187,85.7,71,143
哈尔滨,2014-10-18,316,196~429,严重污染,266.7,310.6,61.4,1.7,76,122,186
哈尔滨,2014-10-19,182,119~413,中度污染,134.6,237.2,49.5,0.968,40.1,123,167
哈尔滨,2014-10-20,54,41~66,良,25,56.6,30.3,0.505,28,55,38
哈尔滨,2014-10-21,73,38~160,良,49.9,79.7,44.8,0.626,43.9,71,77
哈尔滨,2014-10-22,347,119~500,严重污染,375.2,374.5,99.6,1.543,110.6,125,184
哈尔滨,2014-10-23,309,204~500,严重污染,297.8,378,87.6,1.364,87.2,99,185
哈尔滨,2014-10-24,410,132~500,严重污染,418.8,487,67.4,2.096,100,30,186
哈尔滨,2014-10-25,164,91~271,中度污染,126.2,155.5,83.7,1,56.6,33,154
哈尔滨,2014-10-26,91,36~275,良,42.5,108.5,31.8,0.663,24.6,56,64
哈尔滨,2014-10-27,63,28~213,良,36.7,64.7,38.8,0.492,29.8,62,48
哈尔滨,2014-10-28,284,122~500,重度污染,292.3,326.5,90.5,1.255,89.7,99,185
哈尔滨,2014-10-29,414,267~500,严重污染,527.3,563,139.2,2.136,131.3,141,190
哈尔滨,2014-10-30,265,57~500,重度污染,296.7,348,110.4,2.15,103.6,29,150
哈尔滨,2014-10-31,160,51~433,中度污染,128,168.4,106.5,0.865,66,17,130
哈尔滨,2014-11-01,287,69~500,重度污染,307.1,360.7,50.8,1.379,67.5,50,154
哈尔滨,2014-11-02,77,38~132,良,53.4,84.3,44.8,0.645,42.7,48,124
哈尔滨,2014-11-03,130,36~500,轻度污染,110.2,132.8,60.8,0.87,49,50,116
哈尔滨,2014-11-04,344,184~500,严重污染,318.8,401,109.9,1.524,91.2,93,189
哈尔滨,2014-11-05,182,75~329,中度污染,141.3,213.4,70.4,0.989,50.4,80,166
哈尔滨,2014-11-06,138,30~496,轻度污染,114.9,135.4,42.4,0.75,40.8,66,90
哈尔滨,2014-11-07,198,74~396,中度污染,155.4,203,74.3,0.909,55.4,66,182
哈尔滨,2014-11-08,234,175~431,重度污染,187.1,225.4,99.2,0.986,68.9,76,188
哈尔滨,2014-11-09,336,192~500,严重污染,325.5,369.4,141.6,1.562,100.7,83,186
哈尔滨,2014-11-10,331,215~493,严重污染,289.4,351.5,119.8,1.521,92.1,87,184
哈尔滨,2014-11-11,339,231~456,严重污染,291.7,341.5,82,1.542,76.9,71,188
哈尔滨,2014-11-12,116,48~428,轻度污染,77,133.9,35,0.7,34.8,50,120
哈尔滨,2014-11-13,47,28~80,优,21.3,49.6,52.3,0.552,26.8,50,36
哈尔滨,2014-11-14,66,37~157,良,41.5,67.8,67.4,0.563,39.2,45,47
哈尔滨,2014-11-15,178,65~325,中度污染,138.2,184.5,93.8,1.245,66,60,156
哈尔滨,2014-11-16,308,70~500,严重污染,264.3,328,90.6,1.983,89.8,49,170
哈尔滨,2014-11-17,208,60~338,重度污染,165.9,207.3,75.8,1.133,67.3,54,156
哈尔滨,2014-11-18,193,136~316,中度污染,150.5,203.9,87.9,1.076,63.9,66,175
哈尔滨,2014-11-19,184,125~266,中度污染,141.5,195.5,131.4,1.023,70.5,56,160
哈尔滨,2014-11-20,139,109~177,轻度污染,105.5,145.9,104.5,1,54.6,48,129
哈尔滨,2014-11-21,102,49~231,轻度污染,72.7,112.7,58,0.883,36.5,47,68
哈尔滨,2014-11-22,71,35~143,良,47.5,76.7,75.7,0.658,44,59,40
哈尔滨,2014-11-23,109,67~200,轻度污染,81.3,128.8,110.4,0.927,59.3,52,100
哈尔滨,2014-11-24,143,76~320,轻度污染,111.5,141.3,62.4,1.057,57.7,47,140
哈尔滨,2014-11-25,192,81~350,中度污染,152,216.6,104.9,1.281,74.5,54,163
哈尔滨,2014-11-26,106,67~183,轻度污染,46.1,158.1,70.2,0.584,36.1,58,117
哈尔滨,2014-11-27,79,38~141,良,49.6,87.1,65.4,0.743,41.3,49,92
哈尔滨,2014-11-28,137,83~251,轻度污染,103.3,145.4,105.3,1.065,65.2,48,163
哈尔滨,2014-11-29,185,100~264,中度污染,142.6,220.2,134.4,1.409,75.9,28,167
哈尔滨,2014-11-30,174,82~341,中度污染,133.8,190.2,96.2,1.161,52.8,27,165
哈尔滨,2014-12-01,87,36~153,良,20,122.6,43.6,0.588,21.4,39,122
哈尔滨,2014-12-02,75,50~121,良,14.6,97.5,44.1,0.509,17.5,52,98
哈尔滨,2014-12-03,60,48~69,良,26,66.9,61.7,0.47,30,45,63
哈尔滨,2014-12-04,67,49~111,良,32.5,80.3,63,0.558,31.6,45,102
哈尔滨,2014-12-05,63,46~79,良,32.2,74.4,68.4,0.59,34.3,39,81
哈尔滨,2014-12-06,86,47~186,良,59,84.3,103.4,0.822,50,47,86
哈尔滨,2014-12-07,150,93~193,轻度污染,112.6,153.8,183.9,1.179,72.7,38,158
哈尔滨,2014-12-08,214,137~298,重度污染,167,212.2,203.3,1.538,80.8,32,174
哈尔滨,2014-12-09,179,92~267,中度污染,138.6,184.2,186.8,1.358,79.2,45,159
哈尔滨,2014-12-10,116,83~176,轻度污染,65.8,172.4,137.4,0.829,59.9,43,130
哈尔滨,2014-12-11,83,42~133,良,49.6,94.2,101.8,0.778,48.6,47,100
哈尔滨,2014-12-12,115,88~157,轻度污染,86.1,109.9,129.8,0.879,58.8,44,160
哈尔滨,2014-12-13,123,94~188,轻度污染,92.3,124.8,126.2,1.033,60.4,45,156
哈尔滨,2014-12-14,188,98~343,中度污染,148.2,171.3,153.5,1.478,71.2,35,158
哈尔滨,2014-12-15,203,136~253,重度污染,155.1,202.9,227.9,1.543,85.3,24,165
哈尔滨,2014-12-16,179,117~252,中度污染,136.1,167.7,121.9,1.427,66.7,25,185
哈尔滨,2014-12-17,133,58~186,轻度污染,99.7,128.8,121.5,1.017,57,32,169
哈尔滨,2014-12-18,118,70~205,轻度污染,87.7,123.8,222.2,0.825,64.4,31,123
哈尔滨,2014-12-19,115,55~177,轻度污染,84.6,112.8,155.3,0.804,61.7,28,116
哈尔滨,2014-12-20,142,75~230,轻度污染,107,131.3,148.1,1.104,60.1,32,169
哈尔滨,2014-12-21,216,133~356,重度污染,170.1,200.2,172.3,1.367,72.2,35,188
哈尔滨,2014-12-22,134,78~226,轻度污染,101.1,125.3,146.8,1.054,62.1,37,151
哈尔滨,2014-12-23,145,72~204,轻度污染,108.3,138.3,211.4,0.943,74.1,31,125
哈尔滨,2014-12-24,164,87~235,中度污染,124.4,159.6,159.3,1.152,66.4,37,136
哈尔滨,2014-12-25,102,69~174,轻度污染,75.7,99.8,114.2,0.946,61.6,35,100
哈尔滨,2014-12-26,149,67~261,轻度污染,113.1,152.6,178.1,1.167,76.8,31,131
哈尔滨,2014-12-27,178,104~275,中度污染,138,188.4,233.5,1.378,84.6,21,142
哈尔滨,2014-12-28,182,132~224,中度污染,137.4,173.3,125.5,1.571,65.3,29,138
哈尔滨,2014-12-29,206,136~253,重度污染,159.1,206.4,148.6,1.446,77.9,23,152
哈尔滨,2014-12-30,165,115~223,中度污染,125,169.8,108.8,1.158,66.1,35,140
哈尔滨,2014-12-31,129,60~185,轻度污染,96.1,124,96.8,0.887,56.7,36,224
哈尔滨,2015-01-01,113,63~156,轻度污染,84.7,107.9,125.4,1.005,53.9,34,414
哈尔滨,2015-01-02,108,83~138,轻度污染,80.8,104.1,134.7,0.875,51.7,36,245
哈尔滨,2015-01-03,88,64~111,良,64.4,93.8,188,0.742,62.5,38,128
哈尔滨,2015-01-04,236,77~297,重度污染,189.1,244.5,184.5,1.783,82.2,17,286
哈尔滨,2015-01-05,132,38~200,轻度污染,97.6,133.5,163.8,1.064,62.3,40,192
哈尔滨,2015-01-06,49,24~81,优,30,46.9,65.3,0.723,35.3,42,105
哈尔滨,2015-01-07,80,53~117,良,57.3,78.5,101,0.808,53,39,188
哈尔滨,2015-01-08,188,103~348,中度污染,146.4,182.9,186.3,1.529,88.1,29,308
哈尔滨,2015-01-09,224,158~284,重度污染,174.1,220.9,180.8,1.522,90.9,38,321
哈尔滨,2015-01-10,233,130~329,重度污染,184.2,226,195.7,1.833,99.5,24,323
哈尔滨,2015-01-11,148,77~253,轻度污染,112.2,150.8,135.5,1.1,65.7,36,254
哈尔滨,2015-01-12,190,128~248,中度污染,145.3,190.9,176.3,1.405,78.7,39,329
哈尔滨,2015-01-13,131,81~207,轻度污染,97.6,132.3,180.7,1.042,74.4,27,258
哈尔滨,2015-01-14,172,109~233,中度污染,130.6,184.8,211.1,1.417,82.4,42,295
哈尔滨,2015-01-15,100,63~139,轻度污染,74.2,111.7,164.3,0.948,67.9,41,181
哈尔滨,2015-01-16,102,67~148,轻度污染,75.8,100.7,111.6,0.991,62.5,50,193
哈尔滨,2015-01-17,104,52~184,轻度污染,76.8,101.2,112.3,0.954,62,48,195
哈尔滨,2015-01-18,138,81~191,轻度污染,104.4,146.3,217.1,1.105,82.3,30,272
哈尔滨,2015-01-19,124,67~214,轻度污染,92.8,122.6,138.9,1.2,69,43,237
哈尔滨,2015-01-20,160,72~237,中度污染,120.8,159.5,218.2,1.175,93.4,39,295
哈尔滨,2015-01-21,263,121~391,重度污染,215.1,247.1,153.7,2.1,106.6,51,348
哈尔滨,2015-01-22,288,177~368,重度污染,237.3,308.5,193.7,1.967,128.6,59,363
哈尔滨,2015-01-23,218,125~318,重度污染,169.4,214.6,198.2,1.87,112.5,44,326
哈尔滨,2015-01-24,205,120~344,重度污染,162.2,197.1,123.2,1.552,88,60,275
哈尔滨,2015-01-25,282,202~345,重度污染,230.5,292.3,181.6,1.704,106.5,60,338
哈尔滨,2015-01-26,127,37~251,轻度污染,95.8,124.2,84,1.005,55.1,49,165
哈尔滨,2015-01-27,66,41~115,良,45.3,62.2,72.3,0.846,43.3,47,169
哈尔滨,2015-01-28,173,93~243,中度污染,132.3,160.3,143.9,1.348,75,49,355
哈尔滨,2015-01-29,127,65~202,轻度污染,95.1,131.5,166.9,1.005,78.4,48,309
哈尔滨,2015-01-30,120,69~167,轻度污染,90.1,114.7,99,1.174,61,48,301
哈尔滨,2015-01-31,150,96~243,中度污染,114.5,144.4,130.5,1.196,74.5,49,328
哈尔滨,2015-02-01,210,156~274,重度污染,162.5,212.6,213,1.463,98.9,71,354
哈尔滨,2015-02-02,280,161~420,重度污染,231.7,281.3,222.2,2.013,121.8,58,358
哈尔滨,2015-02-03,373,220~475,严重污染,330.5,397.1,185.9,3.07,142.6,50,363
哈尔滨,2015-02-04,298,94~469,重度污染,259.3,312.1,141,2.27,115,64,329
哈尔滨,2015-02-05,124,91~215,轻度污染,92.9,128.1,95.9,1.096,65.4,58,282
哈尔滨,2015-02-06,123,76~191,轻度污染,91.9,120.6,118.3,1.017,68.4,55,255
哈尔滨,2015-02-07,53,29~163,良,29.7,53.7,43.1,0.704,30.7,54,59
哈尔滨,2015-02-08,59,35~96,良,40,59.4,76.9,0.733,39.5,47,123
哈尔滨,2015-02-09,109,66~186,轻度污染,81.2,108.4,119.9,1.075,63.5,50,259
哈尔滨,2015-02-10,136,45~288,轻度污染,101.3,127.8,104.3,1.404,75.9,56,240
哈尔滨,2015-02-11,120,40~248,轻度污染,89,122.5,75.4,1.1,63,47,200
哈尔滨,2015-02-12,89,30~228,良,65,86.7,63.9,0.867,60.8,63,139
哈尔滨,2015-02-13,189,126~304,中度污染,145.7,179.6,111.8,1.617,97.5,85,318
哈尔滨,2015-02-14,224,106~382,重度污染,177.8,216.2,109.9,1.921,106.2,79,320
哈尔滨,2015-02-15,265,115~448,重度污染,222.2,265.8,98.9,2.483,113,56,327
哈尔滨,2015-02-16,123,69~200,轻度污染,92,135.4,99,1.2,87.9,44,225
哈尔滨,2015-02-17,63,43~81,良,44.6,56.2,52.8,0.808,46.3,52,104
哈尔滨,2015-02-18,60,40~225,良,40.3,54.2,46.3,0.871,33.8,60,84
哈尔滨,2015-02-19,258,86~489,重度污染,221.2,238.7,111.1,1.558,54.5,67,320
哈尔滨,2015-02-20,62,50~83,良,42.8,63.5,74.9,0.871,41.5,62,175
哈尔滨,2015-02-21,46,24~83,优,31.8,41.6,35.5,0.726,31.7,51,91
哈尔滨,2015-02-22,293,56~500,重度污染,110.4,388.2,22.9,0.687,24.7,58,295
哈尔滨,2015-02-23,105,43~500,轻度污染,47.6,132.5,32.1,0.659,34.2,65,178
哈尔滨,2015-02-24,89,54~163,良,65.2,79.9,46.2,1.086,60.8,71,222
哈尔滨,2015-02-25,195,121~308,中度污染,150.1,166.8,67.6,1.745,86.8,66,344
哈尔滨,2015-02-26,96,49~184,良,70.1,94.1,52.6,0.84,53.9,63,267
哈尔滨,2015-02-27,112,66~184,轻度污染,83.9,110.9,59.7,1.092,63.1,73,334
哈尔滨,2015-02-28,74,43~119,良,52.3,80.2,66.5,0.925,60.3,60,270
哈尔滨,2015-03-01,95,72~120,良,70.4,88,49.1,1.167,57.5,67,296
哈尔滨,2015-03-02,120,77~255,轻度污染,90.3,103.3,67,1.283,76.4,80,292
哈尔滨,2015-03-03,215,131~313,重度污染,166.8,207.6,82.1,2.088,104.8,75,353
哈尔滨,2015-03-04,77,39~164,良,55.8,75.3,40.5,1.105,55.8,77,249
哈尔滨,2015-03-05,89,63~132,良,65.3,95.8,64.3,1.092,58.4,80,295
哈尔滨,2015-03-06,70,55~89,良,49.2,71.4,51.3,0.871,40.5,80,193
哈尔滨,2015-03-07,87,46~114,良,63.6,87.9,52,0.778,52.2,64,217
哈尔滨,2015-03-08,102,58~172,轻度污染,75,102.7,65.3,1.257,71.9,64,265
哈尔滨,2015-03-09,69,42~130,良,43.1,73.5,34.2,0.983,46.9,50,174
哈尔滨,2015-03-10,53,29~82,良,35,51.6,37.7,0.904,40,58,118
哈尔滨,2015-03-11,51,38~80,良,33.1,49.2,41.8,0.873,39.1,68,99
哈尔滨,2015-03-12,52,34~69,良,32.3,49.6,33.5,0.623,38.4,59,94
哈尔滨,2015-03-13,69,48~99,良,49.7,67.6,44.8,0.992,48.5,70,155
哈尔滨,2015-03-14,87,60~121,良,63.7,85.5,54.1,1.296,57.2,84,175
哈尔滨,2015-03-15,107,59~193,轻度污染,62,150.3,50.7,1.078,55.7,51,197
哈尔滨,2015-03-16,93,47~145,良,59.7,126.8,43.8,1.083,57,68,187
哈尔滨,2015-03-17,76,45~117,良,54.8,76.3,41.4,1.283,64.3,66,182
哈尔滨,2015-03-18,59,43~104,良,38.2,63.8,50.8,1,59.1,69,151
哈尔滨,2015-03-19,57,31~78,良,37,62.3,38.5,0.861,46.7,70,113
哈尔滨,2015-03-20,45,29~71,优,23.7,46.6,30.7,0.833,38,70,62
哈尔滨,2015-03-21,64,49~86,良,39.5,72.4,41.2,0.867,49.5,71,125
哈尔滨,2015-03-22,55,40~81,良,18.3,58.8,19.3,0.754,23.2,62,67
哈尔滨,2015-03-23,46,35~56,优,20.7,45.4,23.1,0.746,29.2,53,59
哈尔滨,2015-03-24,70,42~111,良,48.7,77.5,34.6,0.987,51.7,86,166
哈尔滨,2015-03-25,111,85~175,轻度污染,76.8,144.1,42.1,0.975,46.9,100,329
哈尔滨,2015-03-26,196,146~320,中度污染,116.1,267,41.4,1.171,42.7,121,357
哈尔滨,2015-03-27,194,117~500,中度污染,96.1,300.5,36.4,1.291,44,106,345
哈尔滨,2015-03-28,192,133~500,中度污染,118.7,228.8,38.6,0.9,52.2,89,342
哈尔滨,2015-03-29,127,91~170,轻度污染,96,155.7,30.1,1.113,55.7,80,269
哈尔滨,2015-03-30,146,49~270,轻度污染,111.6,167.5,31.6,1,55.2,63,274
哈尔滨,2015-03-31,56,37~111,良,33.2,59.5,19.7,0.708,42.1,67,114
哈尔滨,2015-04-01,87,62~125,良,62.9,106,27.1,0.991,56.9,74,273
哈尔滨,2015-04-02,136,70~215,轻度污染,102,132.6,29.1,0.733,57.8,56,324
哈尔滨,2015-04-03,60,46~76,良,42.1,54.7,17.7,0.55,37.3,67,165
哈尔滨,2015-04-04,66,49~83,良,42.4,71.3,22.1,0.588,46.4,40,190
哈尔滨,2015-04-05,51,32~82,良,35.6,47.3,16.9,0.517,33,51,125
哈尔滨,2015-04-06,40,23~64,优,20.3,39.5,17.8,0.5,27.9,46,94
哈尔滨,2015-04-07,45,28~65,优,25,46.3,23.9,0.521,36,54,149
哈尔滨,2015-04-08,70,43~138,良,32.8,89.4,22.1,0.51,39.3,57,236
哈尔滨,2015-04-09,105,45~199,轻度污染,76.2,104.9,26.2,0.796,50.5,66,289
哈尔滨,2015-04-10,87,48~120,良,63.5,88.7,21.2,0.829,59.2,62,249
哈尔滨,2015-04-11,92,61~117,良,67.5,89.9,25.8,0.882,59.7,57,256
哈尔滨,2015-04-12,79,39~185,良,57.5,81,22.7,0.709,53,66,190
哈尔滨,2015-04-13,124,67~220,轻度污染,82.8,154.6,20.3,0.895,61.5,80,320
哈尔滨,2015-04-14,89,57~167,良,64.2,111.2,26.2,0.916,52,51,231
哈尔滨,2015-04-15,120,92~168,轻度污染,85.7,154.8,32.6,1.071,58.7,89,288
哈尔滨,2015-04-16,132,74~404,轻度污染,83.5,182.4,14.1,0.717,36.7,61,238
哈尔滨,2015-04-17,100,66~178,轻度污染,44.3,146.7,17.1,0.674,44.1,57,193
哈尔滨,2015-04-18,76,36~148,良,52.3,93.3,15.3,0.74,51.4,58,151
哈尔滨,2015-04-19,79,64~96,良,44.2,104.8,14.3,0.792,44.5,58,263
哈尔滨,2015-04-20,110,59~210,轻度污染,42.1,166.3,10.4,0.618,34.4,48,289
哈尔滨,2015-04-21,47,31~70,优,27.8,48,10.6,0.609,38.5,45,85
哈尔滨,2015-04-22,67,52~91,良,32,80.1,10.6,0.624,36.5,56,179
哈尔滨,2015-04-23,98,53~433,良,32.3,124.1,8.9,0.45,29.4,48,172
哈尔滨,2015-04-24,58,33~77,良,32.8,65.9,9.3,0.724,44.7,49,97
哈尔滨,2015-04-25,72,50~94,良,31.5,91.5,13.6,0.833,42.2,60,143
哈尔滨,2015-04-26,96,64~125,良,53.7,136.7,15.8,0.827,45.5,67,233
哈尔滨,2015-04-27,104,84~135,轻度污染,70.3,150.5,20.3,0.738,47.7,89,284
哈尔滨,2015-04-28,80,67~96,良,55.8,105.9,17.9,0.505,48,92,224
哈尔滨,2015-04-29,74,65~86,良,45.1,91.8,19.2,0.533,45.9,98,186
哈尔滨,2015-04-30,74,61~134,良,38,95.8,9.9,0.423,37.8,73,151
哈尔滨,2015-05-01,160,56~470,中度污染,51,214.5,12.5,0.47,35.9,101,261
哈尔滨,2015-05-02,53,40~69,良,36.6,51.6,13.5,0.426,36.5,59,153
哈尔滨,2015-05-03,76,42~107,良,31.2,92.5,9.5,0.591,31.9,62,220
哈尔滨,2015-05-04,54,35~69,良,14.7,58.8,5.1,0.525,31.6,52,123
哈尔滨,2015-05-05,152,25~500,中度污染,29.8,209.2,6.2,0.513,33.7,51,161
哈尔滨,2015-05-06,36,22~54,优,19,33.3,5,0.426,28.9,43,32
哈尔滨,2015-05-07,46,20~153,优,20.7,55.6,5.6,0.539,32.2,48,67
哈尔滨,2015-05-08,27,19~39,优,18.9,23.5,4.5,0.369,30.1,37,19
哈尔滨,2015-05-09,37,19~54,优,21.2,36.4,5.9,0.55,35.3,46,58
哈尔滨,2015-05-10,40,20~69,优,19.2,41.6,6.7,0.539,38.2,59,67
哈尔滨,2015-05-11,50,35~75,良,29.1,51.5,7.4,0.513,47.4,42,161
哈尔滨,2015-05-12,26,19~36,优,17.4,22.4,6.5,0.523,35.2,43,19
哈尔滨,2015-05-13,30,17~69,优,18.8,26.5,6.5,0.736,38.5,50,18
哈尔滨,2015-05-14,55,39~72,良,37.3,52.3,8.9,0.814,47,50,112
哈尔滨,2015-05-15,38,25~60,优,21.5,33.9,6.2,0.505,33.4,57,69
哈尔滨,2015-05-16,33,21~72,优,17,34,9.8,0.627,34.2,49,41
哈尔滨,2015-05-17,55,39~67,良,25.1,59.6,10.4,1.005,44.8,54,112
哈尔滨,2015-05-18,36,24~61,优,23.1,32.8,8,0.777,40.7,62,51
哈尔滨,2015-05-19,41,28~58,优,24.7,36.2,7.5,0.561,36.6,67,73
哈尔滨,2015-05-20,39,23~81,优,20.6,40.1,9.5,0.586,39.7,76,72
哈尔滨,2015-05-21,49,33~60,优,24.1,48.9,9.3,0.438,37,69,107
哈尔滨,2015-05-22,58,33~93,良,25.2,67.4,14.5,0.573,37.9,64,142
哈尔滨,2015-05-23,69,48~88,良,28.3,85.5,10.2,0.596,34.1,83,191
哈尔滨,2015-05-24,77,52~103,良,38.9,101.6,13.3,0.487,32.9,110,198
哈尔滨,2015-05-25,78,50~109,良,44.1,102.5,12.3,0.47,27.7,103,185
哈尔滨,2015-05-26,51,42~58,良,29.7,50.7,10.2,0.51,31.3,68,87
哈尔滨,2015-05-27,55,40~80,良,33.5,58.9,8.9,0.53,38.9,111,112
哈尔滨,2015-05-28,72,53~94,良,51.5,72.2,13.7,0.61,34.3,123,203
哈尔滨,2015-05-29,63,37~92,良,35,75.7,12,0.513,28.3,88,202
哈尔滨,2015-05-30,38,30~54,优,14.8,36.6,7.5,0.368,23.2,73,59
哈尔滨,2015-05-31,58,28~146,良,21.6,68.8,12,0.557,29.1,95,123
哈尔滨,2015-06-01,70,43~117,良,37.2,88.6,8.7,0.376,20.5,96,169
哈尔滨,2015-06-02,45,28~59,优,26.4,40.3,7.7,0.517,40.2,56,104
哈尔滨,2015-06-03,33,25~50,优,18,26.6,7.8,0.4,28.2,79,53
哈尔滨,2015-06-04,71,29~411,良,24.8,84.9,10.5,0.41,36.1,104,166
哈尔滨,2015-06-05,100,39~476,良,35.6,122.8,9.1,0.377,28.9,98,206
哈尔滨,2015-06-06,39,29~54,优,24.6,34.1,7.7,0.475,26.4,64,57
哈尔滨,2015-06-07,36,28~46,优,20.3,29.4,6.7,0.37,17.3,77,62
哈尔滨,2015-06-08,41,26~59,优,23.8,35.3,8.5,0.557,26.9,96,112
哈尔滨,2015-06-09,37,29~60,优,20.1,31.7,10.3,0.565,29.3,92,63
哈尔滨,2015-06-10,61,40~109,良,36.6,61,9,0.69,47.5,100,165
哈尔滨,2015-06-11,61,40~103,良,39.6,53.7,8.5,0.539,31.8,123,187
哈尔滨,2015-06-12,48,33~65,优,28.6,41.7,7.6,0.443,30.5,92,101
哈尔滨,2015-06-13,40,28~54,优,16.6,35.7,7.1,0.605,28.2,101,80
哈尔滨,2015-06-14,48,29~61,优,18.4,44,7.5,0.552,36.6,110,128
哈尔滨,2015-06-15,51,32~62,良,18.7,47.8,10.7,0.552,38.3,109,131
哈尔滨,2015-06-16,59,41~86,良,23.5,51.5,8.6,0.641,33.3,149,165
哈尔滨,2015-06-17,68,48~86,良,41.9,75.9,8.9,0.762,55.6,163,219
哈尔滨,2015-06-18,57,34~79,良,25.3,49.2,5.7,0.579,36.8,137,184
哈尔滨,2015-06-19,52,39~70,良,29.5,51.4,6.6,0.621,35.8,120,150
哈尔滨,2015-06-20,65,45~78,良,35.3,73.1,5.6,0.738,52.7,125,222
哈尔滨,2015-06-21,58,39~72,良,23.9,53.7,7.1,0.65,38.7,126,162
哈尔滨,2015-06-22,81,47~114,良,34.3,70,8.1,0.865,21.6,187,256
哈尔滨,2015-06-23,83,61~109,良,33.1,59.9,9.1,0.863,24.3,193,272
哈尔滨,2015-06-24,92,77~108,良,63,89.7,11.8,1.121,27.5,190,324
哈尔滨,2015-06-25,101,75~120,轻度污染,75.4,100,5.4,1.33,35.4,126,342
哈尔滨,2015-06-26,102,77~127,轻度污染,75.7,81.4,4.3,1.138,32.9,139,324
哈尔滨,2015-06-27,95,71~133,良,70.2,92.2,3.9,1.054,46,118,317
哈尔滨,2015-06-28,82,47~105,良,58.5,68.6,3.7,0.867,26.7,132,286
哈尔滨,2015-06-29,33,30~44,优,15.5,19.3,3.7,0.546,20.9,70,69
哈尔滨,2015-06-30,35,23~44,优,13.9,27.2,5.6,0.657,26.4,83,82
哈尔滨,2015-07-01,37,26~57,优,16.6,34.7,5.1,0.613,30,82,91
哈尔滨,2015-07-02,35,23~56,优,16.2,32.3,5.6,0.6,29.5,81,63
哈尔滨,2015-07-03,35,22~52,优,16,32.1,5.3,0.664,30,80,70
哈尔滨,2015-07-04,48,29~61,优,19.2,41.1,7.1,0.7,34,110,140
哈尔滨,2015-07-05,51,32~65,良,18.3,41.7,7.2,0.658,34.8,118,165
哈尔滨,2015-07-06,64,44~90,良,28.4,48.9,7,0.704,31.5,152,223
哈尔滨,2015-07-07,71,52~96,良,30.2,50.1,6.9,0.692,29.2,164,242
哈尔滨,2015-07-08,71,50~99,良,35.2,67,6.7,0.8,50.9,179,222
哈尔滨,2015-07-09,78,48~114,良,35.3,68.4,6.5,0.804,50.6,186,244
哈尔滨,2015-07-10,75,48~116,良,32.3,58.3,5.8,0.842,44.6,184,244
哈尔滨,2015-07-11,56,38~90,良,35.5,52.8,3.8,1.038,26.9,123,178
哈尔滨,2015-07-12,59,42~83,良,22,33.8,4.3,0.854,21,150,171
哈尔滨,2015-07-13,40,27~51,优,17,28.6,3.7,0.771,20.6,106,38
哈尔滨,2015-07-14,31,20~49,优,12.7,22,4.2,0.629,19.7,74,24
哈尔滨,2015-07-15,29,22~42,优,13.3,27.4,5.1,0.632,29.8,76,24
哈尔滨,2015-07-16,42,25~55,优,14.8,37.7,6,0.6,49.7,95,82
哈尔滨,2015-07-17,53,29~74,良,19.9,56.5,8,0.738,60.1,75,161
哈尔滨,2015-07-18,71,45~92,良,31,72.9,6.6,0.905,49,163,247
哈尔滨,2015-07-19,88,51~119,良,44.3,88.2,6.7,0.991,68.6,194,303
哈尔滨,2015-07-20,74,58~94,良,41.9,91,6,1.022,63.6,170,259
哈尔滨,2015-07-21,55,39~79,良,36.6,54.8,5.1,0.971,40.9,101,178
哈尔滨,2015-07-22,68,53~112,良,48.2,60.3,4,1.188,37.4,117,248
哈尔滨,2015-07-23,106,77~133,轻度污染,79.4,82.4,4.1,1.288,43.3,143,339
哈尔滨,2015-07-24,92,53~127,良,68.2,69.1,5.4,1.138,33.5,110,322
哈尔滨,2015-07-25,112,59~149,轻度污染,84.3,87.3,6.1,1.275,34.5,123,338
哈尔滨,2015-07-26,71,42~112,良,51.5,57.8,6.1,1.042,21.2,109,230
哈尔滨,2015-07-27,37,25~52,优,23.6,32.7,6,0.946,20.3,90,81
哈尔滨,2015-07-28,29,19~57,优,14,28.3,6.5,0.646,23.7,86,61
哈尔滨,2015-07-29,40,23~62,优,19.2,41.1,6.4,0.817,36.5,76,125
哈尔滨,2015-07-30,36,20~57,优,18.2,36.5,6.5,0.8,34,81,121
哈尔滨,2015-07-31,39,25~66,优,16.8,40.5,7.2,0.888,41.6,116,139
哈尔滨,2015-08-01,53,33~75,良,26.6,59.5,8,0.904,51,121,204
哈尔滨,2015-08-02,47,30~65,优,22.3,48.7,6,0.846,28.4,100,160
哈尔滨,2015-08-03,59,45~92,良,40.2,55.8,6.6,0.888,24.9,120,246
哈尔滨,2015-08-04,55,43~62,良,35.5,57.3,6,0.758,29.4,115,242
哈尔滨,2015-08-05,53,44~65,良,31.5,53.8,7.5,0.996,32,172,196
哈尔滨,2015-08-06,43,25~57,优,24.3,43.9,6.7,0.804,33.7,123,138
哈尔滨,2015-08-07,35,26~49,优,21.5,32.9,6,0.725,21.8,86,80
哈尔滨,2015-08-08,45,29~62,优,28.4,43.2,5.9,0.779,24,112,169
哈尔滨,2015-08-09,31,20~51,优,16.1,28.5,5.4,0.679,22.5,100,96
哈尔滨,2015-08-10,28,19~45,优,16,26.8,4.7,0.691,26.3,74,82
哈尔滨,2015-08-11,43,21~59,优,22.5,43.8,4,0.933,39,67,149
哈尔滨,2015-08-12,40,22~63,优,21.6,39.9,4.5,0.913,40,84,107
哈尔滨,2015-08-13,47,32~63,优,22.7,47.5,5.3,0.933,47.4,128,119
哈尔滨,2015-08-14,40,26~59,优,19.3,40.9,4.3,0.817,38,92,101
哈尔滨,2015-08-15,37,24~62,优,21.1,34.8,4.5,0.633,28.1,90,93
哈尔滨,2015-08-16,40,25~52,优,26.6,34.8,4.7,0.696,26.2,72,96
哈尔滨,2015-08-17,54,33~83,良,37.3,49.9,4.5,0.909,34,113,147
哈尔滨,2015-08-18,50,32~68,良,31.2,49.3,4.9,0.925,27.8,110,143
哈尔滨,2015-08-19,54,40~72,良,35.7,50.7,4.5,1,36.3,104,210
哈尔滨,2015-08-20,53,42~72,良,36.3,49.3,5.4,1.008,35.4,93,223
哈尔滨,2015-08-21,50,30~88,优,35.5,40,5,0.879,40.8,58,144
哈尔滨,2015-08-22,31,18~52,优,20.5,25.1,4.8,0.646,32.1,41,46
哈尔滨,2015-08-23,25,18~38,优,13.2,24.9,4.2,0.671,28.3,58,34
哈尔滨,2015-08-24,29,17~46,优,12.8,29.4,5.7,0.696,28,54,58
哈尔滨,2015-08-25,31,21~52,优,13.4,31.1,6,0.635,27.5,55,56
哈尔滨,2015-08-26,36,24~56,优,15,37,5.8,0.63,32.6,65,65
哈尔滨,2015-08-27,27,15~44,优,13,25,6,0.479,25.1,54,35
哈尔滨,2015-08-28,23,20~26,优,15.8,16.7,6,0.525,21.5,49,30
哈尔滨,2015-08-29,27,18~42,优,17.2,24.1,5.8,0.675,29.6,53,48
哈尔滨,2015-08-30,36,25~52,优,19.6,36,5.9,0.813,36.8,62,84
哈尔滨,2015-08-31,41,25~58,优,23.8,40.9,5.8,0.883,43.2,57,112
哈尔滨,2015-09-01,42,25~66,优,24.4,42.7,6.5,0.871,42.7,84,128
哈尔滨,2015-09-02,46,23~67,优,21.6,49.7,6,0.829,39.5,73,155
哈尔滨,2015-09-03,31,19~58,优,11.9,30.7,5.9,0.621,26.3,72,82
哈尔滨,2015-09-04,35,19~58,优,13.3,35.8,7,0.625,30.5,68,112
哈尔滨,2015-09-05,42,19~83,优,20.1,45.9,7,0.725,37,66,163
哈尔滨,2015-09-06,47,22~92,优,22,52.8,8.8,0.833,42.7,84,165
哈尔滨,2015-09-07,56,30~87,良,30.7,63.7,9,0.829,60.4,48,212
哈尔滨,2015-09-08,49,26~67,优,23.3,52.8,8.1,0.771,50.4,74,158
哈尔滨,2015-09-09,34,23~52,优,17.5,34.1,7.2,0.725,34.5,50,91
哈尔滨,2015-09-10,36,20~78,优,14.8,37.8,6,0.733,37.6,75,109
哈尔滨,2015-09-11,53,27~88,良,25.9,60.9,9.2,0.842,43.9,83,199
哈尔滨,2015-09-12,35,23~55,优,15.9,34.7,6.1,0.704,27.2,51,107
哈尔滨,2015-09-13,37,23~54,优,15.8,37.4,8.2,0.758,29.5,68,76
哈尔滨,2015-09-14,48,38~56,优,20.7,48.7,10.1,0.775,32.2,101,105
哈尔滨,2015-09-15,57,48~67,良,31.3,62.4,12.3,0.95,38,132,167
哈尔滨,2015-09-16,62,43~86,良,34.7,73.7,11.1,0.9,54,113,185
哈尔滨,2015-09-17,69,36~99,良,35.3,89.5,9.5,0.892,56.6,109,208
哈尔滨,2015-09-18,55,30~88,良,27.7,63,7.1,0.729,43.5,81,142
哈尔滨,2015-09-19,61,36~84,良,37.9,71.3,6.1,0.85,32.4,54,182
哈尔滨,2015-09-20,53,27~71,良,19.6,61.8,7.9,0.688,61.6,68,166
哈尔滨,2015-09-21,47,37~57,优,20.1,47.4,9.9,0.663,36.1,95,124
哈尔滨,2015-09-22,55,35~65,良,31.7,58.3,9.5,0.796,38.4,130,198
哈尔滨,2015-09-23,35,23~59,优,22.3,30,5.3,0.625,20,93,89
哈尔滨,2015-09-24,38,19~72,优,18,40.8,6.9,0.85,33.3,40,111
哈尔滨,2015-09-25,48,30~63,优,25.7,50.3,6.7,0.829,35.1,23,165
哈尔滨,2015-09-26,30,19~53,优,15.5,29.4,6.2,0.558,25.9,44,55
哈尔滨,2015-09-27,26,16~36,优,11.8,26.4,5.8,0.608,25,47,38
哈尔滨,2015-09-28,32,17~50,优,11.5,31.9,5.6,0.617,28.6,53,69
哈尔滨,2015-09-29,48,26~80,优,22.5,53,7,0.842,42.7,60,162
哈尔滨,2015-09-30,53,46~68,良,25.9,57,10.1,0.717,39.5,50,199
哈尔滨,2015-10-01,31,15~63,优,17.3,32.3,6.3,0.75,21.2,57,87
哈尔滨,2015-10-02,25,15~51,优,11.5,24.7,5.2,0.629,14.9,50,23
哈尔滨,2015-10-03,32,17~64,优,17,33.8,5.9,0.742,25,54,52
哈尔滨,2015-10-04,53,29~81,良,30.1,60,9,1.05,46,70,143
哈尔滨,2015-10-05,76,37~148,良,49.5,91,13.8,0.979,39.4,117,226
哈尔滨,2015-10-06,116,72~156,轻度污染,87.2,134,12.5,1.196,51.9,116,306
哈尔滨,2015-10-07,91,82~107,良,67.8,107.3,14.7,1.013,37.5,133,304
哈尔滨,2015-10-08,48,25~87,优,27.8,51.9,9.2,0.696,26.7,90,162
哈尔滨,2015-10-09,44,24~59,优,16.7,44.7,8.2,0.796,36.3,57,122
哈尔滨,2015-10-10,38,26~54,优,21.9,38.2,8.2,0.81,32.4,39,111
哈尔滨,2015-10-11,25,18~34,优,15,24.5,6,0.696,21.9,34,47
哈尔滨,2015-10-12,27,16~52,优,12.5,26.6,6.2,0.671,22.2,52,30
哈尔滨,2015-10-13,33,18~59,优,14.9,33.5,8.6,0.804,30.6,52,32
哈尔滨,2015-10-14,78,39~132,良,54,91.6,12.9,1.413,57.4,70,144
哈尔滨,2015-10-15,108,51~225,轻度污染,78.9,123.1,22.8,1.471,66.4,133,199
哈尔滨,2015-10-16,177,70~316,中度污染,138.2,182.7,21,1.638,50.7,124,286
哈尔滨,2015-10-17,146,48~289,轻度污染,112.3,139.9,18.9,1.292,43.8,96,232
哈尔滨,2015-10-18,45,30~82,优,28,48.3,13.7,0.892,36.3,57,88
哈尔滨,2015-10-19,77,56~133,良,54.1,86.7,27.3,1.088,54.6,48,171
哈尔滨,2015-10-20,62,39~93,良,40.8,72.2,23.7,0.921,47.5,53,109
哈尔滨,2015-10-21,71,47~102,良,47.7,81.6,31.3,1.067,53.6,64,157
哈尔滨,2015-10-22,118,58~220,轻度污染,86,121.3,28.8,1.008,52.4,76,254
哈尔滨,2015-10-23,117,67~182,轻度污染,85.5,125.6,26.3,0.967,46.9,79,261
哈尔滨,2015-10-24,65,37~125,良,35.2,74.2,19.6,0.896,32.4,51,136
哈尔滨,2015-10-25,121,59~249,轻度污染,92,138.5,34.6,1.279,64,82,300
哈尔滨,2015-10-26,206,69~438,重度污染,167.3,217.8,33.5,1.263,65,54,341
哈尔滨,2015-10-27,101,25~199,轻度污染,71.8,88.6,20.4,0.879,37.3,49,247
哈尔滨,2015-10-28,65,27~202,良,44.1,65.6,24,0.838,37.8,44,138
哈尔滨,2015-10-29,44,20~74,优,27.8,44.8,23.8,0.875,33.9,45,120
哈尔滨,2015-10-30,71,40~114,良,50.5,72.3,29.1,1,42.8,49,249
哈尔滨,2015-10-31,168,57~415,中度污染,131.9,162.9,44.7,1.204,62.1,61,337
哈尔滨,2015-11-01,285,134~462,重度污染,242.9,298.5,43.6,1.471,76.1,100,359
哈尔滨,2015-11-02,398,274~500,严重污染,399.3,443.8,44.3,2.475,115,85,364
哈尔滨,2015-11-03,471,314~500,严重污染,647.8,665.6,55.3,3.567,142.6,114,364
哈尔滨,2015-11-04,213,145~468,重度污染,163.8,259,34.6,0.971,62.6,82,346
哈尔滨,2015-11-05,124,56~323,轻度污染,92.5,135.9,22.5,0.992,46.1,59,245
哈尔滨,2015-11-06,401,139~500,严重污染,390,383.7,40.6,2.629,92.5,57,363
哈尔滨,2015-11-07,299,192~452,重度污染,250,316.1,30.2,1.558,69.8,67,356
哈尔滨,2015-11-08,301,258~369,严重污染,250.5,314.3,31,1.267,62.5,52,350
哈尔滨,2015-11-09,196,109~326,中度污染,156,193.7,17.6,1.01,49.4,34,327
哈尔滨,2015-11-10,175,120~273,中度污染,135,159,30,1.213,64.7,46,332
哈尔滨,2015-11-11,282,217~375,重度污染,231.8,287.5,56.1,2.329,101.3,22,362
哈尔滨,2015-11-12,214,124~286,重度污染,166.8,218.9,46.1,2.1,85.8,42,340
哈尔滨,2015-11-13,132,90~180,轻度污染,100,128.6,58,1.154,65,32,304
哈尔滨,2015-11-14,69,55~98,良,50.2,66.4,41.4,0.892,50.3,44,184
哈尔滨,2015-11-15,71,44~114,良,49.5,70.7,25.4,1.075,37.7,39,169
哈尔滨,2015-11-16,56,38~80,良,35.6,59,20.2,1.013,32.6,29,152
哈尔滨,2015-11-17,49,33~78,优,32.1,50,22,0.983,33,33,148
哈尔滨,2015-11-18,85,54~155,良,61.6,96.1,32.3,1.221,48.6,33,295
哈尔滨,2015-11-19,85,42~238,良,61,84.1,27.4,0.908,40.9,41,202
哈尔滨,2015-11-20,110,50~190,轻度污染,82,113.8,35.9,1.233,50.3,46,284
哈尔滨,2015-11-21,108,63~216,轻度污染,80.3,105.1,37,1.175,49.9,49,306
哈尔滨,2015-11-22,95,59~149,良,70.6,99.4,36.1,1.075,49.5,43,327
哈尔滨,2015-11-23,90,43~169,良,65.8,91.7,31.9,1.088,37.8,38,308
哈尔滨,2015-11-24,75,53~119,良,53.7,80.4,40.8,1.163,44.3,44,321
哈尔滨,2015-11-25,117,61~206,轻度污染,87.4,136.8,43.9,1.667,60.6,37,331
哈尔滨,2015-11-26,124,63~185,轻度污染,93.8,138.9,49.6,1.346,56.8,38,336
哈尔滨,2015-11-27,113,84~169,轻度污染,85.1,114.4,46.3,1.146,49.1,36,310
哈尔滨,2015-11-28,135,87~242,轻度污染,102,137,45.8,1.2,58.3,42,290
哈尔滨,2015-11-29,183,128~213,中度污染,138.8,191.6,78.6,1.429,75.4,25,311
哈尔滨,2015-11-30,181,105~242,中度污染,139.9,180.1,50.5,1.229,61.8,32,288
哈尔滨,2015-12-01,103,73~134,轻度污染,76.6,112,42.5,0.733,51.2,27,234
哈尔滨,2015-12-02,108,64~172,轻度污染,80.7,106.8,39.6,0.833,51.7,32,269
哈尔滨,2015-12-03,91,55~123,良,59,101.4,39.6,0.888,39.1,30,290
哈尔滨,2015-12-04,55,32~97,良,37.1,53.8,44.7,0.708,41.3,46,157
哈尔滨,2015-12-05,51,32~73,良,34.9,48.1,39.9,0.717,39.2,37,153
哈尔滨,2015-12-06,80,46~156,良,58.2,80.8,49.6,1.375,54.2,42,207
哈尔滨,2015-12-07,240,156~306,重度污染,191,254.7,72.4,2.883,100.9,19,339
哈尔滨,2015-12-08,140,72~306,轻度污染,108.3,155.8,80,1.409,74.3,41,256
哈尔滨,2015-12-09,240,156~346,重度污染,191.8,250.6,78.1,1.863,80.4,23,324
哈尔滨,2015-12-10,162,78~278,中度污染,124.3,182.7,51.1,1.438,66.6,40,267
哈尔滨,2015-12-11,144,73~257,轻度污染,109.7,137.9,74.8,1.825,73.2,27,271
哈尔滨,2015-12-12,300,182~500,重度污染,257.8,319.9,88.8,3.113,113.7,29,351
哈尔滨,2015-12-13,414,357~500,严重污染,369.3,482.4,85.9,4.408,144.8,12,365
哈尔滨,2015-12-14,351,153~483,严重污染,307.1,414.3,89,3.171,124.2,19,351
哈尔滨,2015-12-15,198,73~276,中度污染,155.5,213.8,63.1,1.242,65.5,47,320
哈尔滨,2015-12-16,96,62~235,良,71.6,99.2,56.3,1.279,57.1,33,320
哈尔滨,2015-12-17,105,77~139,轻度污染,78.9,107.8,65.9,1.367,66.5,40,324
哈尔滨,2015-12-18,138,70~246,轻度污染,104.3,139.8,73.2,1.308,71.6,37,304
哈尔滨,2015-12-19,114,98~142,轻度污染,86.1,117.5,79.8,1.104,68.8,48,251
哈尔滨,2015-12-20,98,75~122,良,73,101.3,83.3,1.054,70.2,45,187
哈尔滨,2015-12-21,193,95~306,中度污染,150.9,216.8,68.1,1.7,75,27,253
哈尔滨,2015-12-22,164,109~245,中度污染,125.3,179.9,66,1.221,69,32,226
哈尔滨,2015-12-23,222,173~265,重度污染,172.6,229,67.1,1.6,76.1,55,268
哈尔滨,2015-12-24,252,199~335,重度污染,202,275.5,87,1.904,92.7,38,304
哈尔滨,2015-12-25,245,185~320,重度污染,194.8,278.7,81.4,1.75,91.7,33,323
哈尔滨,2015-12-26,149,55~288,轻度污染,113.5,152.2,62.3,1.233,59.3,49,265
哈尔滨,2015-12-27,96,74~125,良,71.3,90,64.3,0.879,49,40,250
哈尔滨,2015-12-28,116,83~159,轻度污染,87.7,115.3,75.8,1.021,61.7,38,251
哈尔滨,2015-12-29,221,120~391,重度污染,176.1,226.5,110.9,1.717,96.8,28,311
哈尔滨,2015-12-30,400,268~500,严重污染,364,436,109.5,3.942,147.6,23,360
哈尔滨,2015-12-31,311,228~366,严重污染,260.7,314.9,103.9,1.817,106.5,48,354
哈尔滨,2016-01-01,163,107~236,中度污染,123.9,156.6,82.3,1.196,68.2,26,258
哈尔滨,2016-01-02,179,102~229,中度污染,136.1,161.5,70.5,1.55,68.2,34,256
哈尔滨,2016-01-03,233,188~272,重度污染,182.8,228.2,97.2,2.058,85.6,28,297
哈尔滨,2016-01-04,119,57~233,轻度污染,89.3,113.8,74.9,1.021,57.7,40,200
哈尔滨,2016-01-05,70,54~98,良,50.5,69.5,68.3,0.867,46.2,38,187
哈尔滨,2016-01-06,78,47~129,良,56.3,73.3,65.8,0.896,50,40,197
哈尔滨,2016-01-07,93,68~117,良,69.3,86.3,77,1.175,55.7,40,240
哈尔滨,2016-01-08,107,77~149,轻度污染,80.4,105.6,86.7,1.235,62.8,44,245
哈尔滨,2016-01-09,65,43~79,良,45.6,63.4,61.8,0.963,47.3,53,119
哈尔滨,2016-01-10,79,42~129,良,57,71.9,59.6,1.142,53.7,48,165
哈尔滨,2016-01-11,73,55~89,良,53.3,73.8,64.3,0.971,52.2,39,233
哈尔滨,2016-01-12,78,59~114,良,57.1,83.3,76.8,0.938,53.4,45,246
哈尔滨,2016-01-13,90,64~129,良,66.8,96.3,69.3,0.942,58.1,44,225
哈尔滨,2016-01-14,173,82~245,中度污染,132.5,165.4,103.4,1.746,83.7,43,309
哈尔滨,2016-01-15,233,152~340,重度污染,184.8,224,89.8,2.063,92,28,341
哈尔滨,2016-01-16,182,94~308,中度污染,141.9,158.2,74.2,1.492,81.5,30,294
哈尔滨,2016-01-17,220,80~293,重度污染,175.9,190.6,82.8,2.008,88.7,43,327
哈尔滨,2016-01-18,180,109~278,中度污染,139,177.9,87.3,1.808,81.1,31,314
哈尔滨,2016-01-19,95,57~148,良,70.7,96.3,69.2,0.863,51.8,41,191
哈尔滨,2016-01-20,115,72~186,轻度污染,86.5,106.4,67.5,1.229,58.9,41,254
哈尔滨,2016-01-21,184,97~288,中度污染,143.2,163.7,74.2,2,72.6,43,336
哈尔滨,2016-01-22,150,87~288,中度污染,114.2,136.1,72.2,1.65,67.2,44,324
哈尔滨,2016-01-23,182,84~303,中度污染,142.6,154.7,73.5,1.763,68.5,44,352
哈尔滨,2016-01-24,97,68~150,良,72.2,94.4,76.9,0.975,55.7,44,337
哈尔滨,2016-01-25,93,78~118,良,69.3,108.3,69.3,1.1,56.7,47,310
哈尔滨,2016-01-26,70,48~107,良,49.3,67.7,56,1.092,44.2,38,170
哈尔滨,2016-01-27,54,39~78,良,34.7,54.4,51.5,1.054,41,39,89
哈尔滨,2016-01-28,82,39~127,良,59.7,81.2,62.5,1.483,54.3,43,180
哈尔滨,2016-01-29,124,82~195,轻度污染,93.2,118.8,74.4,2.033,68.5,46,273
哈尔滨,2016-01-30,146,73~236,轻度污染,110.9,137.8,75.2,1.858,69.2,44,305
哈尔滨,2016-01-31,117,63~195,轻度污染,87.5,114.2,82.8,1.346,63.5,48,301
哈尔滨,2016-02-01,105,78~145,轻度污染,78.6,99.7,83.4,1.471,67.1,49,263
哈尔滨,2016-02-02,149,117~214,轻度污染,113.1,141.2,93.2,1.65,80,53,305
哈尔滨,2016-02-03,130,100~186,轻度污染,98.6,127.3,80.5,1.429,71.7,60,270
哈尔滨,2016-02-04,87,52~127,良,63.5,82.6,52,1.317,56.8,54,187
哈尔滨,2016-02-05,127,70~218,轻度污染,95.6,128.4,66.5,1.742,77.1,36,274
哈尔滨,2016-02-06,148,64~272,轻度污染,113.4,145,56.8,1.725,63.1,54,315
哈尔滨,2016-02-07,133,55~278,轻度污染,101.6,133,77.2,1.417,59.5,43,266
哈尔滨,2016-02-08,202,129~440,重度污染,152.7,198.5,74.3,1.371,54.8,52,263
哈尔滨,2016-02-09,137,97~198,轻度污染,103.3,119.6,64,1.25,56.3,53,289
哈尔滨,2016-02-10,105,64~152,轻度污染,78.5,101.9,79.2,1.2,65,60,251
哈尔滨,2016-02-11,65,53~82,良,46.4,64.8,83.3,1.2,61.5,54,168
哈尔滨,2016-02-12,87,45~123,良,64.4,86.1,54.1,1.229,56.8,66,205
哈尔滨,2016-02-13,37,32~43,优,25.1,34,31.4,1.025,35.9,57,120
哈尔滨,2016-02-14,40,32~51,优,22.2,39.2,27,1.188,31.9,72,197
哈尔滨,2016-02-15,46,30~70,优,29.1,47.1,40.7,1.267,39,57,211
哈尔滨,2016-02-16,66,28~95,良,45.6,67.5,47.6,1.463,52.3,53,251
哈尔滨,2016-02-17,72,45~192,良,51.1,74,53.9,1.538,58.7,56,204
哈尔滨,2016-02-18,108,62~180,轻度污染,80.5,112.3,59.5,1.825,75,58,283
哈尔滨,2016-02-19,54,33~95,良,36.2,51.8,30.1,1.071,43.4,53,86
哈尔滨,2016-02-20,45,32~55,优,26.9,43.7,31,1.167,33.7,52,66
哈尔滨,2016-02-21,49,29~74,优,32.5,50.2,34.8,1.254,36.1,52,63
哈尔滨,2016-02-22,71,32~125,良,51.6,79.5,42.5,1.542,44.8,54,154
哈尔滨,2016-02-23,86,40~137,良,63.5,78.9,43.2,1.583,46.9,54,235
哈尔滨,2016-02-24,67,46~85,良,48.5,69.9,49.1,1.567,48.8,55,186
哈尔滨,2016-02-25,74,40~152,良,53.5,74.1,49,1.571,54.3,54,175
哈尔滨,2016-02-26,112,56~193,轻度污染,83.5,114.5,65,1.979,77.6,49,266
哈尔滨,2016-02-27,115,38~220,轻度污染,85.8,112.5,60.8,1.821,75.4,60,261
哈尔滨,2016-02-28,71,42~117,良,51.2,76.2,54.4,1.379,61.9,74,174
哈尔滨,2016-02-29,52,38~70,良,33.5,51.5,42,1.367,47.7,66,107
哈尔滨,2016-03-01,59,40~104,良,37.6,64.2,46.5,1.429,48.5,62,99
哈尔滨,2016-03-02,74,58~122,良,53.8,80.1,53.1,1.625,62.1,55,118
哈尔滨,2016-03-03,106,47~173,轻度污染,78.7,109.2,55.1,2.079,73.7,64,200
哈尔滨,2016-03-04,77,60~112,良,56.1,83.2,57.7,1.592,64.5,64,130
哈尔滨,2016-03-05,206,59~500,重度污染,78.6,278.8,36.1,1.554,47.4,61,219
哈尔滨,2016-03-06,77,30~196,良,38.4,100.5,35.2,1.113,30,70,99
哈尔滨,2016-03-07,36,23~69,优,23.1,36.3,33,1.063,34.8,59,38
哈尔滨,2016-03-08,49,31~69,优,30.4,48.2,32.8,1.092,37,54,144
哈尔滨,2016-03-09,44,31~72,优,25,45.9,28.9,1.088,38.5,52,186
哈尔滨,2016-03-10,53,32~75,良,35.1,55.9,37.3,1.23,42.7,56,214
哈尔滨,2016-03-11,51,35~73,良,33.8,52.9,40.8,1.179,40.6,57,120
哈尔滨,2016-03-12,66,41~98,良,42.7,80,45.4,1.267,40.8,63,124
哈尔滨,2016-03-13,50,27~95,良,26.3,52.4,28.2,1.092,36.2,61,101
哈尔滨,2016-03-14,60,30~103,良,41.7,62.2,38.8,1.363,50.5,66,112
哈尔滨,2016-03-15,83,54~151,良,60.3,97.7,43.4,1.608,44.2,84,154
哈尔滨,2016-03-16,116,64~173,轻度污染,83.3,148.8,41.3,1.621,43.5,93,229
哈尔滨,2016-03-17,151,69~263,中度污染,111.8,171.6,46.8,1.608,46.6,93,258
哈尔滨,2016-03-18,74,25~129,良,52,81.6,32.5,0.933,31.6,70,116
哈尔滨,2016-03-19,42,20~102,优,24.2,44,29.1,0.8,42.8,73,50
哈尔滨,2016-03-20,86,52~124,良,61.8,94.7,38.4,1.529,68,81,182
哈尔滨,2016-03-21,80,38~129,良,57.3,82.5,38,1.433,58.2,62,190
哈尔滨,2016-03-22,43,32~53,优,22.6,43.1,28.8,0.892,34.1,61,86
哈尔滨,2016-03-23,38,26~51,优,17.2,37.8,21.3,0.754,28.9,71,95
哈尔滨,2016-03-24,40,22~82,优,23.6,41.5,23,0.888,40.1,66,109
哈尔滨,2016-03-25,100,51~204,良,73.9,110,32.5,1.683,65.3,78,285
哈尔滨,2016-03-26,166,61~313,中度污染,129.6,188,36.1,2.171,74,101,312
哈尔滨,2016-03-27,61,30~100,良,42,66,26.5,1.233,43.3,75,139
哈尔滨,2016-03-28,162,89~266,中度污染,99.4,225,35.8,1.279,48.1,77,326
哈尔滨,2016-03-29,95,55~245,良,59.8,115,22,1.096,37.4,73,196
哈尔滨,2016-03-30,109,62~238,轻度污染,81.3,101.6,23.8,1.367,43.8,75,228
哈尔滨,2016-03-31,142,94~204,轻度污染,107.2,178.4,37.1,1.308,58.5,122,313
哈尔滨,2016-04-01,198,77~500,中度污染,76.1,292,25.3,1.083,34.6,97,315
哈尔滨,2016-04-02,70,45~91,良,23.1,90.7,15.6,1.088,18.5,67,161
哈尔滨,2016-04-03,50,22~100,良,26.7,50.5,18,1.188,26.6,67,146
哈尔滨,2016-04-04,72,40~155,良,50,74.8,19.8,1.121,42,84,215
哈尔滨,2016-04-05,61,39~103,良,41.5,61.2,21.1,1.283,37.2,72,167
哈尔滨,2016-04-06,93,57~130,良,58.8,124.9,26.8,1.304,39.2,100,283
哈尔滨,2016-04-07,95,50~170,良,32.8,140.4,16.5,0.8,27.8,85,268
哈尔滨,2016-04-08,61,45~87,良,26.4,71.8,16.7,1.046,28.8,71,175
哈尔滨,2016-04-09,49,35~79,优,31.8,45.8,15.5,1.029,29.8,66,127
哈尔滨,2016-04-10,69,36~138,良,49.2,71.4,17.8,1.088,41.8,60,192
哈尔滨,2016-04-11,81,53~140,良,58.8,89.7,22.3,1.204,46.5,81,228
哈尔滨,2016-04-12,102,84~120,轻度污染,74.9,116.5,20,1.246,52.7,61,298
哈尔滨,2016-04-13,88,72~125,良,64.9,87.6,19.9,1.221,52.4,66,232
哈尔滨,2016-04-14,129,73~204,轻度污染,97.2,125,22.9,1.396,53.5,85,299
哈尔滨,2016-04-15,85,52~120,良,61.2,87.8,26.7,1.233,48.6,84,232
哈尔滨,2016-04-16,73,35~97,良,53,70.4,20,1.248,47.7,52,259
哈尔滨,2016-04-17,34,22~60,优,23,28.2,14.1,0.971,35,66,61
哈尔滨,2016-04-18,47,30~63,优,29.5,46.6,18.6,0.908,40.6,86,150
哈尔滨,2016-04-19,58,32~125,良,28.3,67.8,19.3,0.975,36.8,79,155
哈尔滨,2016-04-20,75,36~180,良,22.8,101.3,16.6,1.008,36.1,74,233
哈尔滨,2016-04-21,90,55~184,良,34.6,128.8,17.3,0.992,32.5,99,252
哈尔滨,2016-04-22,135,38~253,轻度污染,28.6,214.3,10,0.829,21.8,66,283
哈尔滨,2016-04-23,36,21~55,优,19.4,36.1,11.4,0.892,24.4,63,86
哈尔滨,2016-04-24,54,27~71,良,27.2,61.3,14.3,1.046,41.5,88,165
哈尔滨,2016-04-25,47,31~72,优,23.7,49.9,11.5,0.908,26,80,106
哈尔滨,2016-04-26,42,26~61,优,21.5,42.9,10.4,0.979,33.5,84,96
哈尔滨,2016-04-27,57,43~71,良,33.3,63.6,11.6,1.029,45,77,164
哈尔滨,2016-04-28,49,40~58,优,23.9,50.3,9.7,0.942,34.3,82,94
哈尔滨,2016-04-29,51,28~66,良,25.7,55.3,10.5,1.079,38,88,79
哈尔滨,2016-04-30,59,40~101,良,29.9,69.5,11.4,0.904,40.1,93,115
哈尔滨,2016-05-01,67,48~88,良,42,80.6,10.2,0.829,43.1,61,168
哈尔滨,2016-05-02,81,39~112,良,58.8,81.5,12.6,0.988,38.5,72,260
哈尔滨,2016-05-03,42,24~80,优,26.5,33.9,7.3,0.817,24.1,84,104
哈尔滨,2016-05-04,41,25~74,优,12,37.8,7.2,0.888,27.8,91,76
哈尔滨,2016-05-05,49,28~66,优,21.7,52.5,11.4,1.05,43,86,107
哈尔滨,2016-05-06,85,24~189,良,37.7,128.3,11.3,0.758,27.1,79,171
哈尔滨,2016-05-07,38,26~93,优,25.3,34.6,9.5,0.788,25.5,81,87
哈尔滨,2016-05-08,45,33~106,优,20.7,47.7,11,0.846,30,90,132
哈尔滨,2016-05-09,76,55~100,良,28.3,102.5,13.5,0.963,34.7,108,277
哈尔滨,2016-05-10,57,46~75,良,28.4,64.3,10,0.954,37.8,106,187
哈尔滨,2016-05-11,62,44~129,良,25.9,74.3,10.2,1,31.3,114,132
哈尔滨,2016-05-12,53,19~152,良,32.5,57.6,7.9,0.967,21.8,119,94
哈尔滨,2016-05-13,31,19~58,优,15.4,29.9,9.3,0.913,25.4,92,40
哈尔滨,2016-05-14,55,33~85,良,20.3,61.8,12.3,1.163,26,113,169
哈尔滨,2016-05-15,43,30~70,优,30.3,38.9,7.2,1.086,27.7,80,157
哈尔滨,2016-05-16,37,20~59,优,24.4,34.2,7.1,0.927,29.9,64,67
哈尔滨,2016-05-17,46,21~67,优,24.7,49.5,13.2,1.096,38.6,133,84
哈尔滨,2016-05-18,70,58~81,良,32.2,90,15.2,1.196,27.4,150,196
哈尔滨,2016-05-19,65,57~78,良,41.5,77.9,13,1.192,28.6,172,171
哈尔滨,2016-05-20,61,53~73,良,35.4,70.8,13.7,1.396,33.7,172,207
哈尔滨,2016-05-21,49,35~64,优,22,51.9,8,1.142,27.3,89,184
哈尔滨,2016-05-22,44,30~65,优,19.6,46.9,7.8,1.033,35,84,164
哈尔滨,2016-05-23,73,49~117,良,39.2,95,10.6,1.043,57.4,98,257
哈尔滨,2016-05-24,34,23~57,优,21,26.7,11.1,1.031,26.9,108,70
哈尔滨,2016-05-25,30,21~45,优,16.9,26,7.8,1.038,22,97,60
哈尔滨,2016-05-26,37,23~55,优,21.4,34.4,7.6,0.842,27.6,82,101
哈尔滨,2016-05-27,47,28~72,优,21.7,51.3,8.8,0.859,33,101,163
哈尔滨,2016-05-28,69,60~82,良,36.3,88.4,13.9,1.129,38.8,147,280
哈尔滨,2016-05-29,46,22~73,优,19.8,50,8.2,0.863,19.9,105,138
哈尔滨,2016-05-30,43,21~78,优,17.3,45,7.8,0.892,21.4,72,92
哈尔滨,2016-05-31,32,22~50,优,15.4,30.5,7,0.908,23.2,85,62
哈尔滨,2016-06-01,46,30~94,优,24.8,48,9.3,1.126,39,97,151
哈尔滨,2016-06-02,46,31~66,优,24.3,47.7,10.1,0.995,44.4,97,153
哈尔滨,2016-06-03,46,27~70,优,26.5,47.8,9.7,0.858,33.9,122,172
哈尔滨,2016-06-04,42,28~75,优,23.4,44.4,7.9,0.775,32,96,133
哈尔滨,2016-06-05,60,36~78,良,36.8,69.8,12,0.922,38.6,182,228
哈尔滨,2016-06-06,45,25~56,优,22.8,45.7,7.3,0.85,28.5,94,125
哈尔滨,2016-06-07,35,19~86,优,13.3,37.4,6.5,0.963,26.1,93,72
哈尔滨,2016-06-08,32,20~56,优,17,31.5,6.9,0.9,28.7,95,67
哈尔滨,2016-06-09,40,26~59,优,22.2,40.2,7.2,0.963,39.5,97,103
哈尔滨,2016-06-10,43,20~63,优,28.5,41.3,7.3,0.971,28.4,106,144
哈尔滨,2016-06-11,26,18~42,优,15.8,22.9,6.2,0.754,19.8,97,58
哈尔滨,2016-06-12,27,13~53,优,16.7,22.6,6,0.846,29.3,81,74
哈尔滨,2016-06-13,36,27~57,优,21.4,33.6,6.8,0.929,41,95,93
哈尔滨,2016-06-14,35,20~71,优,20.2,34,7.8,0.983,39.3,82,87
哈尔滨,2016-06-15,49,30~64,优,26,51.5,9.8,1.096,51.8,115,192
哈尔滨,2016-06-16,35,23~50,优,17.9,34.6,8.8,0.867,33.2,84,86
哈尔滨,2016-06-17,45,25~62,优,25.5,44.5,8.5,0.979,35.5,108,128
哈尔滨,2016-06-18,44,25~75,优,28.1,39,7.3,1.092,28,119,142
哈尔滨,2016-06-19,38,25~65,优,23.5,31,6.7,1.067,25.7,114,138
哈尔滨,2016-06-20,43,33~59,优,23.9,37.7,7.2,1.058,33.9,122,170
哈尔滨,2016-06-21,62,24~103,良,43.5,59.3,7.1,1.175,33.5,106,234
哈尔滨,2016-06-22,48,35~57,优,32.1,45.6,6.8,1.088,28.3,110,187
哈尔滨,2016-06-23,26,13~55,优,13,18.3,5.9,0.654,28.3,103,67
哈尔滨,2016-06-24,21,12~32,优,10,18.5,5.2,0.642,19.4,70,48
哈尔滨,2016-06-25,29,19~45,优,16.3,28,5.9,0.804,29,76,96
哈尔滨,2016-06-26,29,20~50,优,12.8,26,6.6,0.808,29.3,102,73
哈尔滨,2016-06-27,39,19~70,优,23.1,38.5,8.2,0.908,29.8,150,133
哈尔滨,2016-06-28,67,0~102,良,48.2,68.4,7.6,0.989,41.3,159,282
哈尔滨,2016-06-29,52,38~77,良,35.3,48.8,5.9,0.929,29.7,136,219
哈尔滨,2016-06-30,43,20~65,优,29.5,35.3,5.5,0.908,21.3,90,168
哈尔滨,2016-07-01,23,11~48,优,9.5,18.7,5.5,0.833,20.5,72,69
哈尔滨,2016-07-02,44,26~58,优,20.8,44.9,8.2,1.046,41.5,94,182
哈尔滨,2016-07-03,43,32~56,优,23.8,42.3,8.1,1.029,30.6,138,175
哈尔滨,2016-07-04,48,35~66,优,27.4,46.3,9.3,1.025,34.5,142,199
哈尔滨,2016-07-05,36,26~68,优,17.3,36.8,6.7,0.838,31,96,140
哈尔滨,2016-07-06,29,16~40,优,13.1,27,7.8,0.821,24.5,111,95
哈尔滨,2016-07-07,48,26~62,优,31.5,49.4,5.6,1.188,29.2,156,207
哈尔滨,2016-07-08,59,46~74,良,41.3,57.8,5.1,1.288,31,121,255
哈尔滨,2016-07-09,50,25~77,良,31.8,49,5.7,1.058,29.3,108,193
哈尔滨,2016-07-10,41,30~56,优,17.9,40.3,6,0.958,36.1,114,141
哈尔滨,2016-07-11,77,30~112,良,56.1,77.1,5.1,1.338,23.5,154,298
哈尔滨,2016-07-12,41,19~69,优,26,40,4.3,0.733,27,116,146
哈尔滨,2016-07-13,24,18~41,优,14.2,21.9,4,0.642,23.3,82,50
哈尔滨,2016-07-14,23,15~36,优,9,22.3,5.2,0.613,24,77,48
哈尔滨,2016-07-15,44,27~70,优,20.3,46,6.9,0.775,42,94,191
哈尔滨,2016-07-16,33,26~53,优,14.8,33.2,7.4,0.729,34.8,74,105
哈尔滨,2016-07-17,30,19~53,优,16.7,30.1,5.1,0.796,37,34,70
哈尔滨,2016-07-18,41,26~60,优,23.5,41.2,5.9,0.908,42,102,136
哈尔滨,2016-07-19,49,40~69,优,27.6,49.6,8.4,0.838,38.1,150,225
哈尔滨,2016-07-20,60,50~85,良,39.9,63.7,6.9,0.983,44.2,127,297
哈尔滨,2016-07-21,58,39~84,良,40.7,59,5.3,1.033,38.5,124,269
哈尔滨,2016-07-22,46,17~93,优,29.6,52,3.7,0.942,31.3,62,171
哈尔滨,2016-07-23,27,13~46,优,13.3,27.1,2.6,0.871,21.3,43,65
哈尔滨,2016-07-24,38,21~78,优,21.3,37.7,3.5,0.917,20.1,71,116
哈尔滨,2016-07-25,28,19~43,优,15.5,26.3,6.2,0.817,36.4,86,58
哈尔滨,2016-07-26,26,15~35,优,12.3,20.8,5.5,0.738,24.8,110,45
哈尔滨,2016-07-27,36,22~53,优,21,34.1,6,0.829,31.7,107,91
哈尔滨,2016-07-28,43,28~65,优,25,43.9,7.6,0.925,40.4,101,118
哈尔滨,2016-07-29,41,32~52,优,25.3,38.1,5.6,1.025,36.5,116,106
哈尔滨,2016-07-30,44,32~56,优,27,42.3,5.3,1.058,30.3,118,122
哈尔滨,2016-07-31,56,40~81,良,36.2,62.2,6.4,1.188,50.5,112,228
哈尔滨,2016-08-01,45,26~81,优,27.6,46.8,6.5,1,41.2,86,165
哈尔滨,2016-08-02,46,33~60,优,24.8,46,5.9,0.979,35.6,121,186
哈尔滨,2016-08-03,46,34~55,优,27.4,46.2,5.3,1.117,30,143,208
哈尔滨,2016-08-04,48,32~87,优,28.1,51,5.7,1.25,23,124,217
哈尔滨,2016-08-05,44,23~59,优,24,44.5,7.1,1.021,30.4,84,179
哈尔滨,2016-08-06,45,19~60,优,26.7,45.8,7,0.9,26.4,110,169
哈尔滨,2016-08-07,24,13~38,优,10.8,22,7.5,0.65,20,97,63
哈尔滨,2016-08-08,38,20~53,优,14.3,36.2,9.5,0.721,34.3,101,150
哈尔滨,2016-08-09,37,25~53,优,15.7,36.1,11.3,0.746,36.8,91,124
哈尔滨,2016-08-10,51,34~68,良,31.8,53,8.8,0.992,26.8,109,222
哈尔滨,2016-08-11,75,65~85,良,54.5,78.7,6.8,0.938,20.9,100,329
哈尔滨,2016-08-12,89,75~103,良,65.7,103.4,6.6,1.088,25.7,86,348
哈尔滨,2016-08-13,50,35~75,优,30.1,53.5,7.3,0.788,34.4,129,221
哈尔滨,2016-08-14,31,20~51,优,16.9,29.6,11.7,0.813,29.8,82,94
哈尔滨,2016-08-15,32,22~56,优,12.3,32.1,9,0.746,27.8,78,109
哈尔滨,2016-08-16,42,23~72,优,17.6,43.8,8.9,0.729,33,80,150
哈尔滨,2016-08-17,55,29~85,良,27,65.3,9.8,0.9,42.7,113,197
哈尔滨,2016-08-18,44,26~67,优,21.8,46.1,10,0.867,39.4,106,155
哈尔滨,2016-08-19,43,32~53,优,18.8,41.5,8.9,0.813,37.6,124,174
哈尔滨,2016-08-20,46,31~67,优,18.9,47.5,8.6,0.822,36.6,103,168
哈尔滨,2016-08-21,44,31~54,优,21.1,43.7,8.6,0.946,41.1,104,124
哈尔滨,2016-08-22,39,28~54,优,21.7,37.7,8.3,1.017,31.9,97,86
哈尔滨,2016-08-23,49,34~63,优,27.5,52,12.8,1.063,43.1,101,147
哈尔滨,2016-08-24,51,31~63,良,27.9,54.2,13.1,1.188,38,112,145
哈尔滨,2016-08-25,24,14~42,优,11.2,22.3,9.1,0.896,23.7,56,48
哈尔滨,2016-08-26,30,19~54,优,12.9,29.7,10.4,1.158,32.1,69,92
哈尔滨,2016-08-27,39,25~69,优,17.8,38.7,12.9,1.108,40.3,91,128
哈尔滨,2016-08-28,51,25~84,良,27.2,59.5,12.4,1.158,43.3,82,170
哈尔滨,2016-08-29,34,23~47,优,14.3,34.2,12.5,0.954,21.9,61,57
哈尔滨,2016-08-30,19,9~32,优,9.3,18,9,0.767,17.6,24,20
哈尔滨,2016-08-31,16,9~35,优,7.9,16.2,7.5,0.733,17,49,28
哈尔滨,2016-09-01,17,13~28,优,10.1,15.7,7.9,0.917,22.1,52,29
哈尔滨,2016-09-02,22,10~46,优,12.5,21.5,10.3,0.867,28,43,28
哈尔滨,2016-09-03,43,35~65,优,27.3,43.3,13.7,0.892,33.8,110,94
哈尔滨,2016-09-04,34,23~53,优,18.1,33.6,12.2,0.796,32.4,90,58
哈尔滨,2016-09-05,35,20~63,优,20.4,35.3,10.8,0.983,40.5,77,76
哈尔滨,2016-09-06,46,33~64,优,31.1,43,9.8,1.108,32.6,99,149
哈尔滨,2016-09-07,47,30~58,优,30.1,45,12.3,1.125,34.5,103,159
哈尔滨,2016-09-08,32,20~55,优,17.6,32.5,10.9,0.908,29.4,50,60
哈尔滨,2016-09-09,21,15~30,优,10.9,20.7,10.7,0.683,22.6,34,26
哈尔滨,2016-09-10,22,16~29,优,11.1,22.4,8.8,0.883,23.8,30,40
哈尔滨,2016-09-11,25,20~36,优,14,25.3,9.5,1.083,28.9,24,51
哈尔滨,2016-09-12,39,22~62,优,23.4,40,9.4,1.138,39.4,59,108
哈尔滨,2016-09-13,45,26~75,优,29.1,48,9.3,1.025,41.2,70,114
哈尔滨,2016-09-14,44,22~68,优,23.6,46.1,10.8,1.017,46.4,67,110
哈尔滨,2016-09-15,25,19~36,优,13.9,23.1,9.2,0.921,26.2,73,56
哈尔滨,2016-09-16,24,18~34,优,13.1,23.7,8.7,0.883,26.1,63,65
哈尔滨,2016-09-17,27,14~55,优,13,27.2,8.8,1.026,24.6,44,61
哈尔滨,2016-09-18,46,33~58,优,23.2,47.4,9.3,1.2,32.3,36,153
哈尔滨,2016-09-19,54,27~95,良,35.8,52.2,11.2,0.933,42.1,71,180
哈尔滨,2016-09-20,49,26~82,优,31,50,11.8,0.892,42,88,143
哈尔滨,2016-09-21,56,39~77,良,36.9,58.6,13.3,1.171,43,103,154
哈尔滨,2016-09-22,51,47~54,良,31.4,50.6,13.7,0.775,37.7,110,112
哈尔滨,2016-09-23,58,50~74,良,40.7,60.6,14.2,0.983,35.5,120,155
哈尔滨,2016-09-24,62,23~80,良,43.4,58.8,13,1.021,31.5,88,167
哈尔滨,2016-09-25,44,16~70,优,30.3,37,11.3,1.025,28.6,74,105
哈尔滨,2016-09-26,62,49~73,良,43.8,65,10.8,1.15,52.9,72,182
哈尔滨,2016-09-27,22,11~48,优,14.5,19.9,7,0.863,21.8,44,35
哈尔滨,2016-09-28,23,14~41,优,12.1,22.9,7.3,0.65,31.8,54,53
哈尔滨,2016-09-29,35,22~51,优,19.6,35.1,9.2,0.791,44.7,61,123
哈尔滨,2016-09-30,47,34~72,优,29,49.4,12.1,0.863,51,82,162
哈尔滨,2016-10-01,58,30~82,良,38.5,64,14.3,1.217,44.2,136,200
哈尔滨,2016-10-02,38,23~70,优,20.9,39.3,13.6,0.896,39.5,64,111
哈尔滨,2016-10-03,36,19~57,优,21.9,32.7,7.5,0.933,32.9,46,90
哈尔滨,2016-10-04,44,30~54,优,28.9,39.3,8.7,1.025,33.4,45,112
哈尔滨,2016-10-05,42,31~58,优,26.1,42.8,9.7,0.854,36.5,50,91
哈尔滨,2016-10-06,37,23~55,优,22.5,36.7,8.3,0.771,36.5,57,77
哈尔滨,2016-10-07,52,25~98,良,34.6,48,8.5,0.883,48.5,31,183
哈尔滨,2016-10-08,23,14~33,优,15.2,18.8,8.8,0.713,31.2,44,51
哈尔滨,2016-10-09,26,16~39,优,15.4,25.5,9.3,0.733,37,53,52
哈尔滨,2016-10-10,29,19~43,优,17,28.3,12.4,0.646,34.3,63,49
哈尔滨,2016-10-11,28,19~41,优,17.1,27.4,12.3,0.671,32.1,60,50
哈尔滨,2016-10-12,39,21~67,优,22.6,40.6,14.5,0.792,42.4,64,91
哈尔滨,2016-10-13,71,28~144,良,50.6,83.7,15.4,1.438,65.3,67,204
哈尔滨,2016-10-14,126,68~176,轻度污染,95.2,124.4,16,1.613,68.1,82,337
哈尔滨,2016-10-15,141,77~203,轻度污染,106,136.8,15.9,1.421,52.6,110,343
哈尔滨,2016-10-16,79,41~118,良,55.3,75.3,12.9,1,31,101,257
哈尔滨,2016-10-17,36,18~82,优,24.6,33.3,10.9,0.788,31.4,65,68
哈尔滨,2016-10-18,55,35~93,良,37.5,55.6,16.2,0.792,47.5,72,142
哈尔滨,2016-10-19,38,24~53,优,23.6,36.5,11.3,0.754,34.8,36,86
哈尔滨,2016-10-20,36,16~67,优,20.8,36.8,14.7,0.896,37,56,109
哈尔滨,2016-10-21,90,60~123,良,65.7,109.2,21.9,1.308,52,30,318
哈尔滨,2016-10-22,51,28~108,良,36.2,47,18.4,0.925,39.7,62,214
哈尔滨,2016-10-23,51,28~87,良,34.8,53.8,22.4,1.021,46.3,57,231
哈尔滨,2016-10-24,81,27~222,良,58.3,96.1,29.6,1.317,57,59,247
哈尔滨,2016-10-25,147,70~237,轻度污染,111,147.8,31.9,1.371,61.4,82,334
哈尔滨,2016-10-26,44,26~79,优,29.9,40.5,16.5,0.692,32.4,57,153
哈尔滨,2016-10-27,77,36~212,良,55.1,75.5,29.3,0.996,49.7,56,247
哈尔滨,2016-10-28,94,37~271,良,68.8,88.5,25.7,0.908,47.1,58,291
哈尔滨,2016-10-29,81,31~183,良,56.6,78.8,23.8,0.792,41.2,68,282
哈尔滨,2016-10-30,80,48~127,良,58.2,76.1,27.5,0.842,46.5,53,281
哈尔滨,2016-10-31,72,33~147,良,52.1,66.8,22.4,0.983,35.5,57,262
哈尔滨,2016-11-01,114,52~219,轻度污染,85.3,102.9,32.9,1.267,50.7,69,319
哈尔滨,2016-11-02,139,49~339,轻度污染,108.3,124.2,39.5,1.325,59,73,305
哈尔滨,2016-11-03,143,35~332,轻度污染,113,127.1,30.2,1.329,55.7,77,230
哈尔滨,2016-11-04,454,265~500,严重污染,663.7,415.8,64.4,3.179,135.5,36,364
哈尔滨,2016-11-05,261,112~500,重度污染,241,272.8,28.3,1.375,63.5,68,330
哈尔滨,2016-11-06,150,58~267,中度污染,114.5,137,31.8,0.95,53.3,57,265
哈尔滨,2016-11-07,90,63~156,良,66.8,81.4,23.5,0.829,44.1,58,229
哈尔滨,2016-11-08,64,40~118,良,46.1,55.2,29.6,0.967,41.6,58,217
哈尔滨,2016-11-09,70,35~196,良,49.7,69.7,35.5,1.013,48.8,60,222
哈尔滨,2016-11-10,113,74~230,轻度污染,85.2,112.2,43,1.133,60.4,36,307
哈尔滨,2016-11-11,71,35~113,良,52,57.8,29.5,0.829,40.3,57,202
哈尔滨,2016-11-12,97,55~235,良,72.5,82.3,37.7,1.396,58.5,68,232
哈尔滨,2016-11-13,119,67~208,轻度污染,89.4,110.7,55.8,1.525,73.9,48,250
哈尔滨,2016-11-14,67,38~110,良,48,61.6,30.5,1.004,34.2,61,121
哈尔滨,2016-11-15,53,30~89,良,37.6,48.1,32.5,1.2,41,60,96
哈尔滨,2016-11-16,97,54~159,良,72.3,97.5,47.5,1.535,60.7,51,233
哈尔滨,2016-11-17,122,60~228,轻度污染,91.9,108.5,56.1,1.35,66.5,49,253
哈尔滨,2016-11-18,109,54~216,轻度污染,81.5,99.1,45.7,0.883,51.9,51,237
哈尔滨,2016-11-19,73,48~108,良,51.3,72.7,46.5,0.817,49.1,60,0
哈尔滨,2016-11-20,66,38~99,良,47.2,60.6,44.6,0.942,47,57,0
哈尔滨,2016-11-21,61,26~102,良,44,58.8,48.7,1.008,45.8,52,0
哈尔滨,2016-11-22,77,32~138,良,56.2,69.7,48,1.188,54.3,60,0
哈尔滨,2016-11-23,105,64~153,轻度污染,78.5,99,61.2,1.158,63.5,54,0
哈尔滨,2016-11-24,98,52~178,良,72.9,86.7,61.5,1.117,63.3,58,0
哈尔滨,2016-11-25,154,93~225,中度污染,117,148,84.3,1.796,83.1,50,0
哈尔滨,2016-11-26,124,70~211,轻度污染,93.2,114.6,71.1,1.083,64.8,47,0
哈尔滨,2016-11-27,141,65~230,轻度污染,106.8,127.4,45.3,1.5,53,55,0
哈尔滨,2016-11-28,77,53~115,良,56.6,74.3,55.5,1.317,55.8,65,0
哈尔滨,2016-11-29,100,62~150,轻度污染,74.8,95.1,65.9,1.463,67.8,51,0
哈尔滨,2016-11-30,58,39~78,良,40.3,55.1,50.1,0.729,43.9,43,0
哈尔滨,2016-12-01,53,28~92,良,34.2,53.1,37.5,1.271,36.9,57,0
哈尔滨,2016-12-02,67,38~108,良,45.9,67.6,52.8,1.258,50.1,55,0
哈尔滨,2016-12-03,139,82~214,轻度污染,105,126.2,67.8,1.525,58.2,68,0
哈尔滨,2016-12-04,72,32~186,良,52.6,65.7,38,1.042,47.4,66,0
哈尔滨,2016-12-05,98,49~215,良,72.5,92.8,54.3,1.7,63.3,47,0
哈尔滨,2016-12-06,147,79~221,轻度污染,111.3,142.7,72,1.904,73.9,25,0
哈尔滨,2016-12-07,164,94~280,中度污染,126.5,155.9,67.5,2.013,76,38,0
哈尔滨,2016-12-08,144,84~206,轻度污染,108.4,128,60,1.588,63.7,30,0
哈尔滨,2016-12-09,195,127~247,中度污染,149.8,176.1,69.2,1.846,70.3,43,0
哈尔滨,2016-12-10,176,132~258,中度污染,134,158.9,68.1,1.642,71.3,49,0
哈尔滨,2016-12-11,149,73~235,轻度污染,112.8,140.4,74.6,1.6,69.6,42,0
哈尔滨,2016-12-12,128,74~183,轻度污染,96.5,117.4,60.8,1.717,61.5,48,0
哈尔滨,2016-12-13,67,44~109,良,47.8,58,38.1,1.213,40.7,44,0
哈尔滨,2016-12-14,132,79~225,轻度污染,99.7,117.4,51.8,1.9,62.5,43,0
哈尔滨,2016-12-15,103,57~158,轻度污染,76.9,96,50.9,1.479,55,52,0
哈尔滨,2016-12-16,105,57~180,轻度污染,78,98.2,65.6,1.354,57.3,42,0
哈尔滨,2016-12-17,191,160~222,中度污染,143.9,178.4,91.4,2.133,79.3,44,0
哈尔滨,2016-12-18,210,169~237,重度污染,161.1,190.5,73.3,1.825,71,24,0
哈尔滨,2016-12-19,145,112~208,轻度污染,110.2,138.7,55.8,1.45,57.5,50,0
哈尔滨,2016-12-20,117,80~178,轻度污染,88,116,40,1.3,44.7,48,0
哈尔滨,2016-12-21,106,74~137,轻度污染,79.5,101.7,38.9,1.342,48.4,54,0
哈尔滨,2016-12-22,42,29~64,优,27.2,40.3,34.2,0.767,39.8,63,0
哈尔滨,2016-12-23,50,18~120,良,35,43.9,39.3,0.983,50.4,62,0
哈尔滨,2016-12-24,129,109~158,轻度污染,97.8,123.1,70.8,1.8,72.5,43,0
哈尔滨,2016-12-25,117,94~140,轻度污染,88.3,106.8,76.8,1.375,66.9,40,0
哈尔滨,2016-12-26,72,32~129,良,52.2,58,38.4,1.146,46.6,53,0
哈尔滨,2016-12-27,149,92~240,轻度污染,113.6,134.8,57.2,2.254,66.3,43,0
哈尔滨,2016-12-28,89,55~130,良,65.7,87.4,56.8,0.971,53.6,57,0
哈尔滨,2016-12-29,101,74~144,轻度污染,75.4,92.3,53.8,0.975,52.5,49,0
哈尔滨,2016-12-30,101,53~286,轻度污染,76.5,76.9,62.2,1.492,60.5,51,0
哈尔滨,2016-12-31,212,172~256,重度污染,163.6,222.1,84.5,3.071,82,24,0
哈尔滨,2017-01-01,234,193~319,重度污染,184.1,233,77.6,2.783,79.3,34,0
哈尔滨,2017-01-02,248,222~286,重度污染,197.6,235,75,2.438,83.5,40,0
哈尔滨,2017-01-03,124,69~240,轻度污染,93.3,120.5,65.5,1.329,65.5,60,0
哈尔滨,2017-01-04,269,206~393,重度污染,219.3,254,73.5,3.071,88.3,54,0
哈尔滨,2017-01-05,276,122~400,重度污染,228.6,308.3,109.3,3.717,117,43,0
哈尔滨,2017-01-06,184,99~275,中度污染,141.2,173.1,93.3,2.325,99.2,49,0
哈尔滨,2017-01-07,288,204~356,重度污染,237.7,275.1,112.4,3.167,123.7,47,0
哈尔滨,2017-01-08,343,234~484,严重污染,298,351.6,99.2,3.504,132.1,49,0
哈尔滨,2017-01-09,77,26~226,良,56.2,70.7,42.4,1.292,44.5,70,0
哈尔滨,2017-01-10,41,23~89,优,28.1,36,31.5,1.321,37.7,58,0
哈尔滨,2017-01-11,56,27~90,良,39.1,51.4,35.3,1.404,48,65,0
哈尔滨,2017-01-12,69,25~143,良,49.8,67.2,40.7,1.558,49.2,63,0
哈尔滨,2017-01-13,50,32~79,优,28.8,48.4,34,0.892,40.4,59,0
哈尔滨,2017-01-14,45,29~64,优,30.1,42.8,42.7,0.875,42.1,61,0
哈尔滨,2017-01-15,72,26~202,良,51.9,68.3,50.7,1.242,54.2,56,0
哈尔滨,2017-01-16,229,108~405,重度污染,183.5,204,79.6,2.671,94.2,53,0
哈尔滨,2017-01-17,318,183~454,严重污染,271,287.2,105,3.278,127.1,37,0
哈尔滨,2017-01-18,228,97~368,重度污染,184.8,212.7,66,1.742,88.4,64,0
哈尔滨,2017-01-19,194,138~329,中度污染,152.9,179.3,71.9,1.638,80.3,45,0
哈尔滨,2017-01-20,176,88~285,中度污染,137.7,171.1,55.2,1.554,69,62,0
哈尔滨,2017-01-21,121,79~176,轻度污染,91.5,112.5,68.7,1.375,64.3,44,0
哈尔滨,2017-01-22,88,50~123,良,65.5,71.3,45.3,0.958,48.6,62,0
哈尔滨,2017-01-23,107,62~186,轻度污染,80,92.5,50.2,1.246,57.2,71,0
哈尔滨,2017-01-24,173,119~229,中度污染,131.8,154.2,71.6,1.821,75.3,82,0
哈尔滨,2017-01-25,143,89~172,轻度污染,108.7,138.9,84.9,1.329,67,84,0
哈尔滨,2017-01-26,88,43~169,良,61.9,93.2,48.3,1.175,41.3,78,0
哈尔滨,2017-01-27,50,24~185,良,32.4,49.4,38.3,1.379,28.9,81,0
哈尔滨,2017-01-28,265,179~402,重度污染,212.3,227.1,96.6,2.217,60.4,66,0
哈尔滨,2017-01-29,103,36~242,轻度污染,77.5,91.2,54,1.583,44.3,78,0
哈尔滨,2017-01-30,72,42~100,良,52.3,64.3,43.1,1.625,39.4,74,0
哈尔滨,2017-01-31,74,52~100,良,53.4,69.6,48.6,1.467,40.8,81,0
