庆阳,2014-12-31,134,81~207,轻度污染,90.7,155,98,2.5,30.1,70,442
庆阳,2015-01-01,130,103~191,轻度污染,84.4,190.7,136.3,2.7,36.5,66,468
庆阳,2015-01-02,112,86~147,轻度污染,77.5,157.5,97.2,2.658,33.8,61,253
庆阳,2015-01-03,144,94~235,轻度污染,109,159.5,134.1,3.179,42.8,83,246
庆阳,2015-01-04,119,96~142,轻度污染,72.3,157.5,65.8,2.625,23.2,92,149
庆阳,2015-01-05,89,63~114,良,34.9,125.1,57.2,2.359,16.9,69,120
庆阳,2015-01-06,71,58~108,良,39.4,84,54.6,2.555,19,62,193
庆阳,2015-01-07,79,54~131,良,53.8,95.5,76,3.013,23.5,72,181
庆阳,2015-01-08,99,54~158,良,46.9,138.4,101.7,3.01,24.9,78,191
庆阳,2015-01-09,86,63~157,良,56.4,108.8,79.8,3.261,29.1,79,130
庆阳,2015-01-10,102,71~215,轻度污染,75.1,114.8,79.2,3.438,39.8,83,155
庆阳,2015-01-11,101,60~228,轻度污染,72.4,110.9,106.4,3.739,39.8,88,174
庆阳,2015-01-12,169,92~227,中度污染,127.6,175.7,125.7,3.575,39.3,92,309
庆阳,2015-01-13,241,206~288,重度污染,190,224.3,102.8,4.275,42.1,82,355
庆阳,2015-01-14,112,78~285,轻度污染,72,139.1,112.8,3.674,33.8,89,218
庆阳,2015-01-15,96,54~199,良,59.5,113,95.8,2.887,25.4,85,162
庆阳,2015-01-16,71,44~138,良,40.6,82.8,103.1,2.3,29.2,83,111
庆阳,2015-01-17,89,67~120,良,62.3,107.4,66.1,2.15,28.8,72,166
庆阳,2015-01-18,66,49~96,良,30.7,79.8,121.6,2.175,24.6,85,83
庆阳,2015-01-19,78,64~113,良,38.7,103.8,101.1,2.048,28.6,85,136
庆阳,2015-01-20,88,60~192,良,33.3,122,52.6,1.833,13.1,81,144
庆阳,2015-01-21,91,62~135,良,33.2,129.1,83.3,2.087,21.4,82,167
庆阳,2015-01-22,93,61~174,良,45.9,125.5,105,2.388,32.5,88,154
庆阳,2015-01-23,114,82~148,轻度污染,84.7,151.3,126.2,2.87,39.1,94,164
庆阳,2015-01-24,91,59~127,良,56.8,103.8,85.5,2.591,26.7,84,120
庆阳,2015-01-25,144,80~342,轻度污染,101.7,199.5,118.7,3.242,39.3,83,202
庆阳,2015-01-26,135,66~217,轻度污染,85.4,162,96.6,2.764,30,86,192
庆阳,2015-01-27,71,45~111,良,31.8,79.5,51.5,2.413,18,64,191
庆阳,2015-01-28,90,71~109,良,66.3,75.4,85.2,3.165,27.2,43,305
庆阳,2015-01-29,68,58~80,良,32.5,82.4,109.4,2.723,17.8,81,209
庆阳,2015-01-30,73,52~125,良,45.8,77,78.8,2.765,18.2,87,194
庆阳,2015-01-31,81,58~127,良,59.1,79.8,78.5,2.838,20.3,83,227
庆阳,2015-02-01,184,137~213,中度污染,138.4,152.1,151.2,3.508,29.8,75,346
庆阳,2015-02-02,181,135~247,中度污染,138.3,155.8,130.7,3.8,30.5,85,325
庆阳,2015-02-03,131,83~267,轻度污染,99,123.9,108.4,3.583,26.8,96,223
庆阳,2015-02-04,60,41~106,良,33.8,61.8,112,3.004,20.1,89,103
庆阳,2015-02-05,69,34~196,良,29.6,84,128.1,3.296,24.5,91,137
庆阳,2015-02-06,75,44~146,良,45,91,127.9,3.483,27.3,90,116
庆阳,2015-02-07,62,46~103,良,34.8,68,72.9,3.204,17.5,90,84
庆阳,2015-02-08,83,62~114,良,51,107.6,95.9,3.492,23.6,92,218
庆阳,2015-02-09,109,88~147,轻度污染,81.5,129,92.9,3.663,31.5,105,276
庆阳,2015-02-10,109,74~159,轻度污染,67.6,134.6,86.5,3.396,25.1,105,220
庆阳,2015-02-11,177,57~340,中度污染,50.7,267.1,50.5,2.765,18.7,93,268
庆阳,2015-02-12,79,61~145,良,29.3,103.8,71.4,2.083,22.7,93,131
庆阳,2015-02-13,76,38~108,良,38.4,100.2,64.6,1.413,28.4,102,123
庆阳,2015-02-14,145,78~500,轻度污染,72.8,198.8,62.2,1.354,28.6,127,191
庆阳,2015-02-15,112,66~298,轻度污染,36,165.8,29.9,0.896,12,86,202
庆阳,2015-02-16,73,52~125,良,33.7,93.2,40.5,1.217,21,91,105
庆阳,2015-02-17,84,68~120,良,48.7,114.1,30.8,1.254,26.5,124,171
庆阳,2015-02-18,155,84~231,中度污染,114.8,187.6,48.1,1.667,29.1,102,296
庆阳,2015-02-19,159,120~226,中度污染,120.4,170.9,29.9,1.704,24.5,77,279
庆阳,2015-02-20,156,80~208,中度污染,113.4,188.4,28.2,1.706,21.8,69,329
庆阳,2015-02-21,96,45~143,良,34,139.6,50,1.3,14.3,91,256
庆阳,2015-02-22,143,85~197,轻度污染,59.1,232.6,18.1,1.283,11.8,84,285
庆阳,2015-02-23,107,54~163,轻度污染,52.3,161.9,48,1.55,18.3,98,275
庆阳,2015-02-24,81,48~126,良,43.7,106.2,57.7,1.591,20.6,84,209
庆阳,2015-02-25,126,92~181,轻度污染,44,198.6,35.2,1.464,15.1,95,308
庆阳,2015-02-26,119,91~129,轻度污染,61.7,186.1,37.5,1.773,23.3,90,318
庆阳,2015-02-27,101,40~165,轻度污染,74.5,105.8,19.5,2.138,22.8,100,297
庆阳,2015-02-28,66,54~81,良,30.7,74.9,34.2,1.917,16.6,85,259
庆阳,2015-03-01,71,47~121,良,38,84.5,54,2.221,26.8,89,220
庆阳,2015-03-02,141,58~500,轻度污染,50.6,202.8,47.8,2.009,20.1,90,260
庆阳,2015-03-03,133,41~500,轻度污染,41.1,185.5,23.1,1.508,15.3,90,250
庆阳,2015-03-04,67,48~122,良,35.5,74.4,24.4,0.8,19.8,72,208
庆阳,2015-03-05,97,74~142,良,72.2,87.5,40.8,0.917,26.6,94,313
庆阳,2015-03-06,121,92~174,轻度污染,90.8,128.5,55.8,1.175,35,91,312
庆阳,2015-03-07,132,74~200,轻度污染,98.7,140.5,77.8,1.5,42.1,88,313
庆阳,2015-03-08,80,56~163,良,34.2,103.3,55,0.813,23.5,114,213
庆阳,2015-03-09,71,56~93,良,29.4,87.8,34.7,0.663,19.3,90,201
庆阳,2015-03-10,75,56~119,良,48.3,82.2,30,0.961,27.7,73,222
庆阳,2015-03-11,95,67~174,良,63.4,108.6,44.1,1.145,30.6,114,264
庆阳,2015-03-12,116,82~202,轻度污染,75.8,163.3,73.1,1.331,44.5,138,275
庆阳,2015-03-13,83,57~139,良,37.8,111.6,62.2,0.975,28.3,122,202
庆阳,2015-03-14,132,89~164,轻度污染,52.8,211.5,30.6,0.763,17.7,109,283
庆阳,2015-03-15,143,114~170,轻度污染,78.7,228.7,31.7,1.122,31.3,117,293
庆阳,2015-03-16,118,76~147,轻度污染,88.5,143,38.4,1.348,32.9,128,254
庆阳,2015-03-17,91,61~135,良,44.2,119.3,23.6,1.029,21.8,141,232
庆阳,2015-03-18,61,46~98,良,34,67,24.6,1.161,20.1,101,161
庆阳,2015-03-19,66,54~117,良,33.1,77.6,23.9,1.274,18.7,104,154
庆阳,2015-03-20,81,56~130,良,37,108.5,29.8,1.329,24,117,199
庆阳,2015-03-21,91,68~133,良,37.6,129.1,20.9,1.204,26.6,112,231
庆阳,2015-03-22,82,61~131,良,43.6,106.1,21.5,1.358,27.1,113,192
庆阳,2015-03-23,72,56~123,良,29.9,90.2,17.7,1.146,20.8,108,183
庆阳,2015-03-24,67,27~119,良,44.8,66.6,12.3,1.274,20.3,97,206
庆阳,2015-03-25,36,30~48,优,21,21.4,7.7,1.454,14.5,77,14
庆阳,2015-03-26,43,31~66,优,28.2,35.2,8.9,1.567,20.6,91,62
庆阳,2015-03-27,58,37~87,良,35.7,51,11.2,1.657,21.1,97,129
庆阳,2015-03-28,105,63~172,轻度污染,48,153.7,20.7,1.833,28.7,104,241
庆阳,2015-03-29,97,74~136,良,43.3,141.3,16.1,1.422,25.7,147,206
庆阳,2015-03-30,70,63~85,良,43.1,87,15.6,1.496,23.9,134,163
庆阳,2015-03-31,108,75~146,轻度污染,80.5,115.7,20,1.821,33.3,97,281
庆阳,2015-04-01,100,23~322,轻度污染,60,109.1,10.8,1.822,17.6,89,201
庆阳,2015-04-02,315,93~500,严重污染,133.7,440.5,9.9,1.721,15,130,356
庆阳,2015-04-03,135,40~227,轻度污染,76.7,216.4,9.5,1.775,15.5,99,309
庆阳,2015-04-04,68,36~91,良,36,83.8,10.1,1.704,13.2,71,196
庆阳,2015-04-05,44,32~64,优,16.3,35.6,11,1.554,10.5,113,90
庆阳,2015-04-06,61,52~70,良,22.5,68.6,10.8,1.538,13.9,112,228
庆阳,2015-04-07,63,45~86,良,42.7,67.2,12,1.783,18,101,258
庆阳,2015-04-08,75,58~119,良,53.6,78.6,11.6,1.962,22.3,92,268
庆阳,2015-04-09,69,59~82,良,29.6,82.6,14,1.8,19.6,120,227
庆阳,2015-04-10,67,53~75,良,27.2,74.9,16,1.786,23.7,138,189
庆阳,2015-04-11,110,47~432,轻度污染,30.3,154,15.2,1.65,29.8,115,242
庆阳,2015-04-12,104,56~462,轻度污染,28.8,141.5,11.7,1.686,29.1,115,238
庆阳,2015-04-13,59,45~76,良,19.6,53,11.8,1.79,28.3,122,143
庆阳,2015-04-14,74,48~179,良,34.7,71.7,19.1,2.079,30.8,166,166
庆阳,2015-04-15,114,55~243,轻度污染,39.3,173.6,14.5,1.942,25.1,126,217
庆阳,2015-04-16,226,118~500,重度污染,76.9,367.9,8.4,1.796,18.2,122,334
庆阳,2015-04-17,125,93~150,轻度污染,49.6,197.1,17.5,1.904,19.8,131,280
庆阳,2015-04-18,83,45~140,良,42,111.5,9.9,1.9,13.4,96,173
庆阳,2015-04-19,52,36~80,良,14.7,48,13.9,1.992,13.2,110,126
庆阳,2015-04-20,53,35~60,良,26.5,47.8,8,1.932,13.5,111,136
庆阳,2015-04-21,56,45~93,良,14.8,42.3,10,1.85,11,125,139
庆阳,2015-04-22,62,48~99,良,26.5,65.7,13,2.01,17.7,125,141
庆阳,2015-04-23,59,44~80,良,23.5,58.6,11,1.983,20.7,140,103
庆阳,2015-04-24,64,45~88,良,28.6,68.9,15.2,2.205,20.6,149,119
庆阳,2015-04-25,70,49~100,良,25.6,58.2,13,2.152,15.4,166,133
庆阳,2015-04-26,69,51~108,良,30.5,69.2,11.1,2.164,16,138,113
庆阳,2015-04-27,61,50~74,良,19.8,56.9,13,2.113,15.3,147,96
庆阳,2015-04-28,67,57~78,良,20.8,74.7,13.2,2.019,13.3,139,159
庆阳,2015-04-29,83,69~95,良,33.4,89.8,14.3,2.271,20,177,229
庆阳,2015-04-30,127,78~308,轻度污染,65.2,176.8,14.1,2.341,18.8,148,258
庆阳,2015-05-01,58,44~105,良,25,64.6,9.7,2.174,11.9,112,132
庆阳,2015-05-02,67,46~100,良,28.2,69.9,11.7,2.352,19.9,134,228
庆阳,2015-05-03,63,56~73,良,16.2,43.9,9.7,2.205,18.1,140,179
庆阳,2015-05-04,63,46~81,良,20.4,66.8,10.2,2.208,25.6,146,179
庆阳,2015-05-05,71,63~76,良,29.4,74.4,12.3,2.3,28.3,135,189
庆阳,2015-05-06,124,53~410,轻度污染,41.2,159.2,12,2.357,26.1,137,205
庆阳,2015-05-07,180,55~304,中度污染,69.1,283.7,12.7,2.344,22.2,115,334
庆阳,2015-05-08,75,66~85,良,26.9,92.2,11.1,2.4,21.4,139,253
庆阳,2015-05-09,79,60~117,良,28.7,104.1,7.6,2.291,18,126,264
庆阳,2015-05-10,89,54~500,良,28.1,105.1,8.2,2.326,17,123,202
庆阳,2015-05-11,72,53~97,良,17.1,87,8.5,1.713,17,124,273
庆阳,2015-05-12,64,41~94,良,21.6,67,11.4,1.109,22.3,149,199
庆阳,2015-05-13,77,57~95,良,28,85.5,11.6,1.1,21.4,168,219
庆阳,2015-05-14,76,53~92,良,25.3,97.7,11,1.029,16.9,112,209
庆阳,2015-05-15,83,45~132,良,29,113.2,12.1,1.055,13.9,125,248
庆阳,2015-05-16,82,64~103,良,30.2,110,10.4,1.105,17.3,147,243
庆阳,2015-05-17,61,47~77,良,23.6,60.2,8,1.067,16.8,137,138
庆阳,2015-05-18,173,77~500,中度污染,57.2,258,8.5,1.027,16.8,143,305
庆阳,2015-05-19,91,71~108,良,35.3,118.1,11,1.178,14.6,162,264
庆阳,2015-05-20,67,56~96,良,19.4,60.8,14.1,0.936,10.3,157,209
庆阳,2015-05-21,66,50~100,良,16.2,25.8,6.1,0.763,7.6,164,191
庆阳,2015-05-22,61,45~86,良,20.2,48.3,7.5,1.027,16.2,159,159
庆阳,2015-05-23,72,49~99,良,27.2,53.3,8,0.939,18.2,162,199
庆阳,2015-05-24,93,88~100,良,26.8,54.1,9.1,0.878,15.8,171,253
庆阳,2015-05-25,85,76~91,良,26,58.9,11.3,0.878,13.9,160,216
庆阳,2015-05-26,68,57~86,良,23.9,44.8,8.3,0.88,13.8,145,163
庆阳,2015-05-27,80,61~109,良,28,57,11.1,1,17.2,180,210
庆阳,2015-05-28,80,54~103,良,32.4,77.3,9.8,0.886,9.7,165,221
庆阳,2015-05-29,58,45~95,良,23,53.3,10,0.948,8.9,127,174
庆阳,2015-05-30,63,45~78,良,22,59.6,8.9,0.959,16.2,131,212
庆阳,2015-05-31,55,45~70,良,27.2,46.2,7.2,1.048,18.6,110,118
庆阳,2015-06-01,49,32~56,优,14.2,31.8,5.2,0.852,11.4,120,97
庆阳,2015-06-02,61,39~77,良,21.9,70.5,8.5,0.629,18.4,106,200
庆阳,2015-06-03,63,49~97,良,34.8,40.4,4.3,0.852,16.3,106,234
庆阳,2015-06-04,102,48~406,轻度污染,29.5,136,3.6,0.495,7,109,263
庆阳,2015-06-05,92,60~155,良,31,123.6,4.9,0.518,13.8,138,283
庆阳,2015-06-06,65,48~81,良,20.9,70.8,5.6,0.64,13.2,140,182
庆阳,2015-06-07,68,56~93,良,26.7,77.9,6.3,0.674,12.1,127,235
庆阳,2015-06-08,68,60~83,良,21.3,77.7,5.8,0.629,11.1,126,264
庆阳,2015-06-09,63,53~76,良,17.2,56.1,4.3,0.645,10.5,138,200
庆阳,2015-06-10,107,55~200,轻度污染,39.5,157,4,0.59,6.8,109,289
庆阳,2015-06-11,70,38~113,良,22.5,83,4.7,0.604,9.1,111,211
庆阳,2015-06-12,61,36~125,良,18.7,65.7,10.5,0.843,19.5,119,161
庆阳,2015-06-13,54,45~61,良,10.2,45.2,6.1,0.682,10.3,115,157
庆阳,2015-06-14,73,42~106,良,19.6,64.4,8.7,0.835,15.5,168,229
庆阳,2015-06-15,64,50~99,良,27.3,37,3.8,0.987,9.3,141,185
庆阳,2015-06-16,52,47~57,良,27.9,40.4,3,0.8,10.3,114,138
庆阳,2015-06-17,51,36~68,良,21.7,50.9,5.6,0.952,14.3,121,151
庆阳,2015-06-18,62,50~78,良,20.9,45.3,6.3,0.711,12.4,135,222
庆阳,2015-06-19,65,55~72,良,33,61.8,7.6,0.871,16.4,135,225
庆阳,2015-06-20,55,43~69,良,27.8,52.3,5.2,0.806,15.2,101,171
庆阳,2015-06-21,84,60~114,良,60.8,79.6,3.9,0.938,12.8,128,263
庆阳,2015-06-22,66,52~82,良,43.3,68.7,6.5,0.991,15.4,131,211
庆阳,2015-06-23,51,42~86,良,23.8,29.9,3.2,1.083,10.2,105,144
庆阳,2015-06-24,35,30~41,优,7.8,15.5,3,1.142,9.1,77,98
庆阳,2015-06-25,37,27~56,优,12.7,31.3,3.3,0.991,10,101,123
庆阳,2015-06-26,42,38~54,优,18.8,35.8,2.8,1.004,12.3,89,128
庆阳,2015-06-27,33,30~38,优,8.1,13.2,2.8,0.958,7.3,77,78
庆阳,2015-06-28,31,28~35,优,11.5,16.8,2.4,0.95,8,68,57
庆阳,2015-06-29,47,25~72,优,20.8,44.4,4.3,1.025,7.6,78,157
庆阳,2015-06-30,79,53~108,良,35.4,103.5,4.8,0.841,7,105,292
庆阳,2015-07-01,54,40~67,良,13.9,46.1,7.9,0.73,13,118,200
庆阳,2015-07-02,62,42~109,良,23.5,73.9,10.3,0.939,24,105,214
庆阳,2015-07-03,54,40~78,良,21.7,55.1,8,0.882,14.5,122,180
庆阳,2015-07-04,85,48~149,良,58.8,84.9,6.5,1.033,14,136,278
庆阳,2015-07-05,66,45~94,良,36.8,64.8,6,0.917,14,118,231
庆阳,2015-07-06,58,48~70,良,27.6,48.4,4.7,0.85,10.8,125,203
庆阳,2015-07-07,60,48~66,良,29.8,53.9,5.5,0.854,10.3,119,196
庆阳,2015-07-08,70,57~106,良,40.9,69.8,7.6,0.965,12.3,148,220
庆阳,2015-07-09,84,63~108,良,58.7,88.5,8.6,1.158,12.3,137,263
庆阳,2015-07-10,85,55~122,良,60.3,88.2,6.4,1.117,15,153,275
庆阳,2015-07-11,79,54~108,良,51.7,76.1,6.3,1.083,11.4,129,266
庆阳,2015-07-12,73,52~319,良,33.5,72.3,6.8,0.992,9.4,127,196
庆阳,2015-07-13,87,39~167,良,35,111.5,6.6,0.846,9.2,127,204
庆阳,2015-07-14,72,51~103,良,25.9,87.9,7,1.013,10.3,146,181
庆阳,2015-07-15,52,42~66,良,16.6,42,5,0.959,11.2,123,132
庆阳,2015-07-16,57,48~65,良,24.2,46.1,4.8,0.947,9.6,121,175
庆阳,2015-07-17,53,39~96,良,18.2,42,4.7,0.767,10.7,128,156
庆阳,2015-07-18,67,43~89,良,37.2,53.3,4.6,0.705,8.7,124,225
庆阳,2015-07-19,50,42~62,优,9.7,28.7,4.6,0.548,10.3,122,128
庆阳,2015-07-20,53,32~75,良,27,43.1,6,0.726,12.1,107,151
庆阳,2015-07-21,40,26~52,优,19.4,39.7,6.7,0.754,12.8,116,106
庆阳,2015-07-22,33,23~53,优,11,31.2,7.8,0.704,13,118,85
庆阳,2015-07-23,32,24~53,优,11.9,26.7,9,0.654,10.4,112,98
庆阳,2015-07-24,39,26~65,优,13.9,40.1,7.9,0.667,16,102,121
庆阳,2015-07-25,46,22~73,优,16.8,47.7,12.9,0.85,21.3,149,146
庆阳,2015-07-26,55,37~69,良,20.2,60.5,14.3,0.775,16,157,181
庆阳,2015-07-27,50,40~57,良,25.4,51.6,8.4,0.875,12.8,136,151
庆阳,2015-07-28,45,32~57,优,21.5,43.8,6.6,0.858,11.5,118,139
庆阳,2015-07-29,44,30~59,优,21.6,43.5,6.3,1.054,12.6,123,144
庆阳,2015-07-30,43,34~55,优,23.4,42.5,5.7,1.121,12.2,120,155
庆阳,2015-07-31,40,29~53,优,19.7,40.4,6.7,1.067,14.3,106,144
庆阳,2015-08-01,44,30~66,优,23.9,44.6,6.6,0.858,10,100,146
庆阳,2015-08-02,45,21~88,优,20.7,45.3,5.6,0.646,8.7,117,143
庆阳,2015-08-03,24,17~40,优,9.4,17,4.3,0.692,8.5,86,43
庆阳,2015-08-04,35,20~67,优,10.6,33.1,7.4,0.867,17.5,102,104
庆阳,2015-08-05,36,20~54,优,9,29.3,6.1,0.65,13.1,117,94
庆阳,2015-08-06,39,28~56,优,15,34.9,12,0.704,14.7,119,106
庆阳,2015-08-07,45,34~54,优,22.8,43.8,10.3,0.692,11.8,124,130
庆阳,2015-08-08,56,45~72,良,35.8,56.4,7.9,0.875,14.2,112,232
庆阳,2015-08-09,49,31~74,优,32.6,46.8,7,0.85,11.5,107,203
庆阳,2015-08-10,51,28~65,良,34.2,43.4,5.5,0.965,11,106,222
庆阳,2015-08-11,36,26~56,优,18.6,33.2,4.8,0.746,7.9,100,114
庆阳,2015-08-12,28,19~44,优,12.4,23.2,5.5,0.875,10.8,80,42
庆阳,2015-08-13,49,28~78,优,20.7,55.1,8,0.746,8,94,138
庆阳,2015-08-14,35,23~64,优,12.9,34.7,6.3,0.592,12.3,91,78
庆阳,2015-08-15,37,27~54,优,13.3,35.8,8.1,0.638,16.2,104,94
庆阳,2015-08-16,87,32~432,良,30.3,101,9.1,0.604,13.1,130,144
庆阳,2015-08-17,127,66~380,轻度污染,54.7,187.2,6.3,0.573,11.5,96,286
庆阳,2015-08-18,96,79~125,良,54.8,141.9,9.1,0.86,19.1,99,314
庆阳,2015-08-19,51,28~76,良,23.3,57.7,8.5,0.683,19.4,84,182
庆阳,2015-08-20,40,26~63,优,11.3,40.6,11.4,0.646,17,88,125
庆阳,2015-08-21,41,23~80,优,15.3,41.8,11.4,0.75,19.4,106,98
庆阳,2015-08-22,42,26~58,优,15.3,42,11.2,0.688,20.1,118,100
庆阳,2015-08-23,43,29~69,优,16.1,44.5,9.1,0.692,19,109,117
庆阳,2015-08-24,38,25~48,优,17,36.3,8.3,0.675,16.1,130,99
庆阳,2015-08-25,47,39~57,优,26.7,45.9,9.9,0.804,15.9,140,137
庆阳,2015-08-26,46,33~77,优,24.4,45.7,6.4,0.735,14.8,128,113
庆阳,2015-08-27,47,30~71,优,26.1,46.9,9.6,0.817,18.2,144,122
庆阳,2015-08-28,53,29~77,良,30,52.1,10.9,0.971,18.3,133,153
庆阳,2015-08-29,40,27~62,优,16.1,39.5,10.5,0.954,23.4,145,108
庆阳,2015-08-30,49,30~78,优,20.5,50.4,10.3,0.85,18.4,136,141
庆阳,2015-08-31,34,28~42,优,12.6,30.4,8.5,0.821,17.4,120,78
庆阳,2015-09-01,37,22~51,优,15.5,35.3,8.7,0.808,19.8,123,102
庆阳,2015-09-02,48,32~67,优,29,49.2,7,0.825,17.8,126,177
庆阳,2015-09-03,43,27~62,优,29.6,37.6,3.3,0.925,10.8,113,155
庆阳,2015-09-04,29,19~54,优,7.6,18.3,4.8,0.779,12.5,102,77
庆阳,2015-09-05,41,25~67,优,14,42,5.8,0.642,14,104,153
庆阳,2015-09-06,35,27~46,优,9.2,30,7.7,0.704,14.8,103,100
庆阳,2015-09-07,43,25~64,优,23,40.2,6.3,0.775,15.5,128,132
庆阳,2015-09-08,38,22~67,优,25.7,32.3,2.1,0.963,13,104,99
庆阳,2015-09-09,19,17~22,优,7.6,14.1,3.6,0.921,12.2,64,14
庆阳,2015-09-10,18,14~23,优,8.9,13.9,2.9,0.842,9.8,70,18
庆阳,2015-09-11,24,15~40,优,5.7,21.7,4.7,0.642,8.9,86,48
庆阳,2015-09-12,28,20~46,优,9.7,26,6.6,0.704,14,91,75
庆阳,2015-09-13,35,26~55,优,14.8,34.1,6.4,0.754,17.6,92,66
庆阳,2015-09-14,36,24~48,优,15.5,36.1,5.4,0.775,16.9,103,43
庆阳,2015-09-15,45,34~54,优,24.1,44.7,7.4,0.863,16,98,92
庆阳,2015-09-16,56,52~63,良,36.6,60,8.2,0.963,20.3,104,156
庆阳,2015-09-17,53,32~72,良,37.5,48.5,4.9,1.15,19.3,108,134
庆阳,2015-09-18,36,23~53,优,20.4,34.7,3.6,0.971,19.1,82,60
庆阳,2015-09-19,36,25~57,优,24.3,32.8,2.4,0.992,19.7,68,76
庆阳,2015-09-20,59,49~63,良,35.4,66.8,5.4,0.963,23.6,114,201
庆阳,2015-09-21,55,40~74,良,34.8,56.8,4.8,0.875,20.9,107,160
庆阳,2015-09-22,51,20~126,良,16.5,59.8,4.6,0.667,13.5,82,159
庆阳,2015-09-23,34,21~51,优,14.6,32.2,4.3,0.8,20.1,73,85
庆阳,2015-09-24,26,15~44,优,12.3,20.7,5.2,0.821,18.6,94,45
庆阳,2015-09-25,32,21~44,优,13,31,6.4,0.788,18.5,93,70
庆阳,2015-09-26,41,32~59,优,23.5,38.1,5.4,0.879,20.1,116,113
庆阳,2015-09-27,52,32~64,良,36.3,46.3,4.6,1.029,19.5,110,161
庆阳,2015-09-28,33,14~67,优,18.8,27.2,3.5,1.008,14.3,92,81
庆阳,2015-09-29,50,35~72,优,34.9,39,2.7,1.096,16.1,88,178
庆阳,2015-09-30,36,16~80,优,20.3,33.4,2.5,0.775,11.1,76,100
庆阳,2015-10-01,217,70~500,重度污染,79.5,299.6,5.7,0.479,13.8,81,324
庆阳,2015-10-02,80,58~110,良,46.1,109.7,10.7,0.929,36.9,81,256
庆阳,2015-10-03,71,54~117,良,44.3,88.9,12.5,1.267,45,75,200
庆阳,2015-10-04,48,26~77,优,25.9,53.6,8.5,0.858,32.3,89,125
庆阳,2015-10-05,46,22~69,优,26.7,47.9,9.1,0.842,27.2,82,127
庆阳,2015-10-06,50,29~72,优,33.3,50,8.9,0.925,27.4,79,148
庆阳,2015-10-07,42,25~72,优,23.2,43.4,11.5,1.025,26.1,90,128
庆阳,2015-10-08,41,21~63,优,15.7,41.8,5.1,0.579,14.8,68,137
庆阳,2015-10-09,33,10~59,优,14.9,33.1,7.8,0.8,20.6,78,76
庆阳,2015-10-10,31,21~42,优,10.3,29.3,10.9,0.6,18.1,82,73
庆阳,2015-10-11,27,18~46,优,12.5,24.1,11.8,0.746,22.3,90,53
庆阳,2015-10-12,33,21~46,优,15.4,30.9,9.7,0.65,25.6,106,49
庆阳,2015-10-13,48,40~54,优,31.3,47.6,18.2,0.833,37.5,93,72
庆阳,2015-10-14,46,29~74,优,28.6,41.7,11.2,0.863,32.9,100,45
庆阳,2015-10-15,53,32~89,良,33.1,51.8,14.9,0.85,30.6,123,66
庆阳,2015-10-16,49,38~60,优,33,49.5,17.2,0.804,29.2,110,42
庆阳,2015-10-17,48,31~58,优,21.5,49.6,13,0.563,21,96,50
庆阳,2015-10-18,50,27~89,良,30,39.5,11.5,0.567,26.1,92,109
庆阳,2015-10-19,83,59~124,良,60.8,78.5,17.2,0.913,35.9,104,199
庆阳,2015-10-20,59,34~102,良,39.4,57.1,9,1.025,25.8,106,99
庆阳,2015-10-21,58,40~67,良,32.5,65.2,16.3,0.958,25.7,114,104
庆阳,2015-10-22,22,13~42,优,11.6,21.4,6,0.663,18.8,54,13
庆阳,2015-10-23,22,12~36,优,12.9,21.4,5.9,0.775,19.7,42,6
庆阳,2015-10-24,14,10~18,优,8.5,11.6,3.5,0.825,15.5,44,2
庆阳,2015-10-25,17,15~20,优,7.2,10.8,5.5,1.192,15.8,60,5
庆阳,2015-10-26,25,14~38,优,9.1,23.8,8.1,0.508,13.4,80,25
庆阳,2015-10-27,35,18~67,优,15.3,36.6,14.2,0.813,28.2,65,63
庆阳,2015-10-28,33,20~60,优,16.4,33,22.4,0.829,31.9,71,51
庆阳,2015-10-29,30,17~56,优,11.8,30.5,17.8,0.621,23.7,73,46
庆阳,2015-10-30,18,14~28,优,8.4,16.3,16.5,0.5,19.4,50,9
庆阳,2015-10-31,17,11~26,优,9.7,15.7,10,0.588,17.7,52,12
庆阳,2015-11-01,25,13~36,优,11.9,23.3,33,0.796,28.4,66,35
庆阳,2015-11-02,34,22~43,优,19,33.6,34.6,0.883,32.3,66,44
庆阳,2015-11-03,35,22~48,优,19.2,35.1,39.5,0.946,33,68,30
庆阳,2015-11-04,47,34~67,优,30.2,48.8,44.8,1.221,41.3,40,59
庆阳,2015-11-05,39,15~60,优,26.4,35.8,31.5,1.263,33.5,42,63
庆阳,2015-11-06,14,10~23,优,6.5,9.5,26,1.175,22.8,40,7
庆阳,2015-11-07,31,12~59,优,14.9,26,70.8,1.088,25,32,77
庆阳,2015-11-08,50,35~64,优,28.2,53,51.1,1.175,26.4,59,128
庆阳,2015-11-09,63,39~132,良,39.9,57.4,57.6,1.4,35.2,47,140
庆阳,2015-11-10,52,32~67,良,28.5,54.4,28.7,1.308,25.6,49,109
庆阳,2015-11-11,30,20~59,优,20,28.8,9.8,1.529,15.5,30,40
庆阳,2015-11-12,20,13~30,优,13,18.9,7.5,1.421,14.2,40,25
庆阳,2015-11-13,23,14~42,优,14.8,20.5,9,1.492,13.2,26,33
庆阳,2015-11-14,19,12~42,优,11.7,17.6,8.4,1.417,12.8,33,11
庆阳,2015-11-15,39,23~57,优,21.7,39.2,53,1.467,26.5,56,59
庆阳,2015-11-16,43,28~54,优,28.9,40.5,71.2,1.396,32.3,44,94
庆阳,2015-11-17,46,23~59,优,30.5,42.4,71.8,1.638,29,34,124
庆阳,2015-11-18,31,20~51,优,16,24.8,70,1.792,25,24,67
庆阳,2015-11-19,38,14~72,优,20.2,39.2,46,1.625,21.7,32,70
庆阳,2015-11-20,58,34~109,良,40.6,53.6,64.5,1.767,23.8,26,142
庆阳,2015-11-21,33,15~59,优,22,25.9,46.3,1.679,21.3,22,58
庆阳,2015-11-22,41,28~62,优,27.8,35.3,52,1.842,25.5,14,127
庆阳,2015-11-23,51,22~84,良,35.8,39.5,61.8,1.9,23.3,21,196
庆阳,2015-11-24,37,12~65,优,20.8,32.5,59.1,0.875,16.9,48,148
庆阳,2015-11-25,44,30~62,优,18.9,45.3,39.1,0.583,14.8,62,156
庆阳,2015-11-26,51,24~82,良,30.8,58.1,66,0.796,25.8,61,169
庆阳,2015-11-27,63,36~100,良,40.4,73.7,88.1,1.046,35,64,156
庆阳,2015-11-28,72,35~192,良,40.6,90.1,86.3,1.1,38.4,58,132
庆阳,2015-11-29,88,48~207,良,57.8,100,80.5,1.575,38.9,78,166
庆阳,2015-11-30,97,50~183,良,72.3,96.2,75.9,1.638,37.4,68,198
庆阳,2015-12-01,115,44~425,轻度污染,33.7,151.3,41.1,0.642,13.1,60,192
庆阳,2015-12-02,70,32~135,良,21.3,92,30.8,0.483,8.5,62,164
庆阳,2015-12-03,37,19~67,优,15.1,34.6,72.4,0.721,16.8,53,83
庆阳,2015-12-04,42,14~66,优,22.3,42.4,81.2,0.875,19.5,58,101
庆阳,2015-12-05,65,52~94,良,45.5,72.7,104,1.071,29.5,32,196
庆阳,2015-12-06,82,51~134,良,60,82.1,109.5,1.3,35.1,52,219
庆阳,2015-12-07,107,67~195,轻度污染,79.8,101.2,109,1.767,35.8,66,230
庆阳,2015-12-08,184,99~235,中度污染,140.5,170.3,95.6,1.608,39.7,59,295
庆阳,2015-12-09,121,72~211,轻度污染,90.8,126.5,52.5,1.55,27.5,27,255
庆阳,2015-12-10,59,29~77,良,41.6,58.8,60.3,1.229,20.5,33,129
庆阳,2015-12-11,63,29~107,良,45,59.3,61.3,1.317,24,33,149
庆阳,2015-12-12,105,64~142,轻度污染,78.6,94.6,75.2,1.554,24.9,44,247
庆阳,2015-12-13,28,16~56,优,13.8,22.8,53.8,0.788,10.3,53,26
庆阳,2015-12-14,32,16~55,优,17.1,31.1,49.2,0.813,12.2,60,46
庆阳,2015-12-15,36,19~57,优,14,36,46.2,0.692,9.6,60,70
庆阳,2015-12-16,39,20~69,优,18.8,37.8,86.8,0.921,19.4,56,102
庆阳,2015-12-17,61,28~117,良,41.6,49.3,104.7,1.2,23.8,58,179
庆阳,2015-12-18,45,17~104,优,26.6,39.6,102.9,1.138,26.3,54,69
庆阳,2015-12-19,62,24~88,良,44.6,64.2,93.5,1.192,28.1,56,111
庆阳,2015-12-20,108,80~133,轻度污染,81.3,109,124.1,1.692,37,74,209
庆阳,2015-12-21,119,84~163,轻度污染,89.4,116.7,113.7,1.75,36,60,182
庆阳,2015-12-22,87,52~132,良,64.4,84.5,71.9,1.45,24.5,67,115
庆阳,2015-12-23,97,40~170,良,71.7,97,113.9,1.813,35.5,52,135
庆阳,2015-12-24,41,22~54,优,20.1,40.2,58.5,1.067,15.2,62,59
庆阳,2015-12-25,45,23~67,优,21.9,48.1,61,1.304,21,60,78
庆阳,2015-12-26,46,26~104,优,22.6,47.7,91.8,1.258,21,68,70
庆阳,2015-12-27,56,30~91,良,27.2,63.7,122.8,1.358,27.6,65,128
庆阳,2015-12-28,50,25~68,良,24.5,53.8,91.2,1.325,24.5,73,79
庆阳,2015-12-29,43,25~74,优,16,44.5,45.8,0.95,16.9,68,40
庆阳,2015-12-30,47,19~87,优,23.6,50.8,91.1,1.276,23.7,77,62
庆阳,2015-12-31,78,64~99,良,55.9,84.2,106.4,1.559,32.8,75,112
庆阳,2016-01-01,64,34~87,良,43.1,70.2,66.3,1.658,23.3,78,68
庆阳,2016-01-02,91,54~196,良,65.2,101.8,179.2,2.358,42.8,70,113
庆阳,2016-01-03,47,22~73,优,22,50.3,95.5,1.508,26.3,70,39
庆阳,2016-01-04,65,28~162,良,38.5,78,132.5,2.033,30.3,84,103
庆阳,2016-01-05,45,30~67,优,23.6,44,75.3,1.329,18.1,46,92
庆阳,2016-01-06,69,26~144,良,46.9,72.8,84.5,1.667,22.3,54,153
庆阳,2016-01-07,54,30~82,良,33.7,58.3,85.9,1.579,20.7,66,125
庆阳,2016-01-08,91,60~109,良,65.6,95.2,99.6,1.312,26.7,48,209
庆阳,2016-01-09,76,60~128,良,55.1,78.6,49.3,1.021,19.5,56,147
庆阳,2016-01-10,70,51~113,良,46,79.8,105.4,1.017,23.1,58,146
庆阳,2016-01-11,48,30~84,优,26.3,42.5,67.3,0.604,13.9,52,140
庆阳,2016-01-12,50,26~75,良,30.7,44.3,107,0.717,19.2,54,138
庆阳,2016-01-13,48,32~68,优,29.5,48.7,81.2,0.754,16.9,64,88
庆阳,2016-01-14,43,22~80,优,23.7,45.2,63.8,0.713,15.3,62,48
庆阳,2016-01-15,72,46~135,良,51.7,78.1,110.4,1.154,27,64,126
庆阳,2016-01-16,59,21~103,良,30.5,66.2,114.4,1.079,21.8,60,96
庆阳,2016-01-17,57,43~77,良,20.8,63.5,83.6,0.521,12.5,57,127
庆阳,2016-01-18,46,24~72,优,18.6,46.2,85.8,0.508,10.5,58,85
庆阳,2016-01-19,52,26~78,良,32.8,57.8,92.3,0.75,16.4,55,83
庆阳,2016-01-20,52,19~83,良,27,53.3,105.8,0.708,15.6,60,85
庆阳,2016-01-21,57,35~99,良,36.3,59.1,100.3,0.729,13.3,58,153
庆阳,2016-01-22,58,34~107,良,18.3,67.9,71.4,0.45,5.2,54,185
庆阳,2016-01-23,81,53~157,良,21.1,111.1,35.5,0.508,4.1,56,270
庆阳,2016-01-24,36,17~87,优,18.7,33.5,62.8,0.642,8.9,56,68
庆阳,2016-01-25,59,24~117,良,41.5,57.8,119.7,1.167,19.7,59,145
庆阳,2016-01-26,60,23~105,良,42.2,57.8,92.5,1.088,16.4,63,125
庆阳,2016-01-27,94,73~149,良,68.2,80.5,179.3,1.104,25.5,51,202
庆阳,2016-01-28,112,79~185,轻度污染,83.8,104.7,134.6,1.5,31.4,73,242
庆阳,2016-01-29,159,99~206,中度污染,120.1,123,133.6,1.558,30.1,71,308
庆阳,2016-01-30,206,73~263,重度污染,158.2,190.3,148.5,1.742,31.7,45,327
庆阳,2016-01-31,56,42~70,良,22.3,60.2,123.6,0.95,15.9,54,150
庆阳,2016-02-01,45,18~89,优,27.5,41.2,75.2,1.058,14.9,58,98
庆阳,2016-02-02,77,52~144,良,53.5,83.5,129.2,1.546,23.3,70,145
庆阳,2016-02-03,110,67~180,轻度污染,81.8,105.9,109.8,1.7,29.6,66,218
庆阳,2016-02-04,62,44~85,良,33.1,74.7,101.1,1.179,20.3,76,120
庆阳,2016-02-05,62,45~82,良,23.1,74.3,74.3,0.858,8.9,58,146
庆阳,2016-02-06,48,17~102,优,17.4,58.5,44.8,0.879,6,64,110
庆阳,2016-02-07,75,30~140,良,27.8,100.3,60.4,0.904,7.6,65,159
庆阳,2016-02-08,74,26~129,良,52.7,75.9,156,1.3,18.3,95,87
庆阳,2016-02-09,61,44~127,良,41.3,61.3,94.5,1.325,13.5,85,95
庆阳,2016-02-10,80,54~99,良,58.6,75.4,125,1.304,19.8,86,199
庆阳,2016-02-11,117,89~162,轻度污染,88.1,96.4,89.6,1.604,21,96,265
庆阳,2016-02-12,98,53~169,良,41.3,120.4,35.2,1,6.3,76,228
庆阳,2016-02-13,59,33~78,良,20.5,66.4,87.1,0.963,8.7,58,239
庆阳,2016-02-14,42,21~70,优,19.9,37.7,110.4,1.088,13.3,62,185
庆阳,2016-02-15,42,19~85,优,22.4,35.5,119.3,1.146,15.6,66,165
庆阳,2016-02-16,34,17~69,优,17.9,27.5,74.9,1.179,13,70,73
庆阳,2016-02-17,53,20~114,良,32.6,51.8,117.9,1.471,18.1,72,127
庆阳,2016-02-18,104,48~358,轻度污染,42.3,146,74.7,1.129,14.3,74,215
庆阳,2016-02-19,201,71~500,重度污染,62,300,32.2,0.717,4.2,68,299
庆阳,2016-02-20,159,99~500,中度污染,61.5,248,63.3,0.838,10.1,68,316
庆阳,2016-02-21,126,101~145,轻度污染,71.6,201.9,134.2,1.25,24.6,48,315
庆阳,2016-02-22,146,103~249,轻度污染,72.3,235.3,114.9,1.338,20.4,64,310
庆阳,2016-02-23,91,76~117,良,50.1,129.4,87.8,1.129,17.9,66,259
庆阳,2016-02-24,69,56~93,良,33.6,83.8,81,1.121,19.1,72,192
庆阳,2016-02-25,72,46~142,良,23.2,92.9,41.8,1.092,10,69,172
庆阳,2016-02-26,77,52~124,良,28,104.3,64.7,1.146,11.5,76,196
庆阳,2016-02-27,124,57~166,轻度污染,43.2,197.5,34.7,0.996,6.2,70,287
庆阳,2016-02-28,60,24~129,良,26.4,72.4,51.2,1.079,8.2,66,129
庆阳,2016-02-29,43,20~67,优,20.1,43.3,40.8,1.329,13.9,77,80
庆阳,2016-03-01,65,43~98,良,36.6,76.1,87.4,1.725,28.4,91,124
庆阳,2016-03-02,65,54~77,良,26.6,80.4,45.7,1.35,12.5,82,89
庆阳,2016-03-03,62,40~102,良,32,74.1,81,1.579,21,94,80
庆阳,2016-03-04,169,48~498,中度污染,48.8,225.7,55.9,1.596,15.9,89,200
庆阳,2016-03-05,80,63~96,良,33.8,110.5,52.1,1.438,11.6,81,136
庆阳,2016-03-06,85,69~104,良,33,118.8,53.6,1.488,11.5,77,137
庆阳,2016-03-07,79,60~111,良,32.6,107.8,53.8,1.513,11.3,63,163
庆阳,2016-03-08,88,56~139,良,54.6,118.1,62.3,1.992,20.4,90,266
庆阳,2016-03-09,45,26~104,优,21.1,47.5,61.2,1.554,12.8,74,164
庆阳,2016-03-10,36,18~63,优,14.7,36.9,48.7,1.304,8.5,70,120
庆阳,2016-03-11,55,49~71,良,28.2,60.9,57.4,1.092,13.8,72,139
庆阳,2016-03-12,68,53~89,良,32.9,83.5,68.2,1.204,19.3,72,134
庆阳,2016-03-13,45,32~74,优,15.5,44.1,48.4,0.967,9.8,78,80
庆阳,2016-03-14,58,50~66,良,25.6,65.3,54.9,1.108,14.6,88,102
庆阳,2016-03-15,62,53~75,良,41.5,68.8,45.2,1.35,18,96,82
庆阳,2016-03-16,69,60~77,良,49.4,77.2,38.7,1.458,19.4,93,123
庆阳,2016-03-17,70,50~94,良,37,83.7,26.1,1.483,18.3,67,128
庆阳,2016-03-18,68,51~89,良,38.6,82.2,26.5,1.371,15.1,110,109
庆阳,2016-03-19,65,56~77,良,37.2,73.7,20.6,1.313,12.8,118,111
庆阳,2016-03-20,86,64~123,良,61.8,90.5,18.7,1.458,12.3,117,188
庆阳,2016-03-21,72,59~88,良,51.2,75.2,14.6,1.542,13.4,92,175
庆阳,2016-03-22,61,35~84,良,43.2,62,17.3,1.658,13.5,88,149
庆阳,2016-03-23,41,24~62,优,28.4,35.3,16.8,1.7,13.2,86,106
庆阳,2016-03-24,27,15~49,优,16.4,23.4,9.4,1.513,9.8,73,43
庆阳,2016-03-25,32,22~50,优,18.4,27.5,9.8,1.542,10.4,74,33
庆阳,2016-03-26,26,20~34,优,11,23.7,8.6,1.442,7.4,82,8
庆阳,2016-03-27,29,20~42,优,11.3,28.4,10.6,1.45,9.7,91,13
庆阳,2016-03-28,49,34~66,优,17.4,52,17.8,1.496,12.3,87,41
庆阳,2016-03-29,43,34~62,优,14.3,44.8,16.7,1.475,12.6,90,40
庆阳,2016-03-30,48,32~71,优,22.8,51.6,17.1,1.571,13,101,52
庆阳,2016-03-31,47,30~60,优,22.2,49.2,14.2,1.567,13.8,101,45
庆阳,2016-04-01,75,35~131,良,31.1,103.5,12.3,1.517,13.2,106,161
庆阳,2016-04-02,58,50~71,良,17.8,66.3,12.5,1.438,7.8,101,112
庆阳,2016-04-03,38,18~67,优,18.5,37.3,8.4,1.488,6.7,80,95
庆阳,2016-04-04,51,43~57,良,34.5,48.9,8.9,1.821,12.4,74,126
庆阳,2016-04-05,39,18~74,优,26.8,38.1,9.3,1.967,15.1,53,69
庆阳,2016-04-06,31,17~76,优,10,30.1,10.4,1.6,9.7,80,61
庆阳,2016-04-07,63,46~79,良,20,75.3,10.7,1.55,13.3,92,206
庆阳,2016-04-08,39,27~54,优,12.1,38.5,9.6,1.346,7.8,94,68
庆阳,2016-04-09,37,25~52,优,15.6,37,10.5,1.2,10,94,70
庆阳,2016-04-10,47,27~68,优,24,50.1,13.6,1.267,15.3,102,109
庆阳,2016-04-11,41,24~63,优,18.2,41.5,11.8,1.767,11.8,94,70
庆阳,2016-04-12,47,29~97,优,18.1,53.5,9.7,1.463,9.8,82,92
庆阳,2016-04-13,53,38~71,良,19,57.2,9.1,1.238,17.8,88,100
庆阳,2016-04-14,39,29~53,优,15,38.6,5,0.492,8.1,103,44
庆阳,2016-04-15,43,21~77,优,20.8,44.9,5.6,0.583,9.3,92,73
庆阳,2016-04-16,39,20~64,优,12.9,40.9,6.4,0.504,9.2,92,103
庆阳,2016-04-17,57,27~145,良,18.1,72,5.3,0.446,7,91,157
庆阳,2016-04-18,45,26~56,优,17.2,45.7,8.5,0.635,10.9,98,139
庆阳,2016-04-19,50,31~60,优,22,52.8,11.8,0.692,20.3,98,110
庆阳,2016-04-20,60,48~75,良,17.8,70.9,7.8,0.383,15.6,106,218
庆阳,2016-04-21,50,31~82,优,15.1,55,8,0.304,13.3,92,119
庆阳,2016-04-22,49,30~78,优,15.8,52.7,8.5,0.388,15.6,99,102
庆阳,2016-04-23,42,32~74,优,14.4,42.8,7,0.338,10,110,107
庆阳,2016-04-24,48,36~55,优,23.9,48.8,8.9,0.438,8.8,118,126
庆阳,2016-04-25,43,26~60,优,23.7,44.8,8.2,0.533,10.3,100,88
庆阳,2016-04-26,54,24~93,良,16.6,65,7.5,0.404,9.4,88,158
庆阳,2016-04-27,45,35~59,优,13.8,46.5,6.2,0.346,8.1,86,100
庆阳,2016-04-28,52,34~69,良,20.3,55.8,9.2,0.513,14.6,115,108
庆阳,2016-04-29,43,32~55,优,19.4,43.3,9.5,0.433,9.4,115,40
庆阳,2016-04-30,38,28~51,优,17.5,36.1,6.3,0.4,7.3,102,28
庆阳,2016-05-01,135,27~500,轻度污染,39.6,177.5,5.5,0.375,5.2,97,138
庆阳,2016-05-02,66,20~305,良,17.6,82.7,4.4,0.325,3.5,90,107
庆阳,2016-05-03,52,36~68,良,21,57.6,6.9,0.433,11.8,99,144
庆阳,2016-05-04,58,44~65,良,33.8,65.3,8.9,0.529,11.4,106,137
庆阳,2016-05-05,68,54~94,良,27.3,86.1,7.8,0.467,8,93,208
庆阳,2016-05-06,80,50~98,良,27.1,109.3,5.5,0.408,9.4,75,229
庆阳,2016-05-07,38,20~64,优,21,40.5,4.7,0.588,12.6,66,92
庆阳,2016-05-08,34,22~62,优,18.7,34.7,4.9,0.813,15.5,70,72
庆阳,2016-05-09,56,30~103,良,15.3,67.4,8.1,0.7,19.2,96,164
庆阳,2016-05-10,50,34~73,良,19.5,55.5,9.3,0.671,19.8,124,142
庆阳,2016-05-11,60,46~163,良,29.9,69.2,8.3,0.692,15.3,121,113
庆阳,2016-05-12,189,38~500,中度污染,72.5,260.5,5.4,0.492,9.4,86,238
庆阳,2016-05-13,53,32~71,良,26.1,59,6.3,0.671,15.6,66,139
庆阳,2016-05-14,38,18~142,优,15.3,43.7,5.5,0.621,12,82,66
庆阳,2016-05-15,61,24~128,良,22.8,78.6,6.8,0.433,9.8,88,181
庆阳,2016-05-16,43,30~55,优,14.9,43.4,8.1,0.525,14.6,110,82
庆阳,2016-05-17,52,44~65,良,22.1,55.5,10.1,0.608,16.4,125,90
庆阳,2016-05-18,52,36~67,良,25.6,55.8,10.4,0.921,15.2,126,84
庆阳,2016-05-19,57,44~82,良,33.5,63.5,12.1,1.442,15.6,136,124
庆阳,2016-05-20,73,46~89,良,50.7,86.2,10.1,1.592,16.1,126,257
庆阳,2016-05-21,100,51~172,良,52.8,145.5,8.3,1.529,14.6,134,316
庆阳,2016-05-22,52,17~76,良,32.9,58.3,7.5,1.508,14.3,110,204
庆阳,2016-05-23,24,18~38,优,6.4,12.8,5.3,1.257,10.1,92,29
庆阳,2016-05-24,34,27~45,优,9.4,30.9,6.9,1.331,12.4,100,60
庆阳,2016-05-25,36,26~56,优,13.1,33.6,5.3,1.304,10.4,96,86
庆阳,2016-05-26,39,30~53,优,14,39.8,9.4,1.446,12,98,118
庆阳,2016-05-27,28,22~38,优,11,20.6,4.4,1.023,9.8,88,52
庆阳,2016-05-28,32,20~61,优,9.3,26,3.8,0.558,12.6,110,75
庆阳,2016-05-29,54,24~100,良,20.4,57.5,8.3,0.788,22.5,163,176
庆阳,2016-05-30,52,41~66,良,19.4,54.6,9.8,0.683,16.3,153,130
庆阳,2016-05-31,51,34~74,良,23.5,54.3,7.8,0.871,19.2,122,141
庆阳,2016-06-01,44,26~62,优,21.8,41.5,3.5,0.93,9.4,121,143
庆阳,2016-06-02,35,24~46,优,15.4,30.6,2.7,0.853,11.8,120,94
庆阳,2016-06-03,38,22~69,优,13,38.8,3.3,0.721,15.3,116,118
庆阳,2016-06-04,80,48~182,良,37.8,110.7,5.3,0.563,16.9,114,282
庆阳,2016-06-05,49,36~71,优,21.2,50.6,5.5,0.491,12.6,118,163
庆阳,2016-06-06,54,40~74,良,30.5,57.5,6,0.625,14.4,158,179
庆阳,2016-06-07,42,33~55,优,19.2,36.8,4,0.55,10.5,128,114
庆阳,2016-06-08,45,29~65,优,26.4,43.4,4.5,0.642,15.7,133,127
庆阳,2016-06-09,57,29~87,良,35.6,57.2,5.6,0.696,13.6,142,188
庆阳,2016-06-10,40,23~73,优,13.7,36.6,6,0.454,14.7,128,120
庆阳,2016-06-11,39,29~56,优,15.3,36.3,5.6,0.458,14,123,138
庆阳,2016-06-12,43,32~59,优,22.5,42.9,5.4,0.575,15.3,139,175
庆阳,2016-06-13,49,35~64,优,25.2,47.5,5.3,0.592,15.8,130,166
庆阳,2016-06-14,79,38~157,良,36.8,109.3,4.1,0.417,10.3,123,288
庆阳,2016-06-15,42,29~89,优,17.1,40.8,5,0.458,10,104,139
庆阳,2016-06-16,47,36~69,优,21.6,46.4,10.5,0.496,17.9,128,152
庆阳,2016-06-17,49,39~61,优,23,50,6.2,0.513,14.5,160,143
庆阳,2016-06-18,65,49~84,良,40.7,58.6,7.8,0.604,17.3,186,250
庆阳,2016-06-19,55,25~88,良,31.2,53.9,7,0.567,16.3,190,226
庆阳,2016-06-20,57,36~102,良,32.4,64.5,7.3,0.567,11.4,166,236
庆阳,2016-06-21,39,28~55,优,17.1,36.3,6.1,0.458,15.6,112,129
庆阳,2016-06-22,47,37~54,优,23.5,46.3,6.8,0.504,15.5,135,177
庆阳,2016-06-23,37,26~57,优,15.4,27.6,4.8,0.479,9.4,124,148
庆阳,2016-06-24,43,23~80,优,21.9,43.5,6.7,0.625,17,111,204
庆阳,2016-06-25,41,26~60,优,19.4,32.4,6.3,0.513,12.9,158,189
庆阳,2016-06-26,82,64~103,良,57.4,90.7,7.3,0.65,16.1,169,317
庆阳,2016-06-27,83,67~117,良,56.7,112,5.9,0.575,16.6,132,316
庆阳,2016-06-28,60,0~83,良,33.1,73.1,6,0.478,14.6,143,272
庆阳,2016-06-29,59,45~79,良,28.8,64,8.6,0.55,18.3,164,257
庆阳,2016-06-30,37,19~74,优,17.4,35.7,6.5,0.508,9.5,150,135
庆阳,2016-07-01,38,21~60,优,13.5,34.4,7.3,0.496,14.2,144,195
庆阳,2016-07-02,47,28~88,优,19.4,44.4,7.5,0.492,18.1,190,206
庆阳,2016-07-03,49,39~70,优,23.1,51.2,7.1,0.467,7.9,167,208
庆阳,2016-07-04,48,38~60,优,23.6,48,7.2,0.488,9.8,140,202
庆阳,2016-07-05,48,35~58,优,25.2,48.3,6.9,0.513,7.7,143,210
庆阳,2016-07-06,56,43~68,良,33.3,35.6,6.8,0.563,7.7,144,246
庆阳,2016-07-07,59,40~75,良,37.4,63,11.3,0.571,11,135,253
庆阳,2016-07-08,37,19~57,优,18.8,28.2,6.5,0.583,12.8,99,133
庆阳,2016-07-09,34,24~48,优,19.2,32.9,7.4,0.563,12.2,122,112
庆阳,2016-07-10,68,45~95,良,48.6,62.9,6.9,0.708,13.1,116,272
庆阳,2016-07-11,34,18~73,优,17.2,30.1,5.6,0.538,8,102,97
庆阳,2016-07-12,33,22~48,优,13.3,25.3,5.9,0.463,9.6,121,112
庆阳,2016-07-13,37,26~46,优,17.5,32,6.9,0.575,16.8,136,138
庆阳,2016-07-14,34,24~47,优,9.4,17.2,5.7,0.454,9.6,148,135
庆阳,2016-07-15,48,31~83,优,14.1,29.3,7.4,0.55,17.7,186,226
庆阳,2016-07-16,46,36~59,优,18,42.4,7.9,0.442,11.5,144,197
庆阳,2016-07-17,50,32~63,优,20.4,43.4,9.3,0.575,17.6,170,192
庆阳,2016-07-18,44,27~73,优,26.5,30.2,7.3,0.754,12.4,147,156
庆阳,2016-07-19,32,28~36,优,8,14.3,5.5,0.8,7.7,115,106
庆阳,2016-07-20,40,29~62,优,13.5,27.7,7.2,0.808,13.3,142,180
庆阳,2016-07-21,50,34~74,良,19.5,39.7,6.8,0.788,19.8,167,237
庆阳,2016-07-22,60,34~92,良,35.5,73.2,4.9,0.646,13.4,124,247
庆阳,2016-07-23,40,28~54,优,25,34.9,2.8,0.696,13.7,120,123
庆阳,2016-07-24,71,28~132,良,47.7,55.1,2.3,0.8,8.8,124,217
庆阳,2016-07-25,40,32~54,优,18.3,28.3,4.3,0.517,11.3,145,122
庆阳,2016-07-26,42,30~61,优,21.2,40.5,4.6,0.554,17.3,120,129
庆阳,2016-07-27,42,24~63,优,19.3,40.3,4.1,0.521,15.3,150,129
庆阳,2016-07-28,50,40~58,优,23.2,47.5,4.8,0.467,13.6,166,159
庆阳,2016-07-29,45,38~54,优,21.6,42.3,4.3,0.475,11.8,140,130
庆阳,2016-07-30,38,27~50,优,19.7,34.5,4.3,0.475,9.7,138,93
庆阳,2016-07-31,40,32~57,优,24.6,35.4,3.9,0.55,10.6,118,123
庆阳,2016-08-01,37,26~49,优,22.6,32.6,3.8,0.617,12.8,100,130
庆阳,2016-08-02,43,24~65,优,27.3,41,4,0.663,10.4,123,174
庆阳,2016-08-03,49,38~67,优,33.6,41.9,3.6,0.704,8.9,127,226
庆阳,2016-08-04,71,43~97,良,51.2,58.4,5.7,0.925,9,154,301
庆阳,2016-08-05,72,54~92,良,52.4,65.9,5,0.954,11.2,148,315
庆阳,2016-08-06,68,45~87,良,47.2,61.3,3.8,0.875,11.3,162,297
庆阳,2016-08-07,55,37~74,良,35.3,49.1,4.1,0.838,12.3,141,261
庆阳,2016-08-08,67,40~97,良,47.5,60.2,4.1,0.842,11.5,176,305
庆阳,2016-08-09,56,38~78,良,36.6,50.7,5,0.867,10.5,135,245
庆阳,2016-08-10,44,35~55,优,25.5,39.3,4.4,0.792,10.8,119,171
庆阳,2016-08-11,47,33~59,优,27.2,44,4.2,0.721,11.9,126,186
庆阳,2016-08-12,44,34~59,优,24.7,41.3,4.6,0.563,14.4,126,163
庆阳,2016-08-13,41,32~53,优,21.8,38.5,5.2,0.492,13.5,130,155
庆阳,2016-08-14,43,33~60,优,24,43.2,4.8,0.533,11.3,111,175
庆阳,2016-08-15,42,29~56,优,23.8,42.4,4.5,0.529,12.9,112,180
庆阳,2016-08-16,51,39~63,良,29.5,51.6,4.4,0.613,12,124,216
庆阳,2016-08-17,56,40~67,良,34.8,57.5,5.1,0.683,10.9,144,217
庆阳,2016-08-18,46,22~74,优,27.3,43.2,3.8,0.729,12.1,140,156
庆阳,2016-08-19,33,19~53,优,13.8,28.9,3.8,0.613,10.9,122,106
庆阳,2016-08-20,44,29~59,优,23.6,41.5,2.9,0.67,13,142,158
庆阳,2016-08-21,68,32~90,良,49.5,66.5,4.5,1.033,11.4,152,270
庆阳,2016-08-22,55,38~104,良,36.3,56.6,6.2,0.865,11.6,168,198
庆阳,2016-08-23,58,33~73,良,39.5,55.2,4,0.875,12.1,138,215
庆阳,2016-08-24,31,18~42,优,19.2,29.8,2.4,0.779,12,120,38
庆阳,2016-08-25,22,19~28,优,10,19,4,0.479,8.1,74,30
庆阳,2016-08-26,31,17~58,优,11,28.2,6.9,0.513,13.1,115,98
庆阳,2016-08-27,36,29~46,优,15.3,29.7,5.7,0.521,12,125,113
庆阳,2016-08-28,46,35~69,优,20.3,42.3,6.7,0.633,18.3,146,162
庆阳,2016-08-29,48,38~67,优,29.2,47.7,9.7,0.663,18.3,136,156
庆阳,2016-08-30,46,30~73,优,28.1,46.7,6.1,0.717,18,114,134
庆阳,2016-08-31,46,35~61,优,24.6,44.6,8.2,0.8,18.7,132,127
庆阳,2016-09-01,39,30~59,优,16.8,36.5,9.1,0.558,13.3,124,131
庆阳,2016-09-02,43,25~68,优,17.4,39.8,9.1,0.45,20.2,128,124
庆阳,2016-09-03,76,60~96,良,42.6,98.9,7.9,0.571,20.4,99,251
庆阳,2016-09-04,49,32~63,优,26,47.6,7.5,0.571,17.8,144,118
庆阳,2016-09-05,58,35~75,良,32,59,9.4,0.725,19.5,180,177
庆阳,2016-09-06,30,23~38,优,13.7,17.2,5.2,0.6,8.5,120,55
庆阳,2016-09-07,37,19~56,优,14.9,32.8,6.8,0.546,16.1,130,99
庆阳,2016-09-08,45,29~62,优,20.6,41.5,7.8,0.538,20.4,140,122
庆阳,2016-09-09,37,27~53,优,20.2,33.3,5.7,0.525,15.6,128,87
庆阳,2016-09-10,41,25~60,优,18.6,37.3,6.9,0.525,17.3,128,136
庆阳,2016-09-11,42,31~57,优,16.8,39.5,7.4,0.367,13.6,122,139
庆阳,2016-09-12,25,20~39,优,13.7,20.3,5.5,0.492,12.8,90,34
庆阳,2016-09-13,38,19~59,优,24.1,36.4,5.7,0.588,13.5,110,80
庆阳,2016-09-14,91,62~107,良,67.5,85.8,7.7,0.913,20.7,134,305
庆阳,2016-09-15,69,46~95,良,48.7,63.8,5.7,0.8,19,154,249
庆阳,2016-09-16,61,44~83,良,42,57.7,6.5,0.75,18.2,169,242
庆阳,2016-09-17,93,69~107,良,69.1,90.5,8.4,0.952,21,151,321
庆阳,2016-09-18,82,27~107,良,59.4,68.3,6,0.983,16.3,110,273
庆阳,2016-09-19,36,29~48,优,16.7,27.5,5.9,0.753,12.7,114,83
庆阳,2016-09-20,41,34~66,优,24.6,39.7,5.8,0.954,17.5,106,89
庆阳,2016-09-21,42,29~61,优,24.9,41.1,6.1,0.854,18.4,128,77
庆阳,2016-09-22,44,29~74,优,27,43.1,6.6,0.842,23.1,120,82
庆阳,2016-09-23,55,37~87,良,31.8,54.5,7.8,0.913,26.3,136,136
庆阳,2016-09-24,46,32~74,优,24.3,44.1,22.9,0.742,20.2,179,95
庆阳,2016-09-25,53,33~90,良,35.3,48.4,7.1,0.713,21,121,141
庆阳,2016-09-26,85,62~107,良,62.6,76.4,6.5,0.871,26.6,117,268
庆阳,2016-09-27,65,40~93,良,34.7,65.8,9.6,0.771,23.9,103,229
庆阳,2016-09-28,49,32~85,优,29,51.1,7.1,0.583,19.6,156,218
庆阳,2016-09-29,65,40~109,良,46.9,60.2,6.1,0.87,22.3,112,270
庆阳,2016-09-30,57,42~84,良,38.5,57,6.3,0.938,25.3,140,207
庆阳,2016-10-01,71,53~94,良,46.3,72.5,8.1,0.892,24,170,248
庆阳,2016-10-02,53,25~110,良,32.9,54.3,7.8,0.7,23.9,162,181
庆阳,2016-10-03,80,51~137,良,53.5,82.3,9,0.754,19.5,165,272
庆阳,2016-10-04,156,25~500,中度污染,51.1,192.6,5.3,0.371,15.7,134,197
庆阳,2016-10-05,43,26~60,优,23.3,43.3,7,0.517,20.9,64,99
庆阳,2016-10-06,34,20~57,优,21.7,30.2,5.8,0.525,16.2,72,67
庆阳,2016-10-07,37,13~63,优,17.2,38.1,8.2,0.554,16.1,95,106
庆阳,2016-10-08,57,34~74,良,29.8,63.7,9.2,0.621,23.3,105,226
庆阳,2016-10-09,41,25~60,优,27.2,37.1,6.3,0.546,14.4,95,135
庆阳,2016-10-10,45,32~55,优,29.8,40.5,6.3,0.746,19.8,57,136
庆阳,2016-10-11,49,29~65,优,32,47.5,8,0.888,26.9,81,157
庆阳,2016-10-12,54,30~83,良,36.5,53.4,7.5,0.917,28.5,86,160
庆阳,2016-10-13,61,45~83,良,43.1,56.6,7.4,0.917,21.9,82,189
庆阳,2016-10-14,57,22~92,良,39.7,53.7,8.6,0.992,18.9,90,155
庆阳,2016-10-15,31,15~49,优,21.5,26.3,6.9,1.175,20.4,59,51
庆阳,2016-10-16,50,32~75,良,27.7,54.5,8,0.992,24.7,63,136
庆阳,2016-10-17,59,38~112,良,33.8,63.5,8.9,0.883,23.3,104,159
庆阳,2016-10-18,69,42~97,良,46.7,71.9,12.1,0.979,21.4,126,198
庆阳,2016-10-19,75,38~119,良,54,77.3,10.5,1.092,23,132,210
庆阳,2016-10-20,62,45~85,良,42.5,65.5,10.7,0.979,19.9,111,219
庆阳,2016-10-21,61,35~104,良,29.3,72.3,7.5,0.725,15.4,88,256
庆阳,2016-10-22,36,16~54,优,23.5,30.7,7,0.733,12,68,143
庆阳,2016-10-23,18,12~27,优,9.9,14.8,7.2,1.033,14.6,53,22
庆阳,2016-10-24,27,15~80,优,13.3,24.5,8.1,1.471,20.9,91,66
庆阳,2016-10-25,40,29~53,优,24.4,38.8,10.9,1.438,21.8,63,117
庆阳,2016-10-26,29,21~40,优,18.5,27,7.8,1.217,16.8,72,75
庆阳,2016-10-27,20,15~25,优,10,12.5,8.4,0.929,14.2,78,26
庆阳,2016-10-28,50,22~72,优,19.7,55,12.1,0.638,14.9,77,227
庆阳,2016-10-29,57,44~69,良,23.8,63.5,13.3,0.521,18.1,84,257
庆阳,2016-10-30,59,44~75,良,32.3,67.8,21.7,0.717,23,75,226
庆阳,2016-10-31,70,52~107,良,32.4,87.5,30.5,0.729,20.9,93,295
庆阳,2016-11-01,78,60~117,良,52.8,105,66.3,0.908,35.7,78,289
庆阳,2016-11-02,99,60~188,良,70.8,122.5,56.3,1.571,44,95,274
庆阳,2016-11-03,83,46~189,良,56.3,102.9,75.8,1.483,44.9,96,198
庆阳,2016-11-04,81,50~208,良,51,103.8,43.8,1.142,41.8,109,155
庆阳,2016-11-05,75,36~130,良,52.9,81.1,44.5,0.825,33.6,108,121
庆阳,2016-11-06,105,68~202,轻度污染,64.2,112,64.6,0.863,34.6,105,197
庆阳,2016-11-07,77,58~104,良,28.3,103.3,52.4,0.513,23.9,74,195
庆阳,2016-11-08,64,48~87,良,32.8,74.9,72.7,0.696,28.9,80,223
庆阳,2016-11-09,72,48~119,良,44.7,82.3,76.8,0.717,34.8,79,253
庆阳,2016-11-10,309,74~500,严重污染,110.3,462.9,50,0.804,31.1,82,346
庆阳,2016-11-11,177,65~330,中度污染,95.3,261.2,99.3,1.25,44.2,84,321
庆阳,2016-11-12,79,45~140,良,44,98.3,72.2,1.426,44.9,88,176
庆阳,2016-11-13,96,62~175,良,65.2,121.4,110.8,1.175,44.5,108,201
庆阳,2016-11-14,74,54~97,良,35.5,96,75.1,0.767,31.6,96,153
庆阳,2016-11-15,81,62~113,良,52.5,108.3,68,0.804,33.5,102,193
庆阳,2016-11-16,126,75~182,轻度污染,94.7,151.9,62.2,1.543,48.7,112,293
庆阳,2016-11-17,169,117~246,中度污染,129.4,163.9,75.9,1.688,47,88,317
庆阳,2016-11-18,174,137~322,中度污染,123.9,177.3,62.7,1.535,39.7,66,311
庆阳,2016-11-19,114,68~348,轻度污染,41.2,165.4,52.5,0.8,30.2,88,0
庆阳,2016-11-20,112,89~136,轻度污染,67.8,168.8,92.2,1.038,42,75,0
庆阳,2016-11-21,106,71~200,轻度污染,44.8,145.3,67.5,1.038,30.1,88,0
庆阳,2016-11-22,42,19~66,优,15.9,42.3,75.3,0.733,20.3,68,0
庆阳,2016-11-23,48,19~75,优,24,51.4,56.6,0.983,26.3,76,0
庆阳,2016-11-24,71,51~104,良,50.2,81.8,93.9,1.088,40.5,60,0
庆阳,2016-11-25,111,60~286,轻度污染,66.3,146.9,80.1,1.275,36.3,64,0
庆阳,2016-11-26,173,110~317,中度污染,89.8,270.9,110,0.825,33.4,80,0
庆阳,2016-11-27,126,86~266,轻度污染,89.7,182.4,116.5,1.363,43.8,90,0
庆阳,2016-11-28,129,106~185,轻度污染,96.4,176,113.5,1.433,49.4,58,0
庆阳,2016-11-29,85,68~109,良,47.3,115.8,39.5,1.029,27.7,83,0
庆阳,2016-11-30,86,58~129,良,50.3,116,59.9,1.213,34.9,99,0
庆阳,2016-12-01,81,62~102,良,53.8,104,91.4,1.408,41.9,96,0
庆阳,2016-12-02,98,68~144,良,71,124.6,123.5,1.25,50.7,83,0
庆阳,2016-12-03,84,55~109,良,51.1,105.1,36.7,1.117,34,101,0
庆阳,2016-12-04,71,50~169,良,45.4,82.8,84.7,1.275,38.5,92,0
庆阳,2016-12-05,107,38~500,轻度污染,27.1,138.5,55.9,0.617,21.1,96,0
庆阳,2016-12-06,77,50~122,良,42.5,87.5,163.3,1.267,49.1,84,0
庆阳,2016-12-07,64,42~109,良,38.5,73.3,95.9,0.992,40,80,0
庆阳,2016-12-08,76,48~129,良,52.6,86.5,105.8,1.492,47.3,96,0
庆阳,2016-12-09,98,62~147,良,72.8,108.8,104,1.496,51.9,114,0
庆阳,2016-12-10,176,135~206,中度污染,132.9,167.6,93.5,1.708,52.6,120,0
庆阳,2016-12-11,155,138~173,中度污染,118,157.3,66.4,1.333,45.1,90,0
庆阳,2016-12-12,161,128~205,中度污染,121.5,169,80.9,1.567,47.4,51,0
庆阳,2016-12-13,117,70~218,轻度污染,85.5,149.3,152.3,1.809,54.7,90,0
庆阳,2016-12-14,105,62~200,轻度污染,76.5,128.4,114.8,1.342,46,104,0
庆阳,2016-12-15,71,37~107,良,47.6,81.8,96.4,1.071,40.9,95,0
庆阳,2016-12-16,77,51~118,良,55.8,88.9,80.8,0.896,38.5,97,0
庆阳,2016-12-17,98,58~200,良,72.2,104.5,70.4,1.5,42.5,100,0
庆阳,2016-12-18,108,52~175,轻度污染,78.9,110,126.4,1.658,49.8,103,0
庆阳,2016-12-19,121,64~178,轻度污染,91.1,114,91.7,1.446,46.7,98,0
庆阳,2016-12-20,206,159~244,重度污染,158.1,141.5,84,1.867,46.3,87,0
庆阳,2016-12-21,104,59~224,轻度污染,42.1,135.1,46.3,0.729,22.5,80,0
庆阳,2016-12-22,80,36~289,良,52,73.9,127.5,1.363,39.2,75,0
庆阳,2016-12-23,87,54~254,良,61.5,90.2,122.3,1.621,43.5,94,0
庆阳,2016-12-24,78,58~102,良,56.7,78.2,73,1.125,33.4,69,0
庆阳,2016-12-25,85,62~109,良,48.7,87.5,47.2,1.008,25.3,74,0
庆阳,2016-12-26,57,29~87,良,20.8,68,46.8,0.708,16.5,92,0
庆阳,2016-12-27,82,68~97,良,34.7,113.8,82.6,0.833,23.7,82,0
庆阳,2016-12-28,77,66~112,良,43.2,102,79.9,1.05,32.1,83,0
庆阳,2016-12-29,71,42~84,良,48.7,84.1,123.4,1.167,38.7,71,0
庆阳,2016-12-30,95,72~147,良,70.9,104.3,157.4,1.313,48,85,0
庆阳,2016-12-31,155,99~266,中度污染,119,152.5,198.3,2.046,60.2,82,0
庆阳,2017-01-01,133,75~210,轻度污染,100.5,132.4,149.8,1.854,59.5,106,0
庆阳,2017-01-02,122,65~212,轻度污染,91.6,126.7,134.2,1.754,50.4,104,0
庆阳,2017-01-03,129,74~221,轻度污染,97.3,126.5,120.5,1.863,49.5,120,0
庆阳,2017-01-04,125,67~198,轻度污染,94.6,109.2,98.1,1.454,48.1,105,0
庆阳,2017-01-05,219,115~296,重度污染,172.6,195.8,117.7,2.083,48,136,0
庆阳,2017-01-06,88,60~119,良,64.8,62.4,52.5,1.908,30.9,63,0
庆阳,2017-01-07,62,29~119,良,41.5,66.6,117,1.379,37.1,93,0
庆阳,2017-01-08,62,30~99,良,42.5,64.9,128.3,1.413,36.8,95,0
庆阳,2017-01-09,44,29~60,优,25.8,43.2,70,0.996,23.4,74,0
庆阳,2017-01-10,46,28~62,优,25.5,47,75.1,1.004,23.1,84,0
庆阳,2017-01-11,53,36~78,良,27.6,58.3,32.3,1.013,19.5,82,0
庆阳,2017-01-12,68,44~103,良,34.8,84.9,71.4,1.013,26.9,90,0
庆阳,2017-01-13,76,32~204,良,51.9,84.1,125.6,1.425,38.7,101,0
庆阳,2017-01-14,81,56~107,良,58.8,89,83.8,0.975,35.4,86,0
庆阳,2017-01-15,173,107~232,中度污染,131.6,161.8,120.1,1.671,45.6,74,0
庆阳,2017-01-16,95,56~205,良,62.5,104.5,115.5,1.321,41.2,80,0
庆阳,2017-01-17,58,32~92,良,36.3,62.7,99.8,1.226,37,97,0
庆阳,2017-01-18,110,79~223,轻度污染,82.5,116.8,95.2,1.483,45.3,104,0
庆阳,2017-01-19,79,54~155,良,25.2,107,75.1,0.738,20.2,92,0
庆阳,2017-01-20,73,51~114,良,45.6,91.3,93.8,0.954,28.9,78,0
庆阳,2017-01-21,78,60~114,良,44.4,102,69.2,1.004,27.6,100,0
庆阳,2017-01-22,70,44~94,良,45.5,87.5,84,0.979,30.3,98,0
庆阳,2017-01-23,88,61~128,良,65,99.9,86.6,1.333,41.2,112,0
庆阳,2017-01-24,154,102~225,中度污染,117.1,146.8,110.4,1.754,48.4,128,0
庆阳,2017-01-25,195,92~277,中度污染,151.7,175.3,94.6,1.671,38.9,128,0
庆阳,2017-01-26,309,134~500,严重污染,91.2,521.1,69.8,0.642,18.4,101,0
庆阳,2017-01-27,127,96~173,轻度污染,64.1,203.6,73,0.646,17.8,99,0
庆阳,2017-01-28,155,102~254,中度污染,93.1,230.6,68.8,0.804,18.4,96,0
庆阳,2017-01-29,75,63~97,良,32.7,99,58,0.25,12.6,87,0
庆阳,2017-01-30,62,53~71,良,29.8,74.1,61.8,0.317,16.6,74,0
庆阳,2017-01-31,81,64~109,良,50.8,109.3,97.7,0.692,24.8,75,0
