果洛州,2014-12-31,81,45~171,良,42.9,101,17.6,0.489,14,96,240
果洛州,2015-01-01,108,45~340,轻度污染,67.7,129.8,24.2,0.804,20.3,93,274
果洛州,2015-01-02,82,33~238,良,45.9,95.6,19,0.77,20,102,141
果洛州,2015-01-03,72,30~229,良,44.1,78.3,22,0.663,19.9,91,78
果洛州,2015-01-04,115,33~285,轻度污染,85.2,106.8,26.8,0.75,21.9,94,117
果洛州,2015-01-05,74,34~137,良,39.3,85.3,17.2,0.518,13,111,95
果洛州,2015-01-06,66,54~92,良,33.4,70.7,15,0.336,10.6,103,171
果洛州,2015-01-07,53,42~74,良,33.1,49.9,18.8,0.432,11.1,110,85
果洛州,2015-01-08,51,43~56,良,22.3,46.4,16.6,0.333,8.4,107,47
果洛州,2015-01-09,65,37~236,良,42.6,62.2,29.1,0.465,14.9,103,71
果洛州,2015-01-10,75,33~296,良,52,72.5,36.6,0.588,16.2,96,84
果洛州,2015-01-11,73,30~257,良,48.3,75,31.2,0.574,17.1,91,103
果洛州,2015-01-12,56,46~73,良,26.6,60,18.5,0.336,11.5,47,99
果洛州,2015-01-14,55,5~215,良,31.4,55.3,15.5,0.787,15,95,79
果洛州,2015-01-15,67,33~216,良,39,73,23.2,0.617,15.8,98,88
果洛州,2015-01-16,81,43~184,良,46.1,96.9,26.9,0.559,17.1,101,117
果洛州,2015-01-17,110,47~384,轻度污染,42.8,146.8,17.1,0.329,8.8,103,171
果洛州,2015-01-18,75,38~218,良,41.5,88,27.2,0.525,12.3,99,103
果洛州,2015-01-19,63,43~174,良,37.2,65.1,29,0.47,11.3,95,82
果洛州,2015-01-20,66,40~238,良,41.7,74.2,31.9,0.488,13,104,77
果洛州,2015-01-21,77,48~222,良,45.1,85.8,39.9,0.63,15.4,97,108
果洛州,2015-01-22,87,44~344,良,49.2,96.6,38.8,0.629,15.8,97,103
果洛州,2015-01-23,94,35~260,良,39.3,119.5,34.2,0.56,17,104,96
果洛州,2015-01-24,75,34~228,良,42.3,86.5,23.2,0.67,14.7,96,77
果洛州,2015-01-25,92,7~417,良,55.5,108.4,26.3,0.811,17.8,96,94
果洛州,2015-01-26,158,46~460,中度污染,63.4,224.5,24.2,0.682,17.4,87,181
果洛州,2015-01-27,95,62~171,良,42.3,132.3,21.4,0.692,16.3,91,235
果洛州,2015-01-28,93,56~226,良,45.1,124.3,25,0.609,14.6,100,288
果洛州,2015-01-29,86,63~132,良,40.4,118.8,20.4,0.491,12,98,256
果洛州,2015-01-30,79,52~99,良,37.7,105.9,17.1,0.483,10.6,81,220
果洛州,2015-01-31,69,42~177,良,39.2,77.7,27.5,0.475,12.2,112,162
果洛州,2015-02-01,71,33~275,良,40.5,73,27.7,0.529,13.5,106,120
果洛州,2015-02-02,67,32~275,良,35.6,67.4,23.5,0.521,13.1,100,72
果洛州,2015-02-03,66,33~188,良,37.4,73.7,31.1,0.578,14.4,93,87
果洛州,2015-02-04,56,34~109,良,29,60.7,28,0.5,11.1,102,94
果洛州,2015-02-05,70,48~144,良,29.7,88,17.2,0.33,9.7,112,155
果洛州,2015-02-06,88,56~156,良,40.4,117,27,0.4,11.7,90,163
果洛州,2015-02-07,99,50~141,良,52.3,144.9,26.3,0.5,13.7,90,187
果洛州,2015-02-08,78,56~247,良,44,97.3,36.2,0.421,10.4,83,171
果洛州,2015-02-09,76,35~236,良,40.2,89.9,34.8,0.533,13.9,97,129
果洛州,2015-02-10,59,29~121,良,30.6,64.4,25.3,0.383,9.3,93,67
果洛州,2015-02-11,82,41~178,良,35,109.6,28.9,0.357,9.5,96,124
果洛州,2015-02-12,64,31~196,良,36.7,66.8,35.8,0.442,10.5,87,77
果洛州,2015-02-13,67,26~202,良,42.3,75.6,37.5,0.517,13.6,87,79
果洛州,2015-02-14,118,31~500,轻度污染,48.4,137.3,30.9,0.458,10.6,97,110
果洛州,2015-02-15,88,60~232,良,41.9,120.9,20.3,0.304,7.9,101,148
果洛州,2015-02-16,87,52~196,良,42,116.3,33.1,0.429,11.8,97,138
果洛州,2015-02-17,73,30~247,良,39.8,84.5,28.1,0.575,12.1,84,109
果洛州,2015-02-18,81,32~251,良,51.1,95.7,33.9,0.713,15.8,91,137
果洛州,2015-02-19,99,41~500,良,55.6,127.6,38,0.579,15.6,86,129
果洛州,2015-02-20,102,57~187,轻度污染,51.1,149.2,26.8,0.459,13.1,95,256
果洛州,2015-02-21,75,46~196,良,37.3,94.1,27.8,0.413,11.7,109,198
果洛州,2015-02-22,95,52~436,良,36.1,120.6,26,0.335,9.2,118,181
果洛州,2015-02-23,91,54~169,良,39,130.3,16.8,0.318,7.7,106,233
果洛州,2015-02-24,106,62~406,轻度污染,44.7,146.1,18.6,0.459,9.2,96,241
果洛州,2015-02-25,70,51~118,良,33,86.5,21.4,0.45,9.4,97,197
果洛州,2015-02-26,101,75~149,轻度污染,44.6,146.9,27,0.59,12.9,103,282
果洛州,2015-02-27,76,52~215,良,39.1,93.2,19,0.429,12.7,104,267
果洛州,2015-02-28,84,68~113,良,42.2,116.2,16.4,0.404,9.6,109,304
果洛州,2015-03-01,112,58~342,轻度污染,48.2,161.9,17.5,0.396,10.4,105,301
果洛州,2015-03-02,75,51~230,良,33.3,95.8,13.9,0.413,9.9,104,167
果洛州,2015-03-03,84,31~253,良,33.6,67.6,24.1,0.342,11.7,606,185
果洛州,2015-03-04,89,35~239,良,52.2,107.8,26.9,0.55,15.5,108,258
果洛州,2015-03-05,101,41~212,轻度污染,61,143.1,22.4,0.413,9.6,123,289
果洛州,2015-03-06,80,49~244,良,43.3,95.4,21.8,0.371,11.4,132,207
果洛州,2015-03-07,72,41~137,良,43.2,77.9,21.9,0.448,11.1,107,169
果洛州,2015-03-08,78,59~238,良,38.2,89.1,20.8,0.365,9.8,135,194
果洛州,2015-03-09,67,52~113,良,35,79.3,17.1,0.5,9.9,110,189
果洛州,2015-03-10,79,56~124,良,44.6,101.7,19.7,0.47,12,110,232
果洛州,2015-03-11,87,60~167,良,48.3,119.4,16,0.395,9.8,111,246
果洛州,2015-03-12,73,38~199,良,37.8,87,23,0.585,11.5,96,144
果洛州,2015-03-13,89,62~200,良,45.2,119.3,19.4,0.463,11.3,93,211
果洛州,2015-03-14,134,74~243,轻度污染,71,212.9,21.6,0.396,10.6,91,282
果洛州,2015-03-15,112,86~225,轻度污染,68.1,120.1,17.9,0.352,13.4,101,221
果洛州,2015-03-16,81,41~146,良,52.5,46.1,30.4,0.587,14.5,119,160
果洛州,2015-03-17,71,46~197,良,38.7,77.3,18.3,0.425,6.7,129,155
果洛州,2015-03-18,58,39~157,良,35.1,48.9,12.7,0.472,6.2,118,139
果洛州,2015-03-19,83,69~96,良,44.1,113.6,8.8,0.292,1.9,102,215
果洛州,2015-03-20,110,78~135,轻度污染,63.3,166.8,9.5,0.321,3.6,111,270
果洛州,2015-03-21,96,53~138,良,48.7,133.5,18.7,0.413,8.4,120,219
果洛州,2015-03-22,72,47~120,良,40.5,90.5,13.4,0.438,7.3,110,147
果洛州,2015-03-23,81,49~200,良,45.7,92.6,27.7,0.492,9.1,112,189
果洛州,2015-03-24,91,49~230,良,53.6,116.6,35.9,0.588,10.4,106,239
果洛州,2015-03-25,91,37~224,良,52.8,104.2,24.6,0.65,12.5,106,184
果洛州,2015-03-26,139,2~500,轻度污染,60.9,167.2,19.5,0.671,9.4,86,194
果洛州,2015-03-27,203,65~405,重度污染,82.2,275.1,6.3,0.4,5.7,96,305
果洛州,2015-03-28,122,65~223,轻度污染,65.8,188.6,11.9,0.523,8.7,95,258
果洛州,2015-03-29,95,40~247,良,57.8,124.2,15.7,0.565,12.1,100,165
果洛州,2015-03-30,99,72~155,良,59.7,121.3,17.3,0.409,12.5,111,239
果洛州,2015-03-31,80,46~175,良,46.2,98,27.3,0.667,21.4,106,196
果洛州,2015-04-01,95,50~229,良,60.5,131.4,19.6,0.413,12,136,269
果洛州,2015-04-02,100,52~186,良,53.1,135.4,29.3,0.517,19.6,126,278
果洛州,2015-04-03,109,42~245,轻度污染,61.9,142.3,26.6,1.144,23.1,132,263
果洛州,2015-04-04,126,66~252,轻度污染,76.5,185.5,27.5,0.696,17.3,127,309
果洛州,2015-04-05,97,53~168,良,59.5,134.9,26.4,0.504,18.7,118,263
果洛州,2015-04-06,67,61~76,良,43,54.6,20.7,0.471,13.7,125,257
果洛州,2015-04-07,67,46~106,良,39.2,64.9,26.2,0.458,16.8,127,271
果洛州,2015-04-08,73,51~148,良,40.2,90.5,21.7,0.448,17,118,242
果洛州,2015-04-09,77,44~153,良,38.1,82.7,22.2,0.452,16.8,134,238
果洛州,2015-04-10,83,48~181,良,44,101.7,21.5,0.424,15.8,128,218
果洛州,2015-04-11,79,54~163,良,41.3,92.4,22.9,0.35,15.1,129,200
果洛州,2015-04-12,86,42~262,良,49.8,80.7,22.6,0.482,16.2,115,193
果洛州,2015-04-13,87,46~199,良,47.3,97.5,32,0.486,19.7,134,238
果洛州,2015-04-14,87,57~233,良,48.3,117.4,25.5,0.426,17.2,157,195
果洛州,2015-04-15,99,53~247,良,63,133.3,32,0.546,21.9,113,186
果洛州,2015-04-16,82,40~266,良,50.3,89.4,28,0.526,19.7,133,128
果洛州,2015-04-17,87,44~379,良,45.1,83.2,23.6,0.483,20,148,118
果洛州,2015-04-18,59,49~76,良,34.9,32.3,17.9,0.42,16,117,96
果洛州,2015-04-19,85,72~95,良,51,95.7,21.4,0.362,15.9,158,281
果洛州,2015-04-20,81,55~140,良,40.8,100.1,23,0.414,16.4,142,273
果洛州,2015-04-21,108,71~153,轻度污染,57.6,157.6,25.5,0.368,16,140,315
果洛州,2015-04-22,74,53~115,良,40.5,63.2,25.6,0.371,17.6,136,209
果洛州,2015-04-23,69,56~82,良,36.9,37.7,21.4,0.371,17.5,142,162
果洛州,2015-04-24,75,53~111,良,46.7,66.8,22.2,0.376,16.5,133,178
果洛州,2015-04-25,81,64~130,良,48.1,104.6,23.2,0.4,17.7,137,173
果洛州,2015-04-26,85,63~160,良,47.9,110.8,20.8,0.373,19,144,178
果洛州,2015-04-27,103,59~221,轻度污染,52,142.2,26.7,0.458,24.6,146,234
果洛州,2015-04-28,87,51~162,良,42.6,102.3,21.1,0.371,20.1,140,223
果洛州,2015-04-29,75,60~117,良,40,47.4,21.8,0.414,22,142,185
果洛州,2015-04-30,74,43~126,良,48.5,86.5,21,0.327,17.9,116,147
果洛州,2015-05-01,104,91~168,轻度污染,68,144,26.9,0.404,21.7,143,293
果洛州,2015-05-02,108,91~217,轻度污染,67,123,24.5,0.374,21.6,135,334
果洛州,2015-05-03,91,91~91,良,67,0,22.7,0.277,15.5,125,284
果洛州,2015-05-04,91,89~91,良,67,2.8,22.4,0.3,16.5,127,294
果洛州,2015-05-05,76,69~95,良,37.7,46,22,0.304,17.3,147,215
果洛州,2015-05-06,90,65~125,良,47,125.6,21.7,0.404,22.7,140,239
果洛州,2015-05-07,90,49~282,良,55.1,111.1,25.3,0.4,22.1,141,189
果洛州,2015-05-08,86,63~150,良,43.5,109.2,23.4,0.392,20.5,129,268
果洛州,2015-05-09,85,67~137,良,43,114.4,24.6,0.395,21.9,136,294
果洛州,2015-05-10,97,3~282,良,27.8,138,7,0.682,12.8,171,251
果洛州,2015-05-11,65,2~286,良,9.9,58.1,20.8,3.345,17.3,134,148
果洛州,2015-05-12,107,43~313,轻度污染,50.2,144.4,28,0.877,29.4,134,283
果洛州,2015-05-13,100,41~233,轻度污染,41.1,144.8,28.7,0.856,25.7,123,220
果洛州,2015-05-14,83,35~112,良,40.9,107.7,21.1,0.727,20.3,106,234
果洛州,2015-05-15,64,51~85,良,43.4,66.7,22.2,0.532,23.8,108,195
果洛州,2015-05-16,50,42~58,良,28.3,29.9,20.7,0.409,18.4,109,100
果洛州,2015-05-17,75,52~133,良,47.3,82.7,22.3,0.467,23,134,184
果洛州,2015-05-18,126,54~414,轻度污染,62.6,167.6,27.5,0.477,30.6,140,267
果洛州,2015-05-19,75,54~96,良,38.6,84.3,22.8,0.435,23.1,147,217
果洛州,2015-05-20,65,47~81,良,43.8,60.1,27.3,0.377,21.5,125,198
果洛州,2015-05-21,80,64~123,良,48.1,90.6,18.5,0.379,22.9,151,269
果洛州,2015-05-22,71,52~114,良,46.2,64.4,19.7,0.395,22.5,145,205
果洛州,2015-05-23,66,55~76,良,44.8,68.4,22.6,0.41,25.9,95,199
果洛州,2015-05-24,51,2~70,良,31.7,10.1,15.2,0.709,23.7,116,99
果洛州,2015-05-25,62,53~72,良,32.6,21.1,20.7,0.426,20.9,135,134
果洛州,2015-05-26,76,65~113,良,41.2,31.4,23,0.36,25.2,152,191
果洛州,2015-05-27,68,45~118,良,40.7,50.3,30,0.41,27.9,140,169
果洛州,2015-05-28,73,65~91,良,34.7,1.7,24.3,0.343,19.9,155,211
果洛州,2015-05-29,81,68~91,良,27.3,20.8,16.7,0.335,19.8,153,287
果洛州,2015-05-30,74,45~95,良,27.5,30.6,22.4,0.35,20,157,251
果洛州,2015-05-31,77,71~88,良,34.6,17.1,23.1,0.333,20.7,143,223
果洛州,2015-06-01,71,58~82,良,37.8,22.8,19.4,0.357,23.4,142,194
果洛州,2015-06-02,81,69~96,良,35.4,2,16.6,0.35,22.3,166,282
果洛州,2015-06-03,78,67~95,良,35.3,5,17,0.335,20.1,146,306
果洛州,2015-06-04,103,71~230,轻度污染,50,119.6,12.6,0.276,17.8,156,319
果洛州,2015-06-05,93,63~186,良,44.2,115.5,15,0.409,29,155,296
果洛州,2015-06-06,73,50~120,良,31.4,75.6,18.7,0.39,27.8,138,211
果洛州,2015-06-07,88,66~123,良,35,117.1,15.4,0.309,17.9,153,286
果洛州,2015-06-08,114,75~223,轻度污染,57.8,165.2,23.8,0.352,23.2,153,331
果洛州,2015-06-09,88,65~138,良,45.4,116.2,22.4,0.355,24.4,150,271
果洛州,2015-06-10,115,73~240,轻度污染,61.3,167.5,23.4,0.362,26.5,140,298
果洛州,2015-06-11,102,57~233,轻度污染,49.3,139,22.5,0.374,25.5,143,293
果洛州,2015-06-12,76,62~93,良,32.6,33.1,24.2,0.3,19.7,164,248
果洛州,2015-06-13,62,54~75,良,40.5,47.8,19,0.368,21.4,118,205
果洛州,2015-06-14,67,50~124,良,43.6,44.3,22.1,0.365,23.7,131,214
果洛州,2015-06-15,57,43~93,良,33.9,51.8,23.1,0.435,28.5,114,153
果洛州,2015-06-16,67,38~121,良,27.8,53.9,17.2,0.418,23.9,170,185
果洛州,2015-06-17,70,61~90,良,28.4,27.3,20.8,0.3,19,137,231
果洛州,2015-06-18,62,51~72,良,29.1,33.4,20.9,0.374,20,125,214
果洛州,2015-06-19,52,50~56,良,32.1,17.9,22.5,0.393,22.5,117,150
果洛州,2015-06-20,74,56~111,良,36.4,43.4,28.1,0.369,21.2,174,260
果洛州,2015-06-21,95,69~115,良,45.3,96.1,24,0.388,28.1,184,301
果洛州,2015-06-22,71,54~121,良,36.7,60.9,20.6,0.322,23.3,129,233
果洛州,2015-06-23,60,58~65,良,32.7,29,24,0.304,19.5,117,199
果洛州,2015-06-24,57,47~63,良,28,32.4,31.3,1.923,21.3,119,227
果洛州,2015-06-25,63,49~84,良,40.8,42.2,24,0.665,32.8,128,268
果洛州,2015-06-26,68,43~128,良,47.4,62,22.6,0.513,36.9,119,241
果洛州,2015-06-27,65,43~122,良,41.4,63.5,21,0.521,38.4,120,241
果洛州,2015-06-28,53,39~72,良,30.9,46,20.1,0.458,33.7,117,202
果洛州,2015-06-29,61,41~83,良,39.6,57.8,14.1,0.321,33.5,121,241
果洛州,2015-06-30,56,44~65,良,33.6,30.7,14.2,0.514,27.5,117,226
果洛州,2015-07-01,52,41~67,良,35,25.4,17.4,0.57,30.2,104,186
果洛州,2015-07-02,42,37~70,优,20,23.1,12.9,0.457,29.3,83,103
果洛州,2015-07-03,42,39~46,优,14.6,10.7,12.4,0.464,20.9,94,106
果洛州,2015-07-04,58,44~71,良,17.9,14.1,14,0.5,21.4,127,203
果洛州,2015-07-05,64,39~90,良,20.2,35.5,13.8,0.4,23.5,150,223
果洛州,2015-07-06,55,29~79,良,14.4,28.6,15.9,3.75,24.3,135,162
果洛州,2015-07-07,68,53~100,良,26.3,56.2,21.7,1.496,28.7,136,235
果洛州,2015-07-08,64,53~75,良,20.3,28.2,13.9,0.678,26.1,132,190
果洛州,2015-07-09,70,34~99,良,22,55.8,17.2,0.81,25.3,150,211
果洛州,2015-07-10,95,54~352,良,35.1,115.4,23,0.646,31.3,165,279
果洛州,2015-07-11,110,52~500,轻度污染,40.9,150.5,24.2,0.617,32.9,127,270
果洛州,2015-07-12,54,44~95,良,25.5,45.8,26.4,0.529,23.4,113,146
果洛州,2015-07-13,95,57~173,良,46,136.1,21.3,0.642,30.8,147,251
果洛州,2015-07-14,97,59~198,良,36.4,109.5,24.4,0.592,25.1,167,250
果洛州,2015-07-15,68,11~100,良,23.3,47.9,19.9,0.967,23.1,146,213
果洛州,2015-07-16,46,4~69,优,10.4,9.7,16.4,1.133,22.6,125,137
果洛州,2015-07-17,61,25~90,良,18.5,42.9,21.8,1.4,28.5,164,198
果洛州,2015-07-18,69,46~99,良,27.4,40.7,22.5,0.81,29,140,240
果洛州,2015-07-19,68,40~125,良,34.7,68,22.2,0.674,33.1,135,224
果洛州,2015-07-20,50,36~67,优,21.4,43.1,24.3,0.617,30.7,137,132
果洛州,2015-07-21,51,43~155,良,26.5,57.4,23.5,0.558,31.5,151,146
果洛州,2015-07-22,58,44~78,良,30.3,60.8,25.3,0.613,34.9,142,211
果洛州,2015-07-23,46,30~71,优,23,43.3,26.5,0.629,32.8,152,183
果洛州,2015-07-24,60,36~163,良,30.3,67.6,22.9,0.675,32.9,149,215
果洛州,2015-07-25,102,44~345,轻度污染,43.6,141.4,26.4,0.663,36.3,146,288
果洛州,2015-07-26,67,29~159,良,35.1,72.2,26.1,0.675,34.8,130,202
果洛州,2015-07-27,124,124~124,轻度污染,94,0,27,0.7,41,52,349
果洛州,2015-07-28,85,55~151,良,41.8,118.6,24.6,0.667,36.3,134,309
果洛州,2015-07-29,78,48~181,良,40.7,104.8,27.5,0.596,34.8,126,298
果洛州,2015-07-30,74,47~426,良,35.3,85.9,22.8,0.596,38.2,133,265
果洛州,2015-07-31,84,45~185,良,45,118.3,23.3,0.658,41.8,143,303
果洛州,2015-08-01,84,52~260,良,44.1,111.8,22.8,0.642,37.2,141,289
果洛州,2015-08-02,52,35~97,良,34,47.4,24.4,0.613,38.5,130,197
果洛州,2015-08-03,49,35~77,优,28.6,50.3,21.5,0.579,37.4,106,187
果洛州,2015-08-04,56,32~82,良,30.5,62.6,24.1,0.513,26,122,242
果洛州,2015-08-05,68,52~111,良,37.5,85.3,22.9,0.554,32.6,129,261
果洛州,2015-08-06,50,38~75,良,32.6,47.9,24.7,0.513,29.3,107,179
果洛州,2015-08-07,38,30~52,优,22.9,34.4,23.3,0.525,28.1,109,94
果洛州,2015-08-08,48,31~78,优,28.1,50.9,26,0.538,33.7,137,185
果洛州,2015-08-09,55,35~101,良,27.5,62,24,0.567,40.4,146,242
果洛州,2015-08-10,81,48~308,良,38.7,105.2,26.3,0.609,39.8,132,301
果洛州,2015-08-11,84,45~236,良,38.3,116.4,25,0.629,38.8,151,291
果洛州,2015-08-12,94,43~223,良,43.7,132.6,24,0.575,39.4,141,262
果洛州,2015-08-13,87,46~369,良,43.8,114.5,20.3,0.579,37.3,144,243
果洛州,2015-08-14,56,39~122,良,30.3,61.3,19.5,0.633,30,132,175
果洛州,2015-08-15,79,45~166,良,43.8,105.8,18.3,0.621,40.2,123,268
果洛州,2015-08-16,58,40~101,良,36.5,59.1,20.7,0.492,28.5,120,180
果洛州,2015-08-17,92,71~110,良,48.1,134.5,21.7,0.518,29.3,129,276
果洛州,2015-08-18,56,41~82,良,31,61.6,22.4,0.525,26.8,133,161
果洛州,2015-08-19,46,33~62,优,30.6,43.8,26.9,0.425,23.8,119,159
果洛州,2015-08-20,51,29~163,良,26.6,57,25.2,0.463,22.7,128,183
果洛州,2015-08-21,86,55~191,良,44.8,122.2,26.9,0.563,37.8,130,295
果洛州,2015-08-22,76,14~128,良,40.5,101.3,21.7,0.909,35.7,132,255
果洛州,2015-08-23,91,56~500,良,44,116.2,15,0.713,36.4,136,284
果洛州,2015-08-24,85,55~219,良,49.7,111,12.6,0.613,39.3,109,296
果洛州,2015-08-25,71,44~320,良,40.1,62.8,16.4,0.648,38.1,127,219
果洛州,2015-08-26,86,57~189,良,53.4,104.4,16.5,0.683,45.2,120,262
果洛州,2015-08-27,68,43~124,良,46.3,72,15.5,0.613,36.3,127,223
果洛州,2015-08-28,66,53~84,良,45.1,53.5,17.3,0.6,38.5,132,224
果洛州,2015-08-29,75,48~144,良,51,94.2,15.7,0.658,49,124,265
果洛州,2015-08-30,68,52~114,良,47.7,53.7,14.5,0.538,37,122,233
果洛州,2015-08-31,90,54~500,良,78.9,59.1,14.1,0.474,31.4,122,245
果洛州,2015-09-05,36,1~50,优,7.4,18.4,14.9,2.75,45.1,102,133
果洛州,2015-09-06,81,33~181,良,14.3,111.8,24.9,0.875,46.2,116,306
果洛州,2015-09-07,66,46~115,良,12,81.9,23.7,0.692,50.3,102,269
果洛州,2015-09-08,71,27~119,良,17,91.5,18.3,0.65,44.8,128,259
果洛州,2015-09-09,54,7~219,良,23.1,29.2,15.7,0.982,36.8,119,165
果洛州,2015-09-10,36,26~47,优,3.1,34.8,18.6,0.579,25.2,123,113
果洛州,2015-09-11,57,29~353,良,22.8,36.7,22.4,0.563,21.3,97,163
果洛州,2015-09-12,56,29~276,良,22.8,45.1,22.3,0.567,27,97,165
果洛州,2015-09-13,39,26~73,优,4.6,41.1,24.7,0.554,21.6,106,92
果洛州,2015-09-14,66,19~146,良,6.2,78.8,25,1.808,35.8,74,193
果洛州,2015-09-15,90,19~209,良,0,120.9,25.9,1.889,41.3,113,247
果洛州,2015-09-16,47,26~101,优,0,51.2,25.8,0.938,38.1,104,101
果洛州,2015-09-17,48,30~76,优,0,51.1,24.6,0.7,34,108,104
果洛州,2015-09-18,28,22~39,优,0,27.3,26.2,0.604,22.3,89,35
果洛州,2015-09-19,31,23~42,优,0,30.1,24.9,0.533,22.8,92,53
果洛州,2015-09-20,53,49~57,良,0,55.9,26.8,0.45,24.8,123,166
果洛州,2015-09-21,52,20~91,良,0.4,49,27.8,1.529,32.6,105,148
果洛州,2015-09-22,76,26~246,良,7.8,94.8,28.1,0.8,27.9,130,200
果洛州,2015-09-23,79,36~323,良,53.7,67.1,26.1,0.629,35.4,111,256
果洛州,2015-09-24,48,25~100,优,31.3,16.6,25.9,0.733,26.1,105,150
果洛州,2015-09-25,54,31~122,良,34.5,28.9,32.6,0.596,31,106,189
果洛州,2015-09-26,51,27~97,良,30.1,40,31.3,0.604,32,84,163
果洛州,2015-09-27,48,25~88,优,27.3,50.2,30,0.629,33.2,123,146
果洛州,2015-09-28,58,34~102,良,31.2,62.3,29,0.6,26.2,101,206
果洛州,2015-09-29,52,37~75,良,29.3,49.6,27.4,0.608,23.6,103,186
果洛州,2015-09-30,69,34~115,良,29.4,85.6,33.7,0.446,28.3,110,256
果洛州,2015-10-01,121,63~335,轻度污染,47.8,176.3,33.5,0.596,36,118,316
果洛州,2015-10-02,97,52~320,良,45.9,129.9,38.1,0.563,38,110,235
果洛州,2015-10-03,67,42~134,良,35.4,68.9,23.2,0.525,28.6,116,179
果洛州,2015-10-04,66,40~132,良,36.5,77.4,31.4,0.496,33.9,119,189
果洛州,2015-10-05,47,30~74,优,27.3,29.4,16.3,0.496,27.1,104,131
果洛州,2015-10-06,47,25~84,优,28.3,30.5,20.7,0.492,19.6,106,128
果洛州,2015-10-07,59,48~80,良,33.5,61.6,20.1,0.525,27.8,105,225
果洛州,2015-10-08,59,33~134,良,31.4,64,22,0.579,25.5,110,211
果洛州,2015-10-09,92,42~285,良,39.6,128.5,25.7,0.596,30.8,111,266
果洛州,2015-10-10,78,36~186,良,41.8,93.5,34.1,0.675,30.6,118,249
果洛州,2015-10-11,81,1~146,良,51.9,103.5,18.2,1.108,33.3,71,244
果洛州,2015-10-12,85,32~184,良,46.6,108.5,27.7,0.879,34.6,104,226
果洛州,2015-10-13,83,35~252,良,44,98.6,31.8,0.663,31,113,176
果洛州,2015-10-14,128,28~330,轻度污染,56.1,168,31.3,0.704,39.5,92,201
果洛州,2015-10-15,141,33~500,轻度污染,66,189,37.3,0.758,46.2,88,212
果洛州,2015-10-16,155,35~500,中度污染,64.3,211.7,36.3,0.8,57.5,97,197
果洛州,2015-10-17,67,31~200,良,38,73,22.9,0.513,24.5,103,105
果洛州,2015-10-18,101,30~349,轻度污染,56.6,108.3,30.7,0.771,43.3,105,203
果洛州,2015-10-19,110,33~414,轻度污染,50.5,137.2,38.1,0.721,41.5,101,184
果洛州,2015-10-20,101,33~332,轻度污染,61.9,128.2,41.3,0.854,46.3,104,166
果洛州,2015-10-21,106,35~343,轻度污染,57.4,140.7,38.8,0.992,45.4,128,211
果洛州,2015-10-22,80,53~269,良,42.9,95.4,36.3,0.7,25.7,107,170
果洛州,2015-10-23,68,18~119,良,34.3,87.4,41,0.583,34.2,103,132
果洛州,2015-10-24,68,43~136,良,34.3,76.6,32.5,0.683,31.8,95,144
果洛州,2015-10-25,80,44~162,良,48,98.3,41.2,0.825,35,97,214
果洛州,2015-10-26,70,50~117,良,39.7,85.2,33,0.65,25.6,93,204
果洛州,2015-10-27,94,40~150,良,53.3,130,39.4,0.775,30.7,100,296
果洛州,2015-10-28,105,5~279,轻度污染,41.3,143.2,36.2,0.95,26,109,270
果洛州,2015-10-29,94,50~196,良,54.4,126.6,34.8,0.725,25,104,286
果洛州,2015-10-30,95,50~211,良,48.4,129.1,38,0.783,26.8,97,300
果洛州,2015-10-31,70,33~123,良,45.9,80.7,28.1,0.483,14.4,108,224
果洛州,2015-11-01,114,30~500,轻度污染,54.1,153.5,39.5,0.742,33,98,229
果洛州,2015-11-02,118,31~500,轻度污染,61.5,150.4,46.5,0.758,35.4,102,211
果洛州,2015-11-03,122,52~500,轻度污染,55.7,158.9,39.8,0.792,37.8,94,213
果洛州,2015-11-04,107,30~372,轻度污染,58.8,136.3,47,0.908,39.2,95,193
果洛州,2015-11-05,83,32~238,良,51.4,78.3,38.8,0.738,30,108,172
果洛州,2015-11-06,90,30~253,良,63.2,53.3,38.6,0.883,36.7,98,249
果洛州,2015-11-07,67,31~120,良,46.8,15,24.9,0.617,19.9,102,231
果洛州,2015-11-08,82,38~202,良,49.6,89.1,41,0.775,27.9,99,211
果洛州,2015-11-09,70,47~148,良,41,78.5,28.8,0.67,22.9,93,167
果洛州,2015-11-10,70,44~139,良,41.1,83.8,40.3,0.729,23.1,111,168
果洛州,2015-11-11,71,38~125,良,43.4,58.8,34.8,0.646,20.4,98,169
果洛州,2015-11-12,76,46~158,良,50.9,73.4,37.3,0.654,19.5,110,193
果洛州,2015-11-13,102,41~433,轻度污染,46.4,121.1,37.4,0.713,23.5,107,217
果洛州,2015-11-14,105,57~264,轻度污染,65.3,136.2,52.4,0.879,32.3,93,239
果洛州,2015-11-15,67,51~101,良,39,76.4,32.4,0.708,22,96,174
果洛州,2015-11-16,78,4~190,良,43.8,96.3,25.4,1.183,22.6,58,211
果洛州,2015-11-17,66,5~145,良,39.2,69.6,25.9,1.692,24.8,76,196
果洛州,2015-11-18,120,50~422,轻度污染,60.2,134,47.1,1.075,26.5,90,317
果洛州,2015-11-19,101,32~332,轻度污染,50.2,136.5,41.7,0.892,26.6,98,254
果洛州,2015-11-20,116,54~500,轻度污染,57.8,153.3,51.4,1.008,30.6,107,259
果洛州,2015-11-21,103,57~225,轻度污染,61.2,143.3,49.8,0.967,31.5,105,279
果洛州,2015-11-22,145,52~500,轻度污染,67.8,215.2,39.8,0.913,35.8,103,332
果洛州,2015-11-23,114,63~210,轻度污染,73.2,164.9,52.6,0.879,27.5,107,341
果洛州,2015-11-24,65,47~102,良,44.6,56.8,28.5,0.704,12.6,103,299
果洛州,2015-11-25,85,33~163,良,55.1,87.2,46.9,0.867,23.7,101,283
果洛州,2015-11-26,84,43~204,良,54,95.1,50,0.775,21.9,102,259
果洛州,2015-11-27,66,39~168,良,45,41.7,41.6,0.658,17.8,99,164
果洛州,2015-11-28,62,36~108,良,39.5,37.4,30.2,0.525,15,88,110
果洛州,2015-11-29,104,41~352,轻度污染,64.4,93.8,36.3,0.833,25.3,108,177
果洛州,2015-11-30,107,55~246,轻度污染,61.3,122.5,47.3,1.008,30.1,98,206
果洛州,2015-12-01,85,49~250,良,56.2,81.2,37.8,0.688,19.8,96,175
果洛州,2015-12-02,80,30~175,良,49.3,83.1,46.1,0.65,19.6,101,186
果洛州,2015-12-03,72,18~132,良,46.4,53.4,26.2,0.99,16.7,92,211
果洛州,2015-12-04,68,15~105,良,41.4,77.6,22.5,1.185,16.7,72,219
果洛州,2015-12-05,73,32~192,良,49.5,63.5,44,1.113,20.1,100,197
果洛州,2015-12-06,81,3~169,良,59.1,60.8,38.6,1.086,19.7,100,208
果洛州,2015-12-07,86,27~235,良,57.4,75.5,49.7,1.254,26.8,86,165
果洛州,2015-12-08,88,39~253,良,62.3,86,48.3,0.879,27,89,162
果洛州,2015-12-09,83,52~141,良,49.8,79.5,45.8,0.792,20.3,96,185
果洛州,2015-12-10,76,25~163,良,33.2,95.6,50.8,0.833,24.1,87,160
果洛州,2015-12-11,105,41~258,轻度污染,61.9,126.1,51.3,1.063,30.3,95,221
果洛州,2015-12-12,92,46~189,良,51.9,124.2,52.8,0.933,21.8,82,211
果洛州,2015-12-13,98,52~218,良,55.6,129.8,31.8,0.588,15.4,105,216
果洛州,2015-12-14,74,52~132,良,47.7,81.1,35.4,0.729,13.8,105,173
果洛州,2015-12-15,70,43~114,良,48.7,69.7,35.6,0.733,11.7,95,202
果洛州,2015-12-16,63,25~104,良,43.6,64.2,42,0.692,13.6,84,233
果洛州,2015-12-17,97,50~281,良,68,90.2,42,0.725,16.8,97,277
果洛州,2015-12-18,73,44~140,良,46.4,75.1,47.5,0.771,15,83,167
果洛州,2015-12-19,81,49~130,良,56.3,60.1,38.7,0.675,14,95,162
果洛州,2015-12-20,79,35~265,良,54.8,55.5,60.3,0.804,21.7,91,118
果洛州,2015-12-21,93,31~315,良,63.7,100,37.5,0.983,27.8,98,114
果洛州,2015-12-22,88,53~278,良,57.2,90.1,45.8,0.875,20.7,97,108
果洛州,2015-12-23,78,43~291,良,50.1,63.8,39,0.8,14.3,101,97
果洛州,2015-12-24,55,43~100,良,27.6,54.5,24.4,0.663,8.9,92,107
果洛州,2015-12-25,72,39~190,良,42.1,67.7,34.1,0.738,13.9,102,144
果洛州,2015-12-26,70,41~153,良,42,75.2,40,0.725,13.3,103,138
果洛州,2015-12-27,82,37~288,良,52.7,91.8,38.4,0.767,15.9,104,180
果洛州,2015-12-28,72,51~236,良,41.8,77.6,35.2,0.808,14.6,93,133
果洛州,2015-12-29,77,49~259,良,46.7,78.8,46.5,0.871,17.6,94,110
果洛州,2015-12-30,76,40~273,良,44,79,44.8,0.871,16.8,99,106
果洛州,2015-12-31,71,40~211,良,34.8,76.5,42.4,0.788,14.8,89,87
果洛州,2016-01-01,64,33~137,良,36.3,61.8,38.5,0.738,13.2,101,68
果洛州,2016-01-02,68,31~243,良,36.5,69.6,47.4,0.821,14.8,92,72
果洛州,2016-01-03,59,37~119,良,33,62.7,43.3,0.808,12,93,58
果洛州,2016-01-04,66,34~150,良,34.8,74.8,31.5,0.771,14,97,106
果洛州,2016-01-05,83,39~247,良,55.2,68.2,38.1,0.858,13.5,99,198
果洛州,2016-01-06,121,46~417,轻度污染,47.5,137,49,0.813,14.5,90,198
果洛州,2016-01-07,75,41~158,良,51.6,52.5,36.2,0.7,11.8,99,169
果洛州,2016-01-08,70,36~135,良,45.5,40,45.5,0.847,13.7,90,147
果洛州,2016-01-09,80,35~253,良,54.3,68.5,47.1,0.838,15.5,83,133
果洛州,2016-01-10,70,45~151,良,37.4,88.9,28.6,0.688,10.2,121,143
果洛州,2016-01-11,127,58~394,轻度污染,50.9,175.9,41.7,0.792,12.7,100,268
果洛州,2016-01-12,98,52~251,良,51.3,124.8,31.4,0.758,10.9,87,261
果洛州,2016-01-13,60,14~124,良,38.9,34.4,32.8,0.9,8.6,92,130
果洛州,2016-01-14,68,32~183,良,46.3,59.6,36.2,0.821,10.2,92,117
果洛州,2016-01-15,74,28~299,良,53.4,56.5,37.7,0.854,10.8,89,120
果洛州,2016-01-16,42,29~97,优,26.7,23,24.1,0.567,2.3,98,53
果洛州,2016-01-17,77,40~327,良,48.2,88.1,31.5,0.813,10,96,156
果洛州,2016-01-18,79,37~236,良,49.9,85.5,43.6,0.858,13.8,96,159
果洛州,2016-01-19,100,47~291,轻度污染,50.5,128.8,48.5,0.95,12.9,100,192
果洛州,2016-01-20,262,62~500,重度污染,69.3,352.8,24.5,0.588,3.8,91,317
果洛州,2016-01-21,91,57~132,良,37.8,125.5,30.2,0.7,6,95,254
果洛州,2016-01-22,147,69~216,轻度污染,44.7,238.4,23.3,0.371,1.7,104,321
果洛州,2016-01-23,63,31~178,良,39.9,60,33.3,0.7,5.8,104,194
果洛州,2016-01-24,58,33~119,良,38.7,47,33.3,0.738,5.3,102,165
果洛州,2016-01-25,62,38~200,良,42.9,53.8,34.2,0.779,7,100,142
果洛州,2016-01-26,68,33~185,良,47.1,51.2,37.8,0.742,8.3,86,145
果洛州,2016-01-27,76,41~264,良,53.6,71.3,31.9,0.875,13.2,98,133
果洛州,2016-01-28,61,31~140,良,43,51.5,35.3,0.717,10.4,101,123
果洛州,2016-01-29,65,40~149,良,37.4,56.6,26.8,0.675,11,111,163
果洛州,2016-01-30,83,52~226,良,57.8,61.3,25.4,0.871,12.8,96,200
果洛州,2016-01-31,73,51~150,良,45.5,62.2,41,0.775,14.9,97,198
果洛州,2016-02-01,64,39~129,良,40,54.5,24.5,0.742,9.9,96,151
果洛州,2016-02-02,65,33~143,良,37.4,74.6,38.8,0.796,15.4,111,110
果洛州,2016-02-03,74,41~172,良,44.3,78.8,32.4,0.754,11.9,101,116
果洛州,2016-02-04,72,50~169,良,33.5,89.3,30.3,0.6,8.3,101,140
果洛州,2016-02-05,64,31~123,良,31.8,67.4,31.3,0.642,9.8,103,138
果洛州,2016-02-06,66,33~193,良,41,46.2,25.6,0.646,8.8,105,156
果洛州,2016-02-07,72,26~210,良,47.8,34.3,45.3,0.796,13.8,98,141
果洛州,2016-02-08,87,35~266,良,60.2,53.8,28.3,0.775,11.8,94,96
果洛州,2016-02-09,107,45~245,轻度污染,64.7,96,33.6,0.779,16.6,93,204
果洛州,2016-02-10,57,32~117,良,36.8,33.8,22.1,0.654,10.1,102,106
果洛州,2016-02-11,75,39~214,良,49.7,61.7,35.4,0.775,14.1,102,179
果洛州,2016-02-12,80,53~213,良,52.1,73.7,29.2,0.858,14.5,129,182
果洛州,2016-02-13,69,44~102,良,34.5,83.1,20.7,0.692,8.8,136,270
果洛州,2016-02-14,97,64~141,良,41.2,139.3,19.3,0.633,8.1,128,345
果洛州,2016-02-15,90,58~208,良,55,93.9,26.8,0.725,9.1,108,337
果洛州,2016-02-16,69,52~109,良,38.2,82.2,32.9,0.7,8,107,284
果洛州,2016-02-17,78,54~211,良,47.4,78.5,30.6,0.538,8.1,110,234
果洛州,2016-02-18,117,62~226,轻度污染,47.8,175.8,28,0.604,7.8,104,257
果洛州,2016-02-19,110,70~166,轻度污染,56.5,169.4,23.4,0.529,4.9,107,241
果洛州,2016-02-20,86,36~171,良,55.2,107.4,40.8,0.688,14,102,195
果洛州,2016-02-21,74,31~142,良,41.6,70.7,18.3,0.617,9.5,100,146
果洛州,2016-02-22,69,42~156,良,45.6,50.2,37.2,0.621,8.7,111,140
果洛州,2016-02-23,63,51~108,良,37.5,57.9,18.3,0.538,4,101,173
果洛州,2016-02-24,70,48~110,良,45.7,62.8,28.4,0.546,7.4,101,195
果洛州,2016-02-25,64,38~205,良,44.4,53.8,26,0.546,6.8,110,134
果洛州,2016-02-26,63,31~156,良,41.9,43.9,28.8,0.65,8.7,102,132
果洛州,2016-02-27,66,34~182,良,40.8,39.4,33,0.625,8.9,105,137
果洛州,2016-02-28,61,33~129,良,33.5,52.3,27.4,0.742,10.6,106,126
果洛州,2016-02-29,67,38~188,良,44.2,57.1,29.6,0.75,12,97,155
果洛州,2016-03-01,63,30~150,良,35.9,64.2,35.9,0.783,11.5,99,113
果洛州,2016-03-02,72,38~199,良,39.5,77.3,30,0.642,9.8,121,102
果洛州,2016-03-03,73,33~252,良,50.5,46.7,32,0.758,10.1,106,102
果洛州,2016-03-04,107,51~324,轻度污染,46.7,141.2,20.9,0.642,10,109,172
果洛州,2016-03-05,118,57~462,轻度污染,77.6,123.8,15.7,0.571,6.3,91,183
果洛州,2016-03-06,91,31~208,良,55.5,84.5,41.6,0.808,14.2,104,132
果洛州,2016-03-07,78,32~245,良,54.1,47.7,21.7,0.721,10.3,103,134
果洛州,2016-03-08,70,44~176,良,46.8,53.1,24.2,0.75,9.9,121,212
果洛州,2016-03-09,102,55~185,轻度污染,62.8,108,28.7,0.696,9,110,328
果洛州,2016-03-10,112,34~228,轻度污染,62.2,156.7,33.3,0.596,7.6,117,324
果洛州,2016-03-11,71,31~180,良,40.5,61.3,23.6,0.592,10.3,109,197
果洛州,2016-03-12,80,1~149,良,54.5,80.3,35.2,0.622,15.2,112,180
果洛州,2016-03-13,74,30~326,良,51,47.6,32.8,0.908,18.8,110,150
果洛州,2016-03-14,65,39~96,良,43,50.2,17.8,0.671,16.3,120,129
果洛州,2016-03-15,84,48~147,良,53.9,67.3,28,0.7,19.1,114,152
果洛州,2016-03-16,73,38~193,良,49.8,47.7,31,0.75,21.4,130,124
果洛州,2016-03-17,89,52~246,良,59.2,74.5,18.7,0.4,12.2,132,148
果洛州,2016-03-18,83,36~214,良,59,45,32,0.7,20.3,111,141
果洛州,2016-03-19,84,45~173,良,54.4,67.6,32,0.717,19.2,110,165
果洛州,2016-03-20,83,39~255,良,52.1,76.4,29.3,0.779,21.5,122,157
果洛州,2016-03-21,74,40~138,良,49.5,60.5,34.2,0.758,19.7,131,171
果洛州,2016-03-22,86,42~153,良,62.7,11.5,22,0.95,16.7,111,231
果洛州,2016-03-23,79,37~158,良,54.3,77.7,24.5,0.913,15.9,117,259
果洛州,2016-03-24,85,59~140,良,54.6,99.9,26.3,0.688,14.6,116,300
果洛州,2016-03-25,94,41~500,良,75.7,58,37.1,0.833,19.9,124,226
果洛州,2016-03-26,82,15~216,良,57.6,31.8,33,0.813,17.8,113,190
果洛州,2016-03-27,67,39~224,良,38.1,55.9,21.6,0.758,20.6,108,121
果洛州,2016-03-28,98,56~293,良,64.4,69.1,34.7,0.75,21.6,108,195
果洛州,2016-03-29,73,53~123,良,43.3,67.8,18.9,0.671,17.8,107,159
果洛州,2016-03-30,70,50~117,良,34.5,73.8,16.5,0.588,16,120,133
果洛州,2016-03-31,65,43~190,良,28.8,73.3,21.7,0.622,18.3,114,97
果洛州,2016-04-01,65,38~108,良,35.3,64.5,29.1,0.646,20.9,119,114
果洛州,2016-04-02,68,33~209,良,32.8,64.7,20.2,0.692,20.6,112,130
果洛州,2016-04-03,70,38~136,良,30.8,89.5,26.8,0.654,19.5,108,234
果洛州,2016-04-04,65,33~147,良,29.3,82,18.8,0.658,19.5,92,187
果洛州,2016-04-05,66,32~183,良,37.5,37.4,15.5,0.558,17.5,87,158
果洛州,2016-04-06,103,72~215,轻度污染,56.4,147.9,14.9,0.525,14.8,112,300
果洛州,2016-04-07,82,50~130,良,44.6,107.9,32,0.638,18.5,116,256
果洛州,2016-04-08,58,32~107,良,37.6,30.3,13.6,0.567,14,110,152
果洛州,2016-04-09,54,27~109,良,33.5,41.8,23.9,0.579,18.3,121,147
果洛州,2016-04-10,64,31~114,良,44.2,28.3,17.3,0.538,16.1,128,174
果洛州,2016-04-11,81,49~122,良,53.7,72,16.8,0.563,16.1,127,230
果洛州,2016-04-12,74,48~108,良,35.5,87.6,26.9,0.663,20.1,122,209
果洛州,2016-04-13,80,59~110,良,45.1,98.8,24.7,0.571,19.1,120,204
果洛州,2016-04-14,77,48~204,良,52.5,72.4,18.8,0.688,17.1,115,181
果洛州,2016-04-15,64,16~122,良,38.6,47.3,10.9,0.954,10.9,118,153
果洛州,2016-04-16,99,55~295,良,45.3,103.8,22,0.558,12.4,127,288
果洛州,2016-04-17,144,74~353,轻度污染,57.9,208.9,23,0.529,11.9,127,346
果洛州,2016-04-18,91,28~318,良,53.5,100,23.2,0.871,18.3,150,266
果洛州,2016-04-19,95,49~307,良,64.3,93.6,26.9,0.767,24.3,127,267
果洛州,2016-04-20,74,53~168,良,41.7,70.5,20.5,0.629,17.9,111,261
果洛州,2016-04-21,64,45~105,良,37.6,51,14.9,0.554,16,119,181
果洛州,2016-04-22,59,20~138,良,37.6,6.4,30.1,0.89,14,132,135
果洛州,2016-04-23,57,38~97,良,34.8,34,39.3,0.696,15.2,152,194
果洛州,2016-04-24,52,29~98,良,31.7,36.7,40.1,0.654,18.3,142,140
果洛州,2016-04-25,43,30~60,优,27,14.1,18.5,0.558,13.4,146,94
果洛州,2016-04-26,83,48~166,良,50.7,90.4,19.6,0.508,11.3,140,264
果洛州,2016-04-27,92,68~140,良,44.1,124.9,30.3,0.613,19.3,125,298
果洛州,2016-04-28,78,17~172,良,51.4,74.5,24.6,0.629,18.7,128,214
果洛州,2016-04-29,67,37~109,良,37.5,68.7,19.8,0.592,19.8,123,161
果洛州,2016-04-30,66,30~120,良,37.6,72.5,13.1,0.546,15.4,112,159
果洛州,2016-05-01,94,44~340,良,55.3,96.5,19.9,0.6,17.9,125,237
果洛州,2016-05-02,110,51~500,轻度污染,59,124.5,11.2,0.5,10.3,129,247
果洛州,2016-05-03,83,56~153,良,37.5,115.7,21.1,0.633,20.6,130,275
果洛州,2016-05-04,93,40~195,良,51,99.6,22.7,0.604,25.5,129,255
果洛州,2016-05-05,80,49~160,良,50.8,54.9,22.9,0.588,23.3,122,233
果洛州,2016-05-06,96,53~296,良,41.2,123.6,22.5,0.608,25.2,114,230
果洛州,2016-05-07,52,32~148,良,31.7,26.8,15.3,0.596,15,107,139
果洛州,2016-05-08,74,36~130,良,53.7,8,23.3,0.667,19.9,114,249
果洛州,2016-05-09,81,32~147,良,53.9,39.3,18.5,0.642,23.4,141,260
果洛州,2016-05-10,89,42~142,良,47,97.8,22.8,0.658,29.1,139,257
果洛州,2016-05-11,88,41~156,良,47.8,104,22.9,0.604,25.4,121,216
果洛州,2016-05-12,98,58~180,良,46.8,130.4,16.2,0.567,21.2,111,255
果洛州,2016-05-13,65,42~107,良,38.5,48.7,18.1,0.525,17.3,123,191
果洛州,2016-05-14,55,29~127,良,36.8,25,12.5,0.504,11.5,120,152
果洛州,2016-05-15,55,41~109,良,29.9,53,15.3,0.521,14.5,131,205
果洛州,2016-05-16,64,43~117,良,34.2,74.6,16.9,0.55,18.9,137,181
果洛州,2016-05-17,55,39~102,良,29.2,44.6,11.5,0.454,11.7,145,114
果洛州,2016-05-18,55,5~88,良,31.7,39.7,23.2,0.75,16.7,126,113
果洛州,2016-05-19,77,38~159,良,44.9,93.5,24.2,0.546,14.1,124,190
果洛州,2016-05-20,85,45~132,良,48.4,98,24.4,0.554,16.4,119,271
果洛州,2016-05-21,55,31~129,良,36.3,20.3,19,0.546,13,121,204
果洛州,2016-05-22,61,39~85,良,43.2,17.1,18.4,0.508,12.6,123,244
果洛州,2016-05-23,59,40~115,良,38.3,46.3,20.7,0.465,11.4,143,200
果洛州,2016-05-24,56,31~100,良,25.4,52.1,18.4,0.444,14.5,148,182
果洛州,2016-05-25,34,0~114,优,24.1,13.4,6.1,0.2,5.2,120,108
果洛州,2016-05-26,18,0~62,优,10.9,9.5,9.6,0.258,5.3,101,54
果洛州,2016-05-27,53,27~113,良,36.1,16.1,20,0.568,15.5,110,188
果洛州,2016-05-28,63,35~123,良,43.9,8.8,17.8,0.467,11.2,115,228
果洛州,2016-05-29,49,31~110,优,26.9,40.3,19.5,0.513,13.6,130,143
果洛州,2016-05-30,52,32~108,良,34.1,16.7,18.9,0.492,14.4,143,125
果洛州,2016-05-31,51,27~100,良,34.7,16,20.6,0.55,15.4,132,143
果洛州,2016-06-01,61,36~127,良,43.1,3.3,19.7,0.496,11.7,121,229
果洛州,2016-06-02,65,28~107,良,38.3,68.1,22.3,0.495,13.6,160,256
果洛州,2016-06-03,81,53~160,良,47.3,76.9,21.4,0.517,16.8,137,296
果洛州,2016-06-04,69,44~112,良,38.6,46.9,18.2,0.463,13.8,173,269
果洛州,2016-06-05,72,47~150,良,43.1,65,18.5,0.552,19.5,158,265
果洛州,2016-06-06,71,37~166,良,43.2,65.3,18.5,0.454,15.4,143,216
果洛州,2016-06-07,59,34~117,良,38.8,23.8,17.8,0.488,16.1,146,191
果洛州,2016-06-08,76,45~180,良,44.8,70.2,17.8,0.479,17.6,127,245
果洛州,2016-06-09,58,35~117,良,39,11.7,19,0.496,13.5,124,185
果洛州,2016-06-10,60,30~129,良,38.8,10,19.4,0.45,12,150,202
果洛州,2016-06-11,58,38~117,良,40.3,16,19.3,0.483,14.8,153,228
果洛州,2016-06-12,71,33~175,良,46.2,36.5,20.1,0.517,18.4,144,264
果洛州,2016-06-13,76,41~169,良,36.3,84.5,21.4,0.488,18.5,137,260
果洛州,2016-06-14,71,0~175,良,33.8,75.9,19.8,0.913,17.1,112,248
果洛州,2016-06-15,54,40~127,良,33.9,45.3,19.1,0.458,13.6,148,218
果洛州,2016-06-16,88,45~360,良,41,92.4,20.2,0.525,20.2,147,261
果洛州,2016-06-17,106,42~407,轻度污染,45.3,126.1,20.5,0.554,23.5,139,288
果洛州,2016-06-18,53,0~196,良,30.1,36,11.1,0.796,10.8,114,159
果洛州,2016-06-19,79,43~173,良,46,69.3,21.2,0.525,19.3,125,292
果洛州,2016-06-20,73,39~125,良,44.7,75.6,19.9,0.496,17.7,109,277
果洛州,2016-06-21,53,25~98,良,34.1,23.3,21.1,0.492,16,128,205
果洛州,2016-06-22,55,27~89,良,32.5,50.5,21,0.483,17.9,96,215
果洛州,2016-06-23,48,30~144,优,32,17.4,16.9,0.433,11.7,106,201
果洛州,2016-06-24,54,21~82,良,37,4.6,13.6,0.458,13.8,83,262
果洛州,2016-06-25,53,27~120,良,35,15.8,11.9,0.496,14,85,222
果洛州,2016-06-26,56,33~124,良,34.2,20.1,11.6,0.4,11.8,133,209
果洛州,2016-06-27,74,49~162,良,35.6,79.7,12.7,0.446,14.5,144,268
果洛州,2016-06-28,69,0~142,良,35.1,96.6,10.4,0.394,15.9,151,260
果洛州,2016-06-29,20,0~71,优,10.6,23.5,3.3,0.142,5.7,142,89
果洛州,2016-06-30,63,41~183,良,41,49.8,12.3,0.483,15.7,134,262
果洛州,2016-07-01,58,51~72,良,31.3,57.6,12.9,0.521,18.9,135,302
果洛州,2016-07-02,70,52~376,良,50.7,43.1,12.3,0.508,19.5,151,267
果洛州,2016-07-03,82,38~319,良,49,56.8,12.9,0.508,19.7,132,285
果洛州,2016-07-04,88,53~176,良,46.3,100.7,12.5,0.533,21.8,126,307
果洛州,2016-07-05,69,45~148,良,46.8,29.2,13.9,0.529,22.7,91,272
果洛州,2016-07-06,55,25~166,良,37.3,19.8,12.5,0.567,19.3,74,198
果洛州,2016-07-07,56,25~156,良,36,18.9,11.6,0.529,19.3,74,223
果洛州,2016-07-08,56,30~128,良,38.5,13.6,10.8,0.492,16.8,73,212
果洛州,2016-07-09,39,19~112,优,27.2,3.3,11.5,0.504,13.5,57,129
果洛州,2016-07-10,59,31~124,良,38.8,11.1,11.6,0.525,14.8,71,206
果洛州,2016-07-11,70,36~119,良,50.3,11.3,9.3,0.438,10,110,275
果洛州,2016-07-12,36,0~112,优,21.3,43.4,4.4,0.367,3.9,106,129
果洛州,2016-07-13,56,23~144,良,35.8,11,16.5,0.471,10.6,149,228
果洛州,2016-07-14,71,46~113,良,39.7,46.7,19.2,0.533,15.8,165,304
果洛州,2016-07-15,83,42~293,良,38.1,102.2,19.8,0.579,21.8,146,321
果洛州,2016-07-16,76,35~190,良,31.7,95.8,19.7,0.533,19.3,133,277
果洛州,2016-07-17,70,45~114,良,42.8,53.4,20.1,0.504,18.7,105,257
果洛州,2016-07-18,60,32~107,良,42.3,1.6,18.5,0.479,10.9,112,219
果洛州,2016-07-19,60,35~99,良,42.2,26.5,19.3,0.454,14.4,150,265
果洛州,2016-07-20,68,38~153,良,41,68,20.1,0.508,18.1,128,292
果洛州,2016-07-21,61,23~117,良,42.4,6.9,14.4,0.554,9.8,108,255
果洛州,2016-07-22,73,50~120,良,50.3,35.9,10.2,0.504,17.3,141,302
果洛州,2016-07-23,75,33~281,良,48.9,39.2,11.2,0.517,21,96,245
果洛州,2016-07-24,47,25~86,优,31,27,11.8,0.429,14.7,114,158
果洛州,2016-07-25,52,33~127,良,29.8,17.4,12,0.404,10.6,121,181
果洛州,2016-07-26,64,41~97,良,40.8,49.5,11.5,0.492,16.4,130,251
果洛州,2016-07-27,82,40~180,良,43.5,99,12,0.538,22.5,141,279
果洛州,2016-07-28,80,43~430,良,41.4,88.6,11.8,0.517,21.4,143,230
果洛州,2016-07-29,74,40~155,良,48.6,69.1,12.9,0.546,24.1,160,253
果洛州,2016-07-30,77,45~283,良,42.6,81.8,12.3,0.5,22.3,157,231
果洛州,2016-07-31,76,47~218,良,44.5,76.3,11.8,0.525,21.3,154,272
果洛州,2016-08-01,79,45~230,良,35,78.3,12.8,0.496,22.5,153,279
果洛州,2016-08-02,76,0~139,良,49.2,65.5,12.8,0.479,24.4,138,306
果洛州,2016-08-03,27,0~109,优,18.3,12.3,4.3,0.158,9.7,86,105
果洛州,2016-08-04,31,0~200,优,15.3,30.5,4.5,0.2,7,104,96
果洛州,2016-08-05,53,16~170,良,33.8,6.8,9.9,0.483,13.8,131,165
果洛州,2016-08-06,51,24~124,良,27,54.8,11,0.538,20.5,118,177
果洛州,2016-08-07,58,38~108,良,29.2,63.7,11.8,0.513,20.5,138,259
果洛州,2016-08-08,61,41~116,良,30.4,69.4,11.6,0.517,21.3,146,274
果洛州,2016-08-09,71,41~190,良,33.5,90.7,12.4,0.471,21.7,141,264
果洛州,2016-08-10,71,36~158,良,30,85.6,12,0.517,21.7,154,276
果洛州,2016-08-11,58,37~132,良,26.4,64.1,11.8,0.525,19.4,151,239
果洛州,2016-08-12,54,31~122,良,24.5,61.3,10.3,0.563,22,124,209
果洛州,2016-08-13,46,13~130,优,26.2,29.2,11.5,0.675,26.6,115,166
果洛州,2016-08-14,43,29~68,优,26.1,19,10.7,0.563,23.8,129,180
果洛州,2016-08-15,39,25~118,优,22.5,3.8,10.6,0.554,17.1,127,150
果洛州,2016-08-16,48,26~116,优,27.1,41.9,10.7,0.567,25.1,133,182
果洛州,2016-08-17,66,30~158,良,32.9,82.1,11.3,0.542,28.1,131,220
果洛州,2016-08-18,76,34~179,良,38.8,99.2,10.2,0.579,30.8,111,259
果洛州,2016-08-19,28,0~106,优,12.1,28.4,5.8,0.621,12.2,91,111
果洛州,2016-08-20,38,20~52,优,24.7,0,17,0.757,26,135,118
果洛州,2016-08-21,36,0~68,优,17.2,16.8,12.1,0.65,18.9,144,112
果洛州,2016-08-22,43,0~81,优,21.3,39.5,9.8,0.696,21.1,142,126
果洛州,2016-08-23,37,26~48,优,20.1,16.5,10.6,0.55,21.6,146,72
果洛州,2016-08-24,40,26~66,优,21.3,18,11.1,0.575,24.5,139,78
果洛州,2016-08-25,36,24~46,优,18.3,10.5,11.2,0.513,17.2,147,112
果洛州,2016-08-26,40,20~73,优,22.1,32.5,11.2,0.571,24.8,136,173
果洛州,2016-08-27,47,21~157,优,27.1,34.4,10.4,0.5,21.1,111,136
果洛州,2016-08-28,30,18~40,优,14.8,13.4,11.6,0.521,20.7,127,55
果洛州,2016-08-29,56,26~99,良,27.6,58.2,10.2,0.471,14.2,125,185
果洛州,2016-08-30,47,26~112,优,27.2,40.1,11.1,0.438,8.9,102,138
果洛州,2016-08-31,31,22~40,优,18.9,2.3,11.8,0.529,17.2,97,71
果洛州,2016-09-01,35,28~62,优,19,14.9,10.6,0.5,18.7,108,110
果洛州,2016-09-02,33,26~63,优,9.4,13.7,11.2,0.463,10.8,119,74
果洛州,2016-09-03,32,16~52,优,12.3,26.2,11,0.529,18.8,128,49
果洛州,2016-09-04,31,20~49,优,11.5,20,11.4,0.471,14.1,112,46
果洛州,2016-09-05,36,28~41,优,5.6,15.7,11,0.463,12,129,79
果洛州,2016-09-06,48,17~126,优,15.3,48.3,10.6,0.513,21.8,145,151
果洛州,2016-09-07,52,27~87,良,17,57,12.3,0.513,26.2,130,184
果洛州,2016-09-08,32,21~51,优,10.4,23.6,11.2,0.446,17.8,113,57
果洛州,2016-09-09,43,17~120,优,14,39.1,12.4,0.496,20.2,127,115
果洛州,2016-09-10,59,37~144,良,17.8,68.3,10.1,0.483,25.1,134,206
果洛州,2016-09-11,52,24~120,良,20.3,58.8,12.5,0.542,24.6,136,182
果洛州,2016-09-12,41,28~84,优,13.9,26.1,11,0.429,15,125,118
果洛州,2016-09-13,47,26~90,优,18.3,46,11.6,0.496,20.3,126,131
果洛州,2016-09-14,32,30~35,优,8,9.6,11,0.395,10,110,59
果洛州,2016-09-15,33,17~94,优,13.5,26.7,10.6,0.45,11.8,114,94
果洛州,2016-09-16,46,29~129,优,13.6,46,10.4,0.458,18.8,120,163
果洛州,2016-09-17,29,20~38,优,9.1,16.7,10.6,0.443,9.3,99,74
果洛州,2016-09-18,33,31~35,优,11.1,12.4,11.8,0.408,7.1,106,83
果洛州,2016-09-19,41,22~118,优,15.6,17.7,11.3,0.493,14.7,122,100
果洛州,2016-09-20,39,14~93,优,13.1,31.5,13.1,0.383,13.1,133,93
果洛州,2016-09-21,53,19~133,良,20.3,64.6,20,0.533,26.2,139,141
果洛州,2016-09-22,54,31~120,良,21.5,58.5,13.8,0.542,24.7,122,121
果洛州,2016-09-23,38,18~97,优,12.6,29.2,11.7,0.467,15,118,66
果洛州,2016-09-24,24,0~62,优,4.4,9.5,7.9,0.604,8.2,123,38
果洛州,2016-09-25,50,21~135,优,17,56,19,0.558,28.1,134,123
果洛州,2016-09-26,34,22~43,优,11,16.9,16.9,0.458,14.2,124,45
果洛州,2016-09-27,37,29~47,优,16.4,15.6,17,0.429,12.6,120,96
果洛州,2016-09-28,51,22~87,良,25.2,58,27.6,0.567,28.7,120,216
果洛州,2016-09-29,24,0~41,优,9.2,11.4,10.5,0.509,7.9,115,91
果洛州,2016-09-30,51,28~149,良,28.4,52.7,24.7,0.613,25.8,115,164
果洛州,2016-10-01,64,27~196,良,33.4,80,28.6,0.638,29.7,120,171
果洛州,2016-10-02,100,42~342,良,41.5,137.1,29.8,0.658,32,125,262
果洛州,2016-10-03,103,40~235,轻度污染,44.8,152.9,28.9,0.721,44.8,132,285
果洛州,2016-10-04,115,50~183,轻度污染,55.1,179.9,22.4,0.517,15,117,323
果洛州,2016-10-05,63,35~107,良,32.4,77.8,20.9,0.496,18.5,142,203
果洛州,2016-10-06,47,22~68,优,21.8,48.9,18.2,0.446,15.9,143,134
果洛州,2016-10-07,50,21~113,良,22.2,54.3,14.4,0.567,16.8,106,166
果洛州,2016-10-08,48,27~106,优,23.6,52.7,17.9,0.546,18.7,128,177
果洛州,2016-10-09,38,29~63,优,21.8,34.9,15.1,0.517,13.3,100,122
果洛州,2016-10-10,31,24~51,优,17,21.5,17.5,0.621,10.8,87,64
果洛州,2016-10-11,29,21~43,优,15.9,11.8,12.4,0.467,9.1,92,58
果洛州,2016-10-12,33,26~46,优,15.7,24.6,15.4,0.604,8.5,107,69
果洛州,2016-10-13,45,22~105,优,23.6,43,19.8,0.95,20.3,120,114
果洛州,2016-10-14,57,21~129,良,31.8,64,22,1.017,28.6,115,155
果洛州,2016-10-15,58,35~139,良,31.3,65.6,19.8,1.05,24.5,125,167
果洛州,2016-10-16,54,32~227,良,28.2,53.7,18.5,1.242,16.6,111,121
果洛州,2016-10-17,54,35~93,良,22,61.6,15.1,0.954,20.9,114,138
果洛州,2016-10-18,61,28~198,良,29.8,70.2,27.3,0.996,28.8,113,142
果洛州,2016-10-19,45,22~108,优,19.4,48.6,27.2,1.188,25.6,111,110
果洛州,2016-10-20,42,0~83,优,21.7,40.6,28.5,1.533,31,101,130
果洛州,2016-10-21,60,21~177,良,29.7,76.2,32.7,1.217,37.8,100,192
果洛州,2016-10-22,55,25~86,良,28.5,61.2,28.1,1.117,23.8,117,249
果洛州,2016-10-23,46,33~78,优,21.7,47,17.1,1.121,20.2,126,213
果洛州,2016-10-24,44,18~93,优,20.2,46.5,24.2,1.054,20.3,127,155
果洛州,2016-10-25,49,26~152,优,27.9,54,28.8,0.858,23.9,109,149
果洛州,2016-10-26,32,20~63,优,16.5,25.3,28.2,0.938,17.9,109,95
果洛州,2016-10-27,34,24~47,优,21.5,27.2,30.3,1.5,18.6,95,122
果洛州,2016-10-28,45,31~64,优,21,44.1,29.6,1.438,9.6,132,204
果洛州,2016-10-29,80,54~130,良,24.8,109,20.3,1.413,11,106,311
果洛州,2016-10-30,74,45~116,良,32.9,98.3,33.3,1.546,21.1,101,270
果洛州,2016-10-31,62,28~149,良,27.8,77.1,32.1,1.604,20.1,102,228
果洛州,2016-11-01,54,29~105,良,26,61.3,32,1.379,22,95,186
果洛州,2016-11-02,33,21~52,优,16.3,25.7,27.8,0.717,6.2,104,58
果洛州,2016-11-03,42,18~144,优,22.4,46.3,34.9,0.846,11.5,108,65
果洛州,2016-11-04,53,30~160,良,26.3,57,41.3,0.871,15.4,109,72
果洛州,2016-11-05,67,29~164,良,35.2,81.1,32.3,1.025,20.5,102,99
果洛州,2016-11-06,71,36~160,良,35.6,87.3,39.3,1.071,19.9,103,112
果洛州,2016-11-07,94,77~115,良,38.1,137,34.8,0.829,6.7,97,240
果洛州,2016-11-08,76,31~117,良,34.8,102.9,25.8,0.75,4.8,89,257
果洛州,2016-11-09,54,27~84,良,24.9,60.5,24.7,0.75,6,104,192
果洛州,2016-11-10,77,40~235,良,29.3,100.3,29.8,0.817,16.6,101,234
果洛州,2016-11-11,95,42~465,良,41.3,122.5,48.8,1.313,32,96,226
果洛州,2016-11-12,66,44~95,良,33.7,82.7,37.9,1.057,24.6,95,146
果洛州,2016-11-13,73,47~269,良,29.5,91.5,32.7,0.946,21.5,96,120
果洛州,2016-11-14,63,16~142,良,27.8,78.8,27.6,1.133,19.6,123,111
果洛州,2016-11-15,68,46~138,良,32.3,85.6,23.3,0.996,23.7,96,144
果洛州,2016-11-16,73,39~135,良,39,94.9,28.8,1.096,25.9,100,159
果洛州,2016-11-17,56,34~150,良,25.3,64.4,21.4,1.042,19.3,104,95
果洛州,2016-11-18,63,30~154,良,32.5,76.3,30.1,1.035,20.3,101,133
果洛州,2016-11-19,77,52~183,良,34.5,101.3,27.5,0.917,17.3,111,0
果洛州,2016-11-20,71,31~193,良,29.1,93.2,27.3,1.008,18.4,107,0
果洛州,2016-11-21,96,49~178,良,52.5,134,38.8,1.233,33.3,99,0
果洛州,2016-11-22,80,56~155,良,40.6,106.2,27,1.021,20.4,108,0
果洛州,2016-11-23,82,0~168,良,37.6,118.3,27.2,0.967,21.2,106,0
果洛州,2016-11-24,72,2~133,良,30.9,95.2,42.2,1.121,21.4,102,0
果洛州,2016-11-25,67,38~148,良,33.4,85.5,40.3,0.946,17.2,111,0
果洛州,2016-11-26,73,44~189,良,31.5,95.7,40.2,0.925,17.5,111,0
果洛州,2016-11-27,85,32~264,良,46.7,110.1,45.9,1.267,25.6,95,0
果洛州,2016-11-28,74,52~192,良,36.5,95.4,36.5,0.942,17.3,104,0
果洛州,2016-11-29,54,30~113,良,22.9,61.8,28.7,0.85,13.1,100,0
果洛州,2016-11-30,73,0~180,良,35.3,94.3,34.9,0.958,18.9,105,0
果洛州,2016-12-01,55,10~122,良,27.6,64.4,31.2,1.021,16.6,98,0
果洛州,2016-12-02,43,29~73,优,18,42.6,22.1,0.854,10.5,96,0
果洛州,2016-12-03,64,43~162,良,27.8,75.7,31.4,0.9,15.6,111,0
果洛州,2016-12-04,70,14~162,良,39.8,83.2,44.3,1.2,24.8,116,0
果洛州,2016-12-05,67,29~207,良,38.7,78.3,47.5,1.213,23,106,0
果洛州,2016-12-06,54,32~107,良,25.8,61.3,39.2,0.971,18.2,125,0
果洛州,2016-12-07,61,30~186,良,32.3,69.9,43.4,0.904,17.7,106,0
果洛州,2016-12-08,73,24~274,良,38.8,80.2,50.4,1.329,18.6,407,0
果洛州,2016-12-09,66,29~208,良,30.8,82.8,45.8,0.983,17.8,92,0
果洛州,2016-12-10,97,39~299,良,43.7,127.5,53.1,1.075,22.6,92,0
果洛州,2016-12-11,99,50~272,良,51.4,132,46.9,1.163,24.5,83,0
果洛州,2016-12-12,120,53~194,轻度污染,49.9,190.2,38.6,1.071,21,99,0
果洛州,2016-12-13,82,0~225,良,36.1,96.9,46.1,0.987,16.9,429,0
果洛州,2016-12-14,80,49~262,良,38.3,104.6,55.1,0.967,17.1,96,0
果洛州,2016-12-15,73,0~285,良,31.8,93.2,48,1.1,16.4,92,0
果洛州,2016-12-16,83,45~222,良,44.9,105.8,43.1,1.079,19.7,88,0
果洛州,2016-12-17,78,31~233,良,41,93.5,51.9,1.388,18.1,92,0
果洛州,2016-12-18,84,43~199,良,46.4,110,65.8,1.263,23.8,91,0
果洛州,2016-12-19,97,52~234,良,54.1,127,64.7,1.413,25.3,89,0
果洛州,2016-12-20,95,62~259,良,52.7,131.4,54,1.008,18.8,100,0
果洛州,2016-12-21,87,53~177,良,35.2,122,34.3,1.021,19.2,114,0
果洛州,2016-12-22,92,48~286,良,44.8,127.7,57.1,1.25,27.3,89,0
果洛州,2016-12-23,63,0~156,良,32.9,95.1,45.3,0.846,19.8,92,0
果洛州,2016-12-24,54,0~230,良,25.4,74.6,38.6,0.675,17.3,94,0
果洛州,2016-12-25,97,55~210,良,39.4,139.9,42.7,1.104,22,96,0
果洛州,2016-12-26,47,33~69,优,17.3,46.8,23.6,0.746,9.7,106,0
果洛州,2016-12-27,66,39~170,良,29.3,77.4,42.8,0.863,15.7,100,0
果洛州,2016-12-28,66,0~179,良,33.5,77.8,48.1,0.879,17.4,92,0
果洛州,2016-12-29,54,0~118,良,18.3,67.5,38.5,1.217,12.5,106,0
果洛州,2016-12-30,75,0~241,良,39.8,94.7,46.9,1.454,20.4,108,0
果洛州,2016-12-31,71,30~175,良,36.7,89.9,59.8,1.513,22.2,108,0
果洛州,2017-01-01,35,0~112,优,20.2,31.8,41,1.417,10.8,95,0
果洛州,2017-01-02,52,27~213,良,29.9,43.3,60.2,1.321,16.8,104,0
果洛州,2017-01-03,58,20~252,良,33.4,54.2,42.4,1.288,15.6,192,0
果洛州,2017-01-04,53,30~178,良,31.3,56.2,44.1,1.146,19.2,100,0
果洛州,2017-01-05,64,29~140,良,32.9,71.3,40.4,1.121,18.5,102,0
果洛州,2017-01-06,65,0~223,良,39.9,69.3,39.6,1.45,18.2,105,0
果洛州,2017-01-07,51,7~162,良,28.9,41.5,37.5,1.779,16.5,112,0
果洛州,2017-01-08,54,23~158,良,30,54.3,40.4,1.183,16.3,102,0
果洛州,2017-01-09,67,48~169,良,33.8,80.8,54.5,1.296,21.5,108,0
果洛州,2017-01-10,65,42~98,良,28.5,80.3,46.6,1.129,18,87,0
果洛州,2017-01-11,62,37~81,良,31.6,74.9,29.8,1.03,12.3,104,0
果洛州,2017-01-12,55,46~84,良,31.8,60.4,41.6,1.088,16.7,102,0
果洛州,2017-01-13,54,30~104,良,34,46,43.5,1.275,20.2,93,0
果洛州,2017-01-14,51,29~220,良,30,49.3,48.1,1.171,18.2,100,0
果洛州,2017-01-15,65,30~206,良,32,72.1,43.5,1.242,18.3,108,0
果洛州,2017-01-16,62,39~132,良,35.9,71.8,56.6,1.246,21.9,102,0
果洛州,2017-01-17,91,30~298,良,50.4,113.4,48.4,1.113,20.9,109,0
果洛州,2017-01-18,117,55~296,轻度污染,46.8,178.7,49.8,1.45,20.4,113,0
果洛州,2017-01-19,81,51~125,良,30.8,112.3,40.4,1.45,17.9,97,0
果洛州,2017-01-20,130,42~500,轻度污染,34.9,164.5,41.5,1.258,14.9,105,0
果洛州,2017-01-21,135,60~393,轻度污染,40.8,207.4,34.8,1.258,13,101,0
果洛州,2017-01-22,70,34~351,良,40.8,79.8,51.8,1.463,19.8,97,0
果洛州,2017-01-23,48,31~122,优,24.9,51.8,36.8,1.317,14.9,100,0
果洛州,2017-01-24,44,24~127,优,21.4,46.9,35.8,1.196,13,97,0
果洛州,2017-01-25,59,30~202,良,28.1,65,37.9,1.363,15.3,97,0
果洛州,2017-01-26,83,28~216,良,38.3,104.9,36.4,1.392,15.8,93,0
果洛州,2017-01-27,79,30~253,良,39.7,98.8,47.3,1.454,18,98,0
果洛州,2017-01-28,105,28~256,轻度污染,63.4,151.1,50.5,1.604,23.6,90,0
果洛州,2017-01-29,74,50~124,良,29.6,97.8,37.5,1.288,14.5,101,0
果洛州,2017-01-30,67,31~233,良,36.2,76.4,40.2,1.408,17.7,104,0
果洛州,2017-01-31,45,26~72,优,23.4,46.1,39,1.275,15.1,99,0
