海口,2013-12-02,60,57~66,良,40.4,71.9,15.7,0.58,18.5,131,4
海口,2013-12-03,59,57~74,良,35.5,64,8.3,0.877,15.5,116,3
海口,2013-12-04,67,58~88,良,55,81.7,11.8,0.643,13.7,153,6
海口,2013-12-05,84,76~90,良,59.6,86.9,12.6,1.035,17.1,130,22
海口,2013-12-06,70,66~76,良,53.1,82.5,16.2,0.633,20.4,137,16
海口,2013-12-07,96,77~111,良,81.6,112.9,18.7,1.195,37.8,138,19
海口,2013-12-08,109,105~112,轻度污染,71,95.9,9.5,0.832,31.8,162,18
海口,2013-12-09,105,99~111,轻度污染,74.6,102.6,10.5,1.095,18.7,113,33
海口,2013-12-10,135,100~172,轻度污染,130.9,166.7,17.5,1.214,27,117,77
海口,2013-12-11,171,168~173,中度污染,126.8,165.5,19,1.55,18,90,101
海口,2013-12-12,158,123~173,中度污染,92.4,123.6,15.5,1.132,21.5,75,99
海口,2013-12-13,99,89~122,良,73.2,94,9.1,1.378,28,38,45
海口,2013-12-14,102,82~110,轻度污染,60.2,83.4,7.2,0.983,20.3,57,38
海口,2013-12-15,49,27~79,优,18,23.4,4.5,1.146,19.5,32,10
海口,2013-12-16,18,15~24,优,6.8,7.1,4.6,0.938,12.6,38,1
海口,2013-12-17,16,13~20,优,10.9,17.6,5.9,0.776,13.3,34,4
海口,2013-12-18,31,21~40,优,28.5,36.9,10,0.735,14.7,51,17
海口,2013-12-19,39,34~72,优,22.4,34,7.8,0.819,14.5,55,14
海口,2013-12-20,39,34~46,优,29.4,44.7,10,0.509,14.3,66,4
海口,2013-12-21,54,46~81,良,46.4,65.5,15.9,0.964,15.8,72,7
海口,2013-12-22,86,67~100,良,75.3,97.1,18.4,0.848,14.7,90,14
海口,2013-12-23,103,100~103,轻度污染,74.9,97.1,18.1,1.068,16.3,95,21
海口,2013-12-24,94,85~100,良,63.3,86.7,16.6,0.775,16.7,109,19
海口,2013-12-25,81,80~85,良,59.7,82.5,17.1,0.978,16.8,109,9
海口,2013-12-26,83,80~88,良,64.9,89.7,17.3,0.813,21.1,114,18
海口,2013-12-27,104,89~122,轻度污染,88,114.7,24.5,1.182,18,119,56
海口,2013-12-28,144,124~161,轻度污染,121,149,30.8,1.213,19.4,117,86
海口,2013-12-29,142,112~159,轻度污染,76.9,104.4,21.6,1.117,20.1,101,88
海口,2013-12-30,84,76~108,良,58.2,87,18.3,0.767,29.6,113,20
海口,2013-12-31,100,79~118,轻度污染,88.4,122,21.6,1.325,39.2,125,39
海口,2014-01-01,140,119~150,轻度污染,114.7,149.5,17.5,1.4,64.8,147,121
海口,2014-01-02,122,83~149,轻度污染,98.8,105,14.3,1.722,48,167,80
海口,2014-01-03,69,53~95,良,48.1,70.8,6.3,0.883,27.1,83,30
海口,2014-01-04,121,76~171,轻度污染,90.8,117.6,16,1.305,34.5,126,90
海口,2014-01-05,154,110~187,中度污染,116.4,143,14.5,1.186,26.3,125,94
海口,2014-01-06,95,79~116,良,70.9,108.4,6.1,1.219,16.1,103,44
海口,2014-01-07,63,54~83,良,41.7,68.2,4.6,0.705,20.1,57,35
海口,2014-01-08,45,27~66,优,25,44.4,4.2,0.761,13.6,44,41
海口,2014-01-09,67,57~79,良,47.7,66.3,8.3,1.3,17.1,70,75
海口,2014-01-10,56,42~74,良,33.9,58.3,5.8,1.1,15.8,72,19
海口,2014-01-11,47,36~55,优,22.5,47.2,3.6,0.568,8.4,65,11
海口,2014-01-12,73,40~126,良,49.5,71.6,8.6,1,8.3,116,71
海口,2014-01-13,70,49~87,良,50.7,69.4,10.2,1.085,11.8,80,65
海口,2014-01-14,90,52~108,良,66.9,81.9,13.7,1.225,15.9,72,73
海口,2014-01-15,71,57~106,良,51.3,69.5,10.1,0.815,16.4,99,30
海口,2014-01-16,52,41~60,良,29.4,54.5,5.8,0.757,9.4,111,9
海口,2014-01-17,78,37~143,良,53.1,77.4,9.7,0.681,16.1,153,30
海口,2014-01-18,112,76~169,轻度污染,84,111.1,13.7,1.139,30.9,122,57
海口,2014-01-19,85,71~98,良,62.3,90.5,11.2,0.717,17.7,125,28
海口,2014-01-20,90,74~121,良,66.8,97.1,11.3,0.981,15.5,155,72
海口,2014-01-21,141,114~158,轻度污染,107.2,136.9,20.2,0.987,18.5,122,162
海口,2014-01-22,72,60~89,良,48,89.8,13.4,0.575,13.4,131,37
海口,2014-01-23,78,55~114,良,53.4,84.1,9.1,0.722,27.7,110,36
海口,2014-01-24,51,41~60,良,26.6,51.6,4.6,0.767,21,78,15
海口,2014-01-25,42,26~59,优,22.9,40.8,5.6,0.539,19.2,66,14
海口,2014-01-26,55,35~103,良,31.2,49.1,6.4,0.971,13.1,96,39
海口,2014-01-27,59,41~89,良,36.7,57.6,6.3,0.655,12.8,96,49
海口,2014-01-28,52,46~68,良,26.5,50.8,4.2,0.8,9.7,72,38
海口,2014-01-29,47,37~58,优,28.2,46.9,4.7,0.505,10,86,21
海口,2014-01-30,51,41~78,良,30.1,48.8,6.8,0.855,9.5,83,12
海口,2014-01-31,82,57~129,良,59.7,80.9,10.7,0.504,6.9,78,21
海口,2014-02-01,39,25~52,优,25.2,37.1,4.6,0.459,7.5,53,10
海口,2014-02-02,33,21~52,优,21.5,31.5,5.8,0.477,10.9,45,5
海口,2014-02-03,34,24~44,优,20.8,32.3,4.4,0.455,16.1,39,14
海口,2014-02-04,31,26~37,优,19.4,30.3,4.8,0.444,9.8,47,12
海口,2014-02-05,32,23~73,优,16.5,28.7,3.4,0.827,7.7,56,31
海口,2014-02-06,19,12~24,优,7.9,17.9,3.2,0.45,7.2,38,9
海口,2014-02-07,22,19~24,优,10.7,21.7,3,0.4,9.3,15,11
海口,2014-02-08,26,18~38,优,14.4,25.8,3.1,0.4,7.4,22,14
海口,2014-02-09,35,17~88,优,22.8,30.5,4.2,0.871,13.6,27,53
海口,2014-02-10,26,11~50,优,17.6,23.2,4,0.876,10.7,21,14
海口,2014-02-11,56,34~73,良,39.4,45.3,5,1.222,12,30,46
海口,2014-02-12,32,16~52,优,22.4,28.4,4.3,0.838,13.8,38,5
海口,2014-02-13,28,13~58,优,18.5,21.2,5,1.065,12.6,26,13
海口,2014-02-14,61,53~71,良,43.4,53.1,7.8,0.85,10.4,54,31
海口,2014-02-15,57,41~78,良,37.6,51.7,5.8,1.15,19,62,21
海口,2014-02-16,55,38~72,良,28.3,59.3,5.6,0.863,27.7,60,39
海口,2014-02-17,36,20~67,优,19.1,34.1,6,0.961,21.2,53,23
海口,2014-02-18,37,22~84,优,23,35.7,4.2,0.708,15,34,42
海口,2014-02-19,23,14~70,优,14.7,17.5,5.4,1.213,13.7,35,15
海口,2014-02-20,35,23~49,优,20.9,33.4,7.2,0.771,14.6,81,12
海口,2014-02-21,53,46~57,良,18.4,55.3,4.7,0.51,16.1,83,11
海口,2014-02-22,44,32~53,优,19.2,43,3.8,0.513,13,53,5
海口,2014-02-23,47,39~63,优,22.9,48.1,4.3,0.517,13,62,8
海口,2014-02-24,38,32~47,优,16.6,37.4,3.9,0.479,13.6,50,6
海口,2014-02-25,34,23~66,优,12.1,31.6,3.7,0.7,12.9,39,13
海口,2014-02-26,33,18~47,优,16.3,32.2,4.1,0.488,15.4,30,7
海口,2014-02-27,37,28~65,优,16,34.3,4,0.743,12.9,36,19
海口,2014-02-28,28,17~36,优,11.6,26.7,3.4,0.455,11.4,35,8
海口,2014-03-01,35,21~53,优,12.3,34.1,4.5,0.453,18.8,38,19
海口,2014-03-02,33,20~45,优,16.7,32.3,4.7,0.461,16.3,32,15
海口,2014-03-03,34,19~67,优,14.6,31.6,3.3,0.717,12.8,22,12
海口,2014-03-04,29,18~43,优,12,28.3,3.3,0.465,14.9,21,8
海口,2014-03-05,51,20~63,良,32.5,53,4.1,1.086,35.9,32,50
海口,2014-03-06,38,29~52,优,17.5,37.5,3.2,0.6,11.1,48,21
海口,2014-03-07,38,29~69,优,14.8,35.9,3,0.8,11.7,43,30
海口,2014-03-08,44,34~56,优,18.7,43.6,3.2,0.543,12.2,50,37
海口,2014-03-09,28,10~58,优,17.3,25.5,4,0.891,21.7,36,16
海口,2014-03-10,17,9~27,优,7.5,15.2,4,0.717,15.5,43,1
海口,2014-03-11,39,22~65,优,13.2,35.9,3.7,0.871,13.7,48,11
海口,2014-03-12,50,38~61,优,23.4,51.5,4.8,0.624,20.8,71,37
海口,2014-03-13,43,27~78,优,25.4,40.1,4.4,1.013,22,25,23
海口,2014-03-14,56,37~77,良,37.9,55.9,7.5,0.939,19.9,54,24
海口,2014-03-15,59,43~79,良,36.6,63.7,6.5,1.133,16.9,54,19
海口,2014-03-16,50,39~61,良,24,52.1,3.9,0.625,16.4,59,6
海口,2014-03-17,53,44~65,良,25.9,54.3,4.3,0.83,12.7,52,8
海口,2014-03-18,43,34~49,优,20.4,41.6,3.6,0.541,13.2,35,6
海口,2014-03-19,42,30~66,优,19.3,39.6,4.3,0.796,12.5,45,7
海口,2014-03-20,38,29~46,优,19.1,36.8,4,0.513,11.6,29,11
海口,2014-03-21,58,34~68,良,37.9,61.9,8.5,1.021,16.3,34,48
海口,2014-03-22,44,27~60,优,23.2,44.5,4.7,0.7,9.6,91,11
海口,2014-03-23,43,34~52,优,16.3,39,3.7,0.674,8.9,70,3
海口,2014-03-24,43,35~50,优,17.7,41.7,4.4,0.5,11.6,62,8
海口,2014-03-25,44,36~51,优,17.2,42.8,3.4,0.484,9.8,41,7
海口,2014-03-26,37,30~44,优,18.3,36.3,3.2,0.473,8.3,41,4
海口,2014-03-27,35,23~67,优,14.9,33,3.6,0.741,9.9,30,5
海口,2014-03-28,33,17~51,优,11,32.3,3.5,0.435,7.9,24,11
海口,2014-03-29,35,15~66,优,13.1,32.8,4.2,0.763,13.3,23,17
海口,2014-03-30,37,17~58,优,13,36.7,3.4,0.47,9.8,25,16
海口,2014-03-31,36,14~64,优,14.6,33.3,4.9,0.755,12,49,16
海口,2014-04-01,43,14~64,优,20.6,44.3,4.8,0.647,20.1,44,21
海口,2014-04-02,46,24~65,优,16.8,44.6,4.6,0.983,18.1,44,20
海口,2014-04-03,32,14~55,优,15.6,30.8,4.7,0.736,20.2,56,15
海口,2014-04-04,36,19~64,优,15.8,25.7,4.5,0.917,9.3,122,6
海口,2014-04-05,44,37~53,优,21.9,42.3,4,0.613,8.5,82,8
海口,2014-04-06,37,23~66,优,16.9,30.9,4.1,0.864,11.1,66,9
海口,2014-04-07,51,30~66,良,20.7,53.5,4,0.509,9.5,66,25
海口,2014-04-08,54,27~68,良,21.1,56.7,4.3,0.804,14.7,57,17
海口,2014-04-09,39,24~51,优,15.8,37.5,4.1,0.55,11.8,51,4
海口,2014-04-10,32,26~64,优,14.4,29.5,3.3,0.767,9.1,26,4
海口,2014-04-11,35,27~41,优,16,33.6,3,0.495,8.5,30,3
海口,2014-04-12,35,26~64,优,16.3,32.5,3.1,0.841,8.4,22,10
海口,2014-04-13,35,24~47,优,16.3,34.3,3.6,0.5,8.4,21,6
海口,2014-04-14,37,28~64,优,17.6,34.9,3.7,0.746,9.5,21,6
海口,2014-04-15,37,28~47,优,16.4,35.9,3.1,0.548,8.4,41,5
海口,2014-04-16,36,29~64,优,14.8,33.6,3,0.774,10,41,8
海口,2014-04-17,35,28~43,优,13.8,33.7,2.8,0.525,10.7,49,7
海口,2014-04-18,37,24~65,优,16.2,35,3.8,0.777,10.1,45,13
海口,2014-04-19,31,22~40,优,13.9,29.8,3.1,0.496,9.2,46,10
海口,2014-04-20,30,19~64,优,13.2,28,3,0.708,10.5,37,10
海口,2014-04-21,29,19~40,优,13.1,28.4,2.8,0.478,9.1,23,9
海口,2014-04-22,32,18~60,优,13.7,30,2.9,0.654,9,25,13
海口,2014-04-23,27,17~38,优,12.7,26.8,2.7,0.404,8,13,4
海口,2014-04-24,29,15~58,优,12.6,27,3.1,0.63,7.1,26,6
海口,2014-04-25,28,17~41,优,13.6,27.8,3.2,0.417,8.1,39,9
海口,2014-04-26,29,18~64,优,13,26.7,3,0.668,7.4,32,17
海口,2014-04-27,35,18~66,优,18.9,32.6,4.2,0.482,8.1,153,22
海口,2014-04-28,38,22~69,优,17.4,32.1,6.8,0.983,8.8,99,10
海口,2014-04-29,56,48~66,良,33.6,49.6,5.8,0.9,10.6,123,17
海口,2014-04-30,38,26~58,优,22.2,36.4,4.2,1.02,13.5,76,5
海口,2014-05-01,31,19~40,优,15.9,27.9,3.9,0.658,15.8,97,5
海口,2014-05-02,29,18~66,优,10,20.6,3.1,0.9,8.7,71,7
海口,2014-05-03,31,21~39,优,12.5,25.2,3.2,0.557,7.9,76,5
海口,2014-05-04,25,12~65,优,9.4,21.1,4.8,0.804,12,61,8
海口,2014-05-05,35,20~45,优,16.7,30.9,5.9,0.733,14.7,96,21
海口,2014-05-06,39,22~65,优,16.7,32.7,3.2,0.865,8.9,80,19
海口,2014-05-07,30,21~35,优,12,27.1,2.8,0.543,8.6,67,6
海口,2014-05-08,33,21~65,优,12.3,31.1,4,0.822,17.3,39,10
海口,2014-05-09,33,17~57,优,13.9,33,4.1,0.519,14.5,72,18
海口,2014-05-10,33,22~65,优,13.5,30.4,3.5,0.725,11.2,70,23
海口,2014-05-11,40,29~54,优,16.4,39.7,5,0.591,15.8,78,51
海口,2014-05-12,43,29~64,优,17.3,40.9,5.1,0.8,17,87,28
海口,2014-05-13,32,23~45,优,14.9,31.4,3.5,0.496,13.5,58,10
海口,2014-05-14,33,21~55,优,14.2,31.5,3.9,0.65,11.4,58,16
海口,2014-05-15,35,28~45,优,16,34,3.3,0.459,14.4,77,14
海口,2014-05-16,38,26~73,优,15.5,34.9,3.7,0.855,18,64,15
海口,2014-05-17,26,19~38,优,12,25.5,3.4,0.47,11.4,49,9
海口,2014-05-18,25,14~64,优,9.1,22.5,3.3,0.636,9.6,63,9
海口,2014-05-19,31,19~46,优,14.3,30.7,4.7,0.476,14.3,83,12
海口,2014-05-20,33,19~66,优,12.4,30.5,4.5,0.688,13.2,88,13
海口,2014-05-21,28,19~39,优,12.2,26.9,3.4,0.433,12.5,44,7
海口,2014-05-22,32,18~58,优,12.6,30.4,3.5,0.677,10.5,53,16
海口,2014-05-23,29,18~43,优,12.6,28.2,3.3,0.424,10.8,37,11
海口,2014-05-24,31,17~66,优,11.1,29,4,0.679,12.7,57,21
海口,2014-05-25,18,11~30,优,7.8,17.7,3.5,0.396,9.1,59,4
海口,2014-05-26,27,7~71,优,9.8,24,4.7,0.745,11.6,63,10
海口,2014-05-27,29,20~44,优,15.3,28.2,6,0.479,14.3,67,5
海口,2014-05-28,41,30~66,优,18.7,38.2,7.8,0.92,16.1,77,17
海口,2014-05-29,32,22~42,优,15.4,31.4,5.2,0.538,18.6,82,8
海口,2014-05-30,29,16~66,优,11.2,25.5,3.9,0.818,12.8,55,8
海口,2014-05-31,26,15~44,优,11.1,25.2,3.8,0.438,10.8,56,8
海口,2014-06-01,28,13~64,优,10.9,23.7,4.7,0.864,9.4,67,16
海口,2014-06-02,28,17~39,优,13.2,25.8,5.7,0.469,9.6,77,12
海口,2014-06-03,30,16~64,优,12.7,25.4,4,0.827,10.2,85,15
海口,2014-06-04,31,18~41,优,12.5,29.7,4.3,0.447,13.8,100,9
海口,2014-06-05,32,20~64,优,11.4,27.8,4.1,0.871,9.6,92,15
海口,2014-06-06,29,23~39,优,12.3,25.6,3.6,0.481,13.4,64,11
海口,2014-06-07,32,21~64,优,10.1,26.2,4.5,0.835,15.3,60,19
海口,2014-06-08,29,18~40,优,13.6,26.8,5.3,0.519,17,62,8
海口,2014-06-09,35,24~65,优,12.9,31.8,7.3,0.87,21.8,72,14
海口,2014-06-10,33,23~48,优,15.6,30.6,5,0.552,17.1,65,16
海口,2014-06-11,24,14~48,优,9.8,22.8,4.3,0.514,17.5,35,5
海口,2014-06-12,35,18~49,优,14.5,34,3.3,0.471,7,71,9
海口,2014-06-13,53,35~67,良,25.6,54.8,6.2,0.759,13.3,113,35
海口,2014-06-14,64,52~80,良,38.2,63.6,8.6,0.637,18.2,154,41
海口,2014-06-15,40,20~65,优,23.9,41.1,4.7,0.49,14.1,70,19
海口,2014-06-16,37,25~52,优,14.6,34.8,8.1,0.495,20.2,94,12
海口,2014-06-17,31,17~63,优,11.1,28,4.1,0.781,19.5,77,13
海口,2014-06-18,28,23~36,优,9.6,26,6.7,0.505,17.9,68,8
海口,2014-06-19,37,20~60,优,13,35,5.3,0.76,20.2,60,30
海口,2014-06-20,36,19~50,优,14.6,35,6.1,0.47,18.1,58,36
海口,2014-06-21,46,36~65,优,17.1,43.7,5.8,0.765,16.4,66,62
海口,2014-06-22,28,14~39,优,12.7,26.6,4.9,0.486,17,46,15
海口,2014-06-23,26,19~64,优,9.5,20.8,6.1,0.8,16.3,63,13
海口,2014-06-24,27,17~39,优,10.8,25,4.9,0.625,21.3,68,13
海口,2014-06-25,33,24~64,优,12,30.5,4,0.745,18.1,34,21
海口,2014-06-26,35,27~45,优,14,32.3,5.1,0.436,13.6,93,26
海口,2014-06-27,29,20~68,优,9.5,25.6,3.8,0.677,12.2,64,18
海口,2014-06-28,27,21~34,优,10.2,25.7,3.1,0.37,8.9,52,8
海口,2014-06-29,21,12~65,优,9.5,18.2,3,0.617,7.5,32,9
海口,2014-06-30,15,8~24,优,5.6,14.2,3.2,0.368,8.5,25,2
海口,2014-07-01,24,14~58,优,8.3,21.2,3.6,0.7,12.2,36,10
海口,2014-07-02,29,20~46,优,9.1,28.4,3.4,0.445,13.7,39,11
海口,2014-07-03,28,19~64,优,10.8,25.7,3.5,0.659,10.1,55,11
海口,2014-07-04,26,18~36,优,10.6,24.9,3.6,0.4,8.9,64,6
海口,2014-07-05,30,19~65,优,11.3,27.1,3.4,0.678,11.4,57,18
海口,2014-07-06,29,23~39,优,11.3,27.7,4.2,0.422,9.9,60,10
海口,2014-07-07,37,24~65,优,16.2,34.5,6.7,0.75,17.5,78,17
海口,2014-07-08,35,24~47,优,14.5,33.9,8,0.5,19.5,58,12
海口,2014-07-09,29,18~65,优,11,25.9,5.3,0.75,13.2,54,14
海口,2014-07-10,27,16~55,优,9.9,26,6.1,0.491,13.1,52,13
海口,2014-07-11,25,16~54,优,9.3,22.2,4.8,0.7,18.1,47,11
海口,2014-07-12,21,16~31,优,7.8,19.4,3.9,0.433,12.8,53,6
海口,2014-07-13,24,17~52,优,8.4,21.8,3.8,0.582,10.5,34,12
海口,2014-07-14,19,14~29,优,7.3,18.5,3.1,0.327,9.5,25,5
海口,2014-07-15,21,16~27,优,7,19.8,3.2,0.338,10.2,29,7
海口,2014-07-16,22,14~37,优,8.6,21.3,4.5,0.414,13.7,38,13
海口,2014-07-17,22,12~52,优,8.7,20.4,3.3,0.583,10,24,10
海口,2014-07-18,26,16~43,优,7.7,25.2,4.6,0.395,5.7,26,18
海口,2014-07-19,32,9~88,优,14.1,16.6,2.9,0.79,14.2,30,32
海口,2014-07-20,26,15~53,优,6.4,24.8,2.1,0.533,21,22,17
海口,2014-07-21,30,22~70,优,10.3,26.8,4.2,0.708,15.3,63,22
海口,2014-07-22,33,20~53,优,13.9,30.4,6.1,0.404,18.3,86,22
海口,2014-07-23,32,20~69,优,12.8,29.3,5.9,0.742,13.4,49,24
海口,2014-07-24,31,18~53,优,10.4,30.5,8.3,0.45,18,52,25
海口,2014-07-25,40,21~79,优,15.9,37.9,7.5,0.874,21,54,45
海口,2014-07-26,32,21~40,优,13.5,30.6,5.4,0.519,17.1,44,16
海口,2014-07-27,25,19~74,优,9.7,19.7,5.1,0.783,14.4,54,11
海口,2014-07-28,23,20~28,优,9.6,18.1,5.9,0.495,14.3,54,5
海口,2014-07-29,25,17~71,优,9.8,21,5,0.736,13.2,48,7
海口,2014-07-30,21,16~35,优,9.2,18.8,5.2,0.39,10.9,40,3
海口,2014-07-31,28,18~71,优,10.2,23.9,7,0.771,15.3,60,15
海口,2014-08-01,30,18~48,优,12.5,28.5,5.5,0.455,14.7,49,35
海口,2014-08-02,33,15~71,优,12.5,29.9,5.2,0.786,18,32,31
海口,2014-08-03,37,20~54,优,13.5,36,6.4,0.524,18.1,48,20
海口,2014-08-04,39,18~75,优,15.7,37.2,5.6,0.813,23.8,48,25
海口,2014-08-05,33,22~52,优,11.4,31.2,5.3,0.533,21.1,60,23
海口,2014-08-06,33,19~65,优,9.8,30.2,5.3,0.73,21.5,42,32
海口,2014-08-07,25,16~39,优,10.9,23.6,4.3,0.452,16.9,30,9
海口,2014-08-08,28,16~67,优,11,24.9,4.9,0.771,17.1,41,19
海口,2014-08-09,27,19~35,优,13.5,26.4,5.8,0.443,14.6,31,13
海口,2014-08-10,28,18~61,优,10.5,25.8,4.1,0.676,12.8,41,13
海口,2014-08-11,29,19~43,优,12.1,28.3,3.8,0.414,14.8,42,12
海口,2014-08-12,38,23~65,优,12.6,36,4.6,0.73,16.5,44,36
海口,2014-08-13,30,18~46,优,11.2,29.2,3.3,0.436,16.7,33,27
海口,2014-08-14,32,20~68,优,10.1,29.7,6.1,0.779,20.3,35,34
海口,2014-08-15,27,19~39,优,11.5,25.1,5.5,0.455,14.5,52,10
海口,2014-08-16,32,24~64,优,11.3,29.5,5.1,0.713,12.2,66,12
海口,2014-08-17,35,27~43,优,14.1,34.3,5.5,0.461,12.2,61,24
海口,2014-08-18,35,24~65,优,15.2,32.6,4.6,0.748,12.1,54,30
海口,2014-08-19,31,16~45,优,14,30.1,5,0.45,12.2,29,28
海口,2014-08-20,21,14~33,优,9.2,19.5,3.6,0.438,13.6,36,12
海口,2014-08-21,23,15~35,优,9.7,21.9,4,0.445,12.2,51,6
海口,2014-08-22,26,16~65,优,10.5,22.8,5.2,0.733,17.4,47,9
海口,2014-08-23,22,15~28,优,9.2,20.3,4.6,0.419,13.2,47,5
海口,2014-08-24,25,18~60,优,12.9,21.3,3.6,0.69,9.9,26,13
海口,2014-08-25,19,13~26,优,11.5,17.7,3.8,0.352,9.5,21,4
海口,2014-08-26,18,12~67,优,8.2,14.1,3.5,0.73,10.1,23,6
海口,2014-08-27,14,10~18,优,7.6,12.7,3.1,0.387,8.2,13,2
海口,2014-08-28,16,8~64,优,6.4,12.7,3,0.623,7.8,24,8
海口,2014-08-29,16,12~20,优,5.6,15,3.2,0.377,8.5,19,2
海口,2014-08-30,20,11~64,优,7,16.9,3.8,0.635,9.2,32,7
海口,2014-08-31,14,9~22,优,6.3,13.3,3.3,0.38,8.9,25,2
海口,2014-09-01,17,9~64,优,5.6,14,2.9,0.627,10,21,7
海口,2014-09-02,17,13~23,优,6.3,16,3.1,0.376,10,28,3
海口,2014-09-03,24,14~58,优,8.5,21,3.8,0.639,13.3,51,14
海口,2014-09-04,28,19~45,优,12.3,27.5,4.8,0.442,17.5,46,9
海口,2014-09-05,31,20~55,优,13,29.2,5.1,0.673,13.2,71,8
海口,2014-09-06,28,20~35,优,13.9,26.5,4.1,0.479,12.1,45,3
海口,2014-09-07,31,20~65,优,13.7,27.6,4.8,0.77,18.7,47,9
海口,2014-09-08,23,16~33,优,9.5,16.8,4.3,0.442,11.6,60,8
海口,2014-09-09,29,23~68,优,12.9,26.5,4.7,0.743,12.2,59,14
海口,2014-09-10,23,14~38,优,10,22.4,4.3,0.439,12.2,40,6
海口,2014-09-11,28,14~70,优,11.5,25.1,5.2,0.736,14.5,39,16
海口,2014-09-12,30,17~40,优,12.1,28.7,5.7,0.461,16.9,58,24
海口,2014-09-13,34,22~67,优,15.3,31.5,6,0.748,18.7,54,38
海口,2014-09-14,27,18~41,优,12.3,26,5.3,0.471,14.2,50,17
海口,2014-09-15,29,16~61,优,12.1,24.5,4.7,0.704,13.4,57,27
海口,2014-09-16,28,13~45,优,12.3,24.2,2.8,0.527,6.3,48,32
海口,2014-09-17,29,13~72,优,12.5,22.5,2.8,0.755,11.6,31,34
海口,2014-09-18,30,23~40,优,9.6,28.8,2.8,0.461,11.4,34,23
海口,2014-09-19,34,23~75,优,15.7,31.4,4.7,0.83,13.2,48,27
海口,2014-09-20,28,20~43,优,13.8,26.9,3.8,0.504,13.3,60,10
海口,2014-09-21,40,27~66,优,21,35.6,6.9,1.086,11.6,79,32
海口,2014-09-22,45,33~59,优,28.7,43.3,5.5,0.727,11.7,95,42
海口,2014-09-23,62,47~92,良,40.7,65.2,7.5,0.948,19.9,102,104
海口,2014-09-24,70,57~87,良,48.2,75.5,8.6,0.743,20.3,113,119
海口,2014-09-25,57,41~78,良,36.1,57.5,4.2,0.938,17.8,98,53
海口,2014-09-26,40,22~52,优,23.2,38,5,0.539,15.7,75,12
海口,2014-09-27,29,22~67,优,12.3,26.1,3.8,0.691,16.7,54,11
海口,2014-09-28,24,18~40,优,10.8,23,3.6,0.389,13.8,46,7
海口,2014-09-29,23,17~68,优,9.5,20.3,3.6,0.679,13.8,41,11
海口,2014-09-30,25,16~39,优,8.3,23.7,5,0.461,18.3,45,9
海口,2014-10-01,37,26~50,优,18.8,35.3,5.6,0.467,16.8,89,16
海口,2014-10-02,39,33~43,优,19.5,32.7,4.6,0.5,14.4,84,18
海口,2014-10-03,46,36~65,优,25.3,43.4,4.9,0.852,17.2,83,29
海口,2014-10-04,50,35~67,优,30.2,46.8,6.1,0.69,20,93,49
海口,2014-10-05,52,35~74,良,27.9,49.4,4.6,0.852,11.9,111,45
海口,2014-10-06,67,53~81,良,37.3,73,9.2,0.57,13.6,140,81
海口,2014-10-07,79,68~86,良,48.5,89.3,8,0.827,11.8,140,82
海口,2014-10-08,81,72~97,良,59.3,93.6,9.6,0.652,12.9,149,78
海口,2014-10-09,95,77~119,良,70.5,105.1,10,1.033,22.8,147,108
海口,2014-10-10,85,59~115,良,59.9,90,8.7,0.759,24.6,125,85
海口,2014-10-11,71,58~91,良,48.9,84.1,10.8,1.033,33.3,141,76
海口,2014-10-12,80,59~122,良,57.3,88.1,12,0.691,19.3,148,134
海口,2014-10-13,73,59~93,良,52.7,78.5,8.5,0.887,18,128,119
海口,2014-10-14,84,66~98,良,61.6,94.3,9.3,0.686,16.2,146,98
海口,2014-10-15,108,73~135,轻度污染,78,107.8,10,1.055,16.4,171,96
海口,2014-10-16,69,59~96,良,45.7,72.3,4.7,0.638,14.7,119,55
海口,2014-10-17,55,50~68,良,28.2,55.6,4.5,0.8,12.1,106,24
海口,2014-10-18,55,48~59,良,31.1,55.1,4.5,0.486,12,119,24
海口,2014-10-19,46,27~65,优,24.9,45.3,4,0.805,18.9,79,30
海口,2014-10-20,36,22~53,优,15.2,34.5,4.4,0.542,20.4,51,14
海口,2014-10-21,36,25~66,优,16.7,33.6,5.5,0.796,22.4,61,13
海口,2014-10-22,50,38~60,优,28.7,49.4,7.3,0.613,19.3,140,19
海口,2014-10-23,63,45~85,良,36.7,54.1,5.8,1.019,12.8,160,32
海口,2014-10-24,36,28~44,优,15.7,33.2,3.7,0.533,14.8,68,4
海口,2014-10-25,34,28~68,优,11.9,24.2,3.8,0.755,11.6,74,6
海口,2014-10-26,22,16~32,优,8.2,15.5,3.5,0.492,17.5,62,2
海口,2014-10-27,45,22~70,优,22.3,43.3,4.3,0.9,17.4,106,23
海口,2014-10-28,41,30~56,优,19.1,38.1,3.3,0.436,11.7,96,18
海口,2014-10-29,39,26~50,优,16.7,37.8,3.4,0.4,12.8,60,21
海口,2014-10-30,37,29~48,优,16.3,36.4,3.9,0.436,16.1,53,21
海口,2014-10-31,40,29~68,优,16.3,37.7,3.7,0.736,13.8,45,31
海口,2014-11-01,35,29~44,优,15.2,34.3,4,0.476,15.4,52,20
海口,2014-11-02,51,30~77,良,29.9,50,5.2,0.842,17.1,96,77
海口,2014-11-03,46,36~58,优,29.5,45.3,7.8,0.978,17,75,27
海口,2014-11-04,59,44~70,良,39,62.4,7.2,1.177,17.7,80,28
海口,2014-11-05,45,36~54,优,22.7,44.5,3.8,0.65,19,61,12
海口,2014-11-06,35,28~65,优,13.4,32.1,3.8,0.832,16.5,58,14
海口,2014-11-07,34,24~45,优,13.3,32.7,3.9,0.539,16.5,65,14
海口,2014-11-08,27,19~65,优,11.1,23,3.6,0.891,15.3,56,17
海口,2014-11-09,31,20~44,优,14,29.9,3.8,0.7,18.2,65,16
海口,2014-11-10,34,25~65,优,12.9,30.6,3.6,0.808,17.6,61,17
海口,2014-11-11,35,27~41,优,13.2,33.8,4.4,0.521,14.4,80,13
海口,2014-11-12,42,25~71,优,24.7,38.4,5.9,1.126,19.3,63,40
海口,2014-11-13,35,23~50,优,19.2,33.4,6.7,0.896,14.9,74,18
海口,2014-11-14,66,37~82,良,45.8,69.8,10.4,1.121,15.9,110,52
海口,2014-11-15,41,34~59,优,21.6,35.8,5.4,0.621,12.5,87,9
海口,2014-11-16,62,40~91,良,35,59.6,8.6,0.87,12,154,44
海口,2014-11-17,68,59~91,良,47.8,70,8.9,0.779,12.6,113,46
海口,2014-11-18,69,59~82,良,48.9,68.6,8.2,1.044,12.4,94,36
海口,2014-11-19,70,61~85,良,50,75.6,9.1,0.7,15.4,100,40
海口,2014-11-20,72,53~91,良,50,76.9,8.1,0.95,16.2,117,42
海口,2014-11-21,41,21~66,优,21.9,40.7,4.3,0.617,25.2,67,8
海口,2014-11-22,36,25~47,优,16,35.4,4.1,0.47,13.7,60,6
海口,2014-11-23,31,19~40,优,13.9,29.9,3.5,0.476,16,49,4
海口,2014-11-24,34,23~64,优,11.8,31.5,3.6,0.727,13,46,24
海口,2014-11-25,29,21~36,优,12.8,27.9,4,0.543,13.6,41,9
海口,2014-11-26,27,20~65,优,11.2,24.6,3.2,0.763,15.4,44,5
海口,2014-11-27,33,19~49,优,14.7,31.8,2.9,0.474,12.9,47,9
海口,2014-11-28,37,30~59,优,14.7,34.6,3,0.783,12.3,43,15
海口,2014-11-29,34,27~43,优,13.3,32.7,3.1,0.491,13.2,40,8
海口,2014-11-30,27,18~51,优,8.7,25,3.1,0.591,10.5,28,12
海口,2014-12-01,33,22~53,优,13.9,32,4.8,0.95,14.9,44,20
海口,2014-12-02,26,18~58,优,13.8,20.6,4.3,1.482,12.8,26,9
海口,2014-12-03,26,22~33,优,12.7,24.9,2.7,0.62,19.3,42,6
海口,2014-12-04,17,10~63,优,6.6,10.3,2.7,1,12.5,38,8
海口,2014-12-05,21,17~35,优,10.7,19.2,4.8,0.605,15.3,45,3
海口,2014-12-06,44,35~63,优,22.2,42.7,6.1,0.9,21.5,47,18
海口,2014-12-07,34,20~53,优,20.9,30.8,4.4,0.738,16.9,47,7
海口,2014-12-08,33,18~64,优,18.3,29.5,3.6,0.838,10.6,56,9
海口,2014-12-09,56,42~65,良,32.8,59.2,6.5,0.692,12.4,74,33
海口,2014-12-10,67,48~100,良,43.7,69.6,15.3,0.971,12.5,109,53
海口,2014-12-11,93,67~114,良,69,93.4,12.5,0.917,11.4,107,123
海口,2014-12-12,62,58~77,良,43.8,62.9,10.5,1.004,9.4,60,62
海口,2014-12-13,68,59~74,良,44.8,82.8,13.3,0.75,8.5,79,53
海口,2014-12-14,73,61~80,良,46.3,92.2,10.7,0.943,11.3,113,41
海口,2014-12-15,61,50~72,良,34.7,69.9,5.8,0.683,13.8,86,23
海口,2014-12-16,90,64~135,良,65.9,102.2,14.7,1.077,10,87,132
海口,2014-12-17,67,57~73,良,38,82.4,16.7,0.587,8.4,96,84
海口,2014-12-18,60,57~64,良,31.8,67.8,12,0.575,17.1,65,26
海口,2014-12-19,42,33~55,优,28,37.4,5.3,0.583,11.1,65,10
海口,2014-12-20,66,34~91,良,45.2,70.1,15.1,0.825,14.3,111,81
海口,2014-12-21,62,43~85,良,42.3,65.5,10.7,0.596,12.2,133,63
海口,2014-12-22,72,59~86,良,51.3,81,14.7,0.863,8.3,119,57
海口,2014-12-23,72,64~85,良,51.9,79.6,8.9,0.722,14.4,91,26
海口,2014-12-24,66,56~80,良,45.4,67,6.9,0.948,14.6,57,36
海口,2014-12-25,64,28~106,良,41.4,61,6.9,0.729,16.3,61,45
海口,2014-12-26,27,22~64,优,15.3,22.1,2.4,0.946,7.2,48,3
海口,2014-12-27,33,22~59,优,19.3,30.1,3.4,0.57,9.7,46,9
海口,2014-12-28,46,18~87,优,32,39.3,5,1.342,12.3,56,23
海口,2014-12-29,60,44~76,良,41.4,54.2,8.1,0.8,9,90,20
海口,2014-12-30,60,48~86,良,40.9,58.5,6.2,0.975,23.5,110,25
海口,2014-12-31,79,47~143,良,56.3,79,10.3,0.752,16.1,176,184
海口,2015-01-01,85,61~174,良,57.4,72.6,10.5,0.73,21.5,118,269
海口,2015-01-02,67,56~77,良,45.3,79.1,8.4,0.7,8.4,109,103
海口,2015-01-03,51,44~67,良,23.9,51.7,4,0.75,5.8,83,32
海口,2015-01-04,51,43~57,良,22.8,50.8,3.5,0.6,21.2,60,20
海口,2015-01-05,36,24~64,优,16.7,33.4,3.6,0.786,14.5,36,15
海口,2015-01-06,31,16~49,优,12.6,30,3,0.468,11.5,41,28
海口,2015-01-07,56,22~103,良,38.7,53.1,6.4,1.013,12,77,106
海口,2015-01-08,61,48~83,良,43.1,61.6,9.4,1.414,10.2,93,84
海口,2015-01-09,68,54~80,良,48.4,73.4,11.1,1.209,9.6,96,90
海口,2015-01-10,79,56~98,良,57,86.2,12.4,0.888,9.4,108,116
海口,2015-01-11,76,52~87,良,53.2,76,9,0.987,12,89,132
海口,2015-01-12,41,18~82,优,26.4,28,4.4,0.725,8.8,49,62
海口,2015-01-13,28,18~65,优,14.7,24.1,5.6,1.013,8.3,76,29
海口,2015-01-14,41,25~71,优,23.9,40.5,5.7,0.752,17.3,79,55
海口,2015-01-15,58,45~82,良,38,61.5,9.3,1.065,30.9,103,76
海口,2015-01-16,50,35~86,优,33.6,48.4,8.2,0.655,14.1,108,51
海口,2015-01-17,72,59~116,良,51.8,73.2,10,0.95,22.4,107,112
海口,2015-01-18,76,55~97,良,55,79.7,8.6,0.69,6.4,109,113
海口,2015-01-19,92,72~116,良,67.6,92.5,12.7,1.061,11.1,117,179
海口,2015-01-20,85,65~122,良,59.7,92.1,6.7,0.904,23.7,102,152
海口,2015-01-21,64,55~86,良,41.3,72.4,6.6,0.93,14.1,107,89
海口,2015-01-22,114,96~131,轻度污染,84.9,111.9,12.1,1.038,28.2,136,219
海口,2015-01-23,71,42~110,良,46.7,67.7,5.3,0.69,15,76,67
海口,2015-01-24,51,40~62,良,26.5,53.5,4,0.561,14.4,70,32
海口,2015-01-25,48,39~64,优,28.7,47.4,3.5,0.817,10.1,50,24
海口,2015-01-26,47,42~57,优,27.1,46.6,3.1,0.559,8.1,42,36
海口,2015-01-27,43,35~64,优,25.8,41.3,3.8,0.775,8.4,53,75
海口,2015-01-28,40,28~55,优,22.3,39.1,3.5,0.583,10.2,39,100
海口,2015-01-29,42,31~62,优,18.4,40.4,3.3,0.773,7,45,91
海口,2015-01-30,46,22~88,优,28.1,46.3,6,0.617,9.2,101,99
海口,2015-01-31,65,41~85,良,44.6,64.3,7.3,1.083,10.4,80,167
海口,2015-02-01,62,41~80,良,42.3,65.6,6.6,0.792,15.1,68,121
海口,2015-02-02,62,37~75,良,40.2,67.1,5.7,0.983,10.4,71,81
海口,2015-02-03,46,39~57,优,25.6,45.6,4.4,0.543,6.8,58,41
海口,2015-02-04,70,30~128,良,47.6,65.7,7.3,1,8.3,134,131
海口,2015-02-05,74,49~108,良,53.1,66.3,6,1.165,10.2,38,151
海口,2015-02-06,91,82~103,良,67.4,72.5,5.4,1.178,8,53,188
海口,2015-02-07,97,87~111,良,71.7,89.9,7.7,0.97,9.5,81,191
海口,2015-02-08,85,60~100,良,62.8,83.3,8,1.171,7,100,229
海口,2015-02-09,79,70~86,良,57.3,83.9,8.8,0.792,7.4,105,181
海口,2015-02-10,68,59~76,良,47,73.7,5.6,0.904,7.6,85,94
海口,2015-02-11,56,50~67,良,37.1,57.5,5,0.63,8.1,85,54
海口,2015-02-12,149,89~222,轻度污染,112.8,128.8,8.8,1.296,8.5,87,267
海口,2015-02-13,90,60~130,良,66.3,80.7,5.7,0.917,6.1,117,158
海口,2015-02-14,52,47~59,良,26.9,53.3,4.2,0.713,8.9,72,44
海口,2015-02-15,45,39~55,优,26.5,43.7,4.3,0.6,8.3,46,27
海口,2015-02-16,44,32~56,优,28.6,41.8,4.2,0.804,7.8,53,24
海口,2015-02-17,51,43~58,良,34.4,47.3,4.1,0.633,7.3,48,59
海口,2015-02-18,55,42~74,良,36.5,55.8,4.8,0.858,4.2,58,80
海口,2015-02-19,74,52~127,良,48.2,93.5,6.4,0.721,3.7,58,116
海口,2015-02-20,56,48~68,良,30.5,59.6,4.6,0.918,4.5,44,146
海口,2015-02-21,41,31~53,优,23.6,40.4,4.2,0.513,6,27,78
海口,2015-02-22,30,23~63,优,15.3,27.6,3.8,0.709,8.9,65,24
海口,2015-02-23,24,16~33,优,12.5,22.3,4.3,0.427,5.5,37,13
海口,2015-02-24,26,16~55,优,12,23.2,4,0.614,5,36,18
海口,2015-02-25,26,20~33,优,13.1,25.1,3.5,0.464,4.4,48,21
海口,2015-02-26,26,19~34,优,11.3,24.6,3.9,0.407,5.6,41,18
海口,2015-02-27,24,16~38,优,12.1,23.3,3.9,0.408,5.3,29,27
海口,2015-02-28,25,16~54,优,12.8,22.8,3.5,0.621,6.2,31,44
海口,2015-03-01,32,19~51,优,16.9,30.5,3.5,0.546,7.1,39,49
海口,2015-03-02,33,25~64,优,15.3,30.9,3.9,0.848,9.1,47,25
海口,2015-03-03,33,19~55,优,15.6,32.2,4.4,0.513,10.7,36,40
海口,2015-03-04,45,26~64,优,24,44.7,4,0.923,11.6,26,105
海口,2015-03-05,28,16~45,优,12.3,26.5,4.1,0.404,6.5,36,38
海口,2015-03-06,32,18~63,优,18.5,30.2,4.5,0.708,10.7,42,54
海口,2015-03-07,35,20~65,优,17.1,35.4,3.7,0.548,12.5,64,44
海口,2015-03-08,28,20~63,优,12.2,25,3.6,0.696,8.1,40,19
海口,2015-03-09,30,23~37,优,15.1,29,3.7,0.5,8.3,44,18
海口,2015-03-10,38,22~63,优,16.2,35.2,3.4,0.743,7.2,53,53
海口,2015-03-11,36,23~53,优,15.2,34.8,3.5,0.541,8.5,51,49
海口,2015-03-12,19,13~28,优,9.9,17.5,5.4,0.762,17.2,31,6
海口,2015-03-13,32,17~48,优,13.3,30.4,3.7,0.575,13.6,50,23
海口,2015-03-14,38,29~63,优,17.4,35.7,3.8,0.746,10.1,39,20
海口,2015-03-15,35,24~47,优,16.6,34.3,7.6,0.491,10.8,45,19
海口,2015-03-16,38,28~63,优,15.5,35.4,3.8,0.761,10.3,42,26
海口,2015-03-17,37,24~52,优,15.2,35.8,3.7,0.504,9.9,41,36
海口,2015-03-18,40,25~63,优,16.1,37.4,3.7,0.722,10.6,53,68
海口,2015-03-19,39,26~55,优,17.9,37.9,4.4,0.491,12.5,60,46
海口,2015-03-20,31,23~63,优,12.6,28.9,5.2,0.654,11,42,20
海口,2015-03-21,28,24~35,优,14,27,3.4,0.4,9.5,26,4
海口,2015-03-22,45,20~87,优,28.9,44,4.4,0.804,11,99,64
海口,2015-03-23,50,36~63,优,27.7,52,3.7,0.658,8.4,82,83
海口,2015-03-24,50,37~69,良,26.7,52.3,3.5,0.865,7,90,125
海口,2015-03-25,43,37~53,优,18.6,42.1,3.6,0.492,7.3,78,57
海口,2015-03-26,34,26~63,优,12.4,27.9,3.2,0.671,7.9,68,27
海口,2015-03-27,48,28~61,优,30.3,45.3,3.7,0.561,10.4,99,81
海口,2015-03-28,32,23~64,优,19.1,30.3,3.9,0.8,8.6,80,17
海口,2015-03-29,29,21~40,优,14.2,28,4.4,0.53,14.4,68,7
海口,2015-03-30,30,19~63,优,11.5,26.8,3.4,0.733,9,29,13
海口,2015-03-31,32,19~51,优,13.3,31.3,4.5,0.467,8.7,42,25
海口,2015-04-01,35,19~55,优,14.6,32.9,4.1,0.639,9.5,47,49
海口,2015-04-02,36,18~57,优,14,35.7,4.8,0.438,11.6,71,68
海口,2015-04-03,41,23~59,优,18.4,39.4,3.9,0.675,11.1,64,71
海口,2015-04-04,41,24~58,优,20.5,40.8,3.7,0.446,7.9,58,66
海口,2015-04-05,27,15~63,优,11.5,24.2,3.5,0.621,6,34,29
海口,2015-04-06,26,13~51,优,11,24.7,2.8,0.408,7.6,35,22
海口,2015-04-07,24,17~63,优,11.5,21.7,3,0.638,7.8,28,22
海口,2015-04-08,35,17~60,优,21.9,33.8,4,0.848,11.3,42,65
海口,2015-04-09,26,15~65,优,13.8,22.9,2.4,0.926,12.6,46,22
海口,2015-04-10,29,16~55,优,19,25.9,2.5,0.776,19.8,34,38
海口,2015-04-11,18,12~69,优,8.4,13.1,2.1,1.045,14.4,35,11
海口,2015-04-12,26,13~54,优,14.1,24.3,3.5,0.759,13.4,66,12
海口,2015-04-13,56,40~72,良,36.2,56.3,7.5,1.181,33.5,119,117
海口,2015-04-14,73,60~86,良,46.6,78.1,10.3,0.758,18.9,150,186
海口,2015-04-15,57,45~68,良,29,62.1,5.7,0.771,19.1,112,48
海口,2015-04-16,42,34~53,优,19.4,40.2,5.1,0.565,15.7,88,14
海口,2015-04-17,42,29~63,优,17.3,39.3,4,0.726,13.7,59,20
海口,2015-04-18,49,35~68,优,26.9,51.8,3.1,0.595,14.7,61,68
海口,2015-04-19,59,47~71,良,33.9,66.1,4.5,0.685,17.4,105,169
海口,2015-04-20,52,35~66,良,33.2,54.7,4.6,0.618,18.1,81,131
海口,2015-04-21,47,35~66,优,27.7,45.5,5,1.25,11.3,86,82
海口,2015-04-22,35,30~41,优,14,29.9,2.2,0.767,8.5,80,18
海口,2015-04-23,42,32~64,优,12.8,28.8,1.9,0.767,9.2,93,31
海口,2015-04-24,45,41~51,优,16.8,43.5,2.8,0.533,9.7,97,39
海口,2015-04-25,47,40~60,优,20.8,42,3.5,0.805,9.3,101,30
海口,2015-04-26,50,44~60,良,29.7,50.5,2.8,0.627,8.5,104,36
海口,2015-04-27,41,30~53,优,20.4,39.6,2.5,0.738,9.5,69,22
海口,2015-04-28,36,28~50,优,16.1,34.9,3.5,0.524,12.7,74,20
海口,2015-04-29,39,26~63,优,18.1,36.5,4.5,0.829,15.8,70,33
海口,2015-04-30,32,23~42,优,13.9,31.3,3.5,0.536,15.4,70,13
海口,2015-05-01,28,14~54,优,10.9,25.1,2.9,0.622,10,45,19
海口,2015-05-02,26,16~39,优,12.2,25.2,2.7,0.461,12,58,21
海口,2015-05-03,35,24~55,优,15.2,32.8,3.9,0.782,12.9,63,25
海口,2015-05-04,33,22~46,优,15.3,32.3,4,0.496,12.6,75,29
海口,2015-05-05,37,22~57,优,16.6,35.8,4.7,0.696,12.8,63,37
海口,2015-05-06,33,21~47,优,15.2,31.7,2.5,0.426,10.1,45,24
海口,2015-05-07,35,29~51,优,15.9,33.8,3.4,0.594,9.6,45,27
海口,2015-05-08,42,23~83,优,16.2,43.4,2.4,0.492,17.7,38,78
海口,2015-05-09,32,23~48,优,16,30.2,3.5,0.664,9.1,64,38
海口,2015-05-10,29,19~50,优,12.1,27.7,3,0.543,12.9,50,19
海口,2015-05-11,27,16~42,优,12.4,25.3,3.2,0.613,12.6,67,33
海口,2015-05-12,28,18~47,优,15.3,27.3,3,0.482,9.5,75,15
海口,2015-05-13,22,15~38,优,9.3,20,2.5,0.564,9.9,34,4
海口,2015-05-14,22,13~37,优,11.3,21.2,2.9,0.381,8.4,33,9
海口,2015-05-15,26,15~43,优,12.8,23.9,2.8,0.555,10.1,35,23
海口,2015-05-16,26,15~50,优,10.5,23.5,2.5,0.4,12.6,71,17
海口,2015-05-17,31,20~52,优,11.3,29.5,3.3,0.748,20.8,72,29
海口,2015-05-18,30,20~55,优,11.3,28.9,2.8,0.464,12.9,47,27
海口,2015-05-19,29,21~42,优,12.1,26.9,3.3,0.591,13.3,62,26
海口,2015-05-20,30,20~39,优,11.7,29.1,3.7,0.491,16.3,61,33
海口,2015-05-21,40,25~55,优,16.6,38.3,4.6,0.675,19,94,69
海口,2015-05-22,27,20~36,优,9.9,25.4,3.7,0.45,17,74,17
海口,2015-05-23,34,24~54,优,13.2,33.2,4,0.6,15.3,73,40
海口,2015-05-24,38,32~51,优,16,36.9,5.1,0.583,25,92,42
海口,2015-05-25,34,26~57,优,12.1,32.7,4.5,0.67,20.7,68,22
海口,2015-05-26,32,18~53,优,13,30.5,3.2,0.48,13.8,56,27
海口,2015-05-27,34,22~51,优,13.7,31.8,3.7,0.71,14.3,53,25
海口,2015-05-28,33,24~51,优,14.8,32.5,4,0.495,15.1,61,24
海口,2015-05-29,34,24~48,优,15.4,32.6,3.3,0.587,15.3,59,30
海口,2015-05-30,34,24~44,优,14.3,31.8,3.3,0.441,13.8,66,42
海口,2015-05-31,37,23~54,优,12.6,32.9,4.4,0.614,14,126,39
海口,2015-06-01,34,27~52,优,13.1,33.3,4.3,0.49,12.8,69,34
海口,2015-06-02,30,23~43,优,10,28.5,3.9,0.546,9.5,55,31
海口,2015-06-03,29,16~53,优,11.2,28.3,3.6,0.417,13.5,52,37
海口,2015-06-04,31,20~46,优,14.5,30.1,4.7,0.571,15,84,40
海口,2015-06-05,32,20~52,优,14.4,30.5,4.6,0.409,16.1,70,33
海口,2015-06-06,31,24~48,优,11.7,27.8,3.9,0.61,15.3,75,24
海口,2015-06-07,29,17~47,优,7.7,28.1,3.5,0.396,11,44,33
海口,2015-06-08,22,12~39,优,6.8,19,3.2,0.557,13.5,60,18
海口,2015-06-09,26,16~42,优,9.5,24.7,3.6,0.465,14.2,70,17
海口,2015-06-10,27,22~39,优,10.7,25.8,3.1,0.629,12.4,64,21
海口,2015-06-11,27,21~45,优,11.2,25.5,6.3,0.487,12,57,22
海口,2015-06-12,31,20~51,优,10.7,28.8,3.9,0.67,17.5,81,28
海口,2015-06-13,27,17~48,优,10.4,25.7,4,0.473,14.1,46,27
海口,2015-06-14,21,13~39,优,7.6,19.3,3.5,0.557,10,49,14
海口,2015-06-15,20,11~42,优,6.2,19.3,3.6,0.396,8.6,33,13
海口,2015-06-16,20,16~39,优,7.2,18,4.5,0.568,9.5,43,10
海口,2015-06-17,18,14~25,优,6.1,17.1,3.5,0.424,10.5,50,6
海口,2015-06-18,23,14~38,优,7.3,19.7,4.5,0.589,11.7,61,16
海口,2015-06-19,18,12~28,优,7.5,16.7,4.6,0.386,9.9,61,4
海口,2015-06-20,20,16~38,优,7,16.9,3.6,0.588,10.4,40,9
海口,2015-06-21,17,15~19,优,3.9,13.2,3,0.304,8.5,37,3
海口,2015-06-22,22,17~39,优,4.3,18.2,2.7,0.491,7.6,46,16
海口,2015-06-23,21,19~25,优,4.5,15.8,2.5,0.371,8,44,11
海口,2015-06-24,22,13~38,优,6.3,20,4.1,0.504,9.8,36,21
海口,2015-06-25,28,17~42,优,10.7,27,4.3,0.43,11.6,69,54
海口,2015-06-26,32,24~46,优,10.8,29.1,5.4,0.579,17.4,86,61
海口,2015-06-27,31,21~52,优,12,27.5,5,0.442,16,77,60
海口,2015-06-28,33,25~39,优,12.2,29.4,5.4,0.6,15.3,89,63
海口,2015-06-29,37,28~47,优,13.8,33.2,7.3,0.475,15.7,90,94
海口,2015-06-30,41,30~56,优,16.7,38.1,9.4,0.743,17.7,89,126
海口,2015-07-01,41,29~53,优,17.4,40.5,8,0.535,19.4,85,119
海口,2015-07-02,45,34~53,优,20.3,43.8,10.8,0.661,18.7,97,122
海口,2015-07-03,51,43~62,良,19.5,51.4,7.6,0.555,18.2,109,157
海口,2015-07-04,50,36~62,良,20.3,50.8,6.4,0.704,17.1,105,156
海口,2015-07-05,42,28~59,优,18.8,40.3,6.8,0.588,16.9,105,106
海口,2015-07-06,34,27~47,优,20.1,30.5,5.7,0.783,11.7,97,48
海口,2015-07-07,38,32~46,优,21.3,35.6,7.1,0.625,10.1,89,54
海口,2015-07-08,45,34~56,优,22.9,36.5,6.7,0.704,9.3,111,78
海口,2015-07-09,48,41~55,优,29.4,46.7,7.8,0.625,8.7,82,113
海口,2015-07-10,56,40~74,良,39,53.2,5.6,0.846,8,68,175
海口,2015-07-11,39,26~55,优,24.3,38,5.5,0.675,10.6,75,94
海口,2015-07-12,34,23~48,优,20.4,30.8,4.8,0.783,8.6,60,54
海口,2015-07-13,24,17~36,优,13.8,21.8,5.2,0.633,7.2,47,7
海口,2015-07-14,29,20~39,优,12.4,26.8,7.3,0.713,14.4,63,16
海口,2015-07-15,32,24~51,优,14.4,29.6,11.1,0.545,14.4,72,39
海口,2015-07-16,36,22~44,优,11.9,34.2,6.3,0.665,16,79,48
海口,2015-07-17,30,25~37,优,8.9,28.8,8.7,0.438,16,69,25
海口,2015-07-18,26,18~42,优,9.5,23.6,6,0.529,15.8,49,24
海口,2015-07-19,27,18~47,优,10.6,19.3,4,0.4,12.8,101,24
海口,2015-07-20,22,10~38,优,10.4,17.5,4.1,0.609,15.6,73,19
海口,2015-07-21,25,15~40,优,7.8,24.8,4.9,0.467,16.5,41,44
海口,2015-07-22,26,19~37,优,10.3,25.4,3.9,0.583,13,56,44
海口,2015-07-23,26,16~36,优,9.7,26,6.1,0.442,15.5,55,57
海口,2015-07-24,31,19~51,优,11,30.9,5.6,0.567,16.2,62,80
海口,2015-07-25,28,16~42,优,9.8,28,6.1,0.417,18.2,59,49
海口,2015-07-26,25,15~37,优,9.8,24,5.9,0.542,14.7,57,29
海口,2015-07-27,23,12~35,优,8.2,22.8,5,0.404,14.1,44,25
海口,2015-07-28,25,12~60,优,7.4,24.8,5.5,0.579,14.8,58,45
海口,2015-07-29,24,13~31,优,7,22.6,5.6,0.467,17.3,81,36
海口,2015-07-30,22,16~37,优,7.6,20.7,6,0.617,19.5,62,34
海口,2015-07-31,23,10~39,优,8.9,21.8,6.5,0.521,20.3,64,39
海口,2015-08-01,22,16~38,优,8.5,21.1,4.8,0.604,13.3,62,35
海口,2015-08-02,21,13~34,优,8,21.3,4.3,0.413,11.8,56,25
海口,2015-08-03,24,14~36,优,9.7,23.3,3.9,0.546,11.5,46,35
海口,2015-08-04,24,17~32,优,9.8,23.4,3.7,0.425,11.3,70,38
海口,2015-08-05,27,16~36,优,10,25.5,4.5,0.533,12.5,104,42
海口,2015-08-06,25,16~46,优,9.9,24.5,4.7,0.396,12.2,87,31
海口,2015-08-07,29,22~38,优,11.9,28.1,6.5,0.571,15.2,76,45
海口,2015-08-08,35,30~46,优,16.3,35.2,5.5,0.475,15.9,84,106
海口,2015-08-09,42,36~48,优,20.9,41.8,8.9,0.633,18,93,166
海口,2015-08-10,44,22~58,优,24.8,45.9,8.6,0.6,21.6,87,177
海口,2015-08-11,38,21~57,优,21.1,38.2,9.5,0.667,13.8,133,130
海口,2015-08-12,33,17~50,优,14.8,33.1,8.8,0.554,20.3,95,70
海口,2015-08-13,29,20~52,优,10.1,29.2,11.8,0.504,17.5,85,43
海口,2015-08-14,34,21~51,优,13.7,33.7,6.8,0.542,21.3,90,73
海口,2015-08-15,32,21~40,优,11.5,31.4,5.5,0.621,16.4,76,66
海口,2015-08-16,27,22~35,优,10,27,5.3,0.483,15.7,89,38
海口,2015-08-17,33,22~49,优,13.8,33,4.9,0.827,17.5,81,68
海口,2015-08-18,31,21~44,优,12.5,30.8,4.8,0.613,12.6,104,58
海口,2015-08-19,27,20~44,优,11.4,25.7,5.9,0.608,10.8,98,45
海口,2015-08-20,28,20~51,优,11.7,27.5,6.2,0.521,14.4,77,47
海口,2015-08-21,31,16~45,优,13.2,30.5,5,0.721,14.6,98,46
海口,2015-08-22,44,29~57,优,22,44.9,7.8,0.733,16.5,122,116
海口,2015-08-23,51,35~75,良,32.8,51.4,8,0.804,17.4,114,163
海口,2015-08-24,66,46~87,良,45,61.8,8.9,0.733,19,132,249
海口,2015-08-25,70,54~85,良,49.8,70.9,9.7,0.809,17.8,161,261
海口,2015-08-26,46,36~59,优,26.9,41.6,4.4,0.609,17.5,118,113
海口,2015-08-27,33,22~58,优,14.9,32.3,7.2,0.654,17.8,96,57
海口,2015-08-28,27,19~41,优,11,25.6,5.1,0.55,20.4,85,46
海口,2015-08-29,30,23~41,优,13.9,26.8,5.3,0.725,22.6,102,61
海口,2015-08-30,31,17~51,优,13.2,29.1,7.7,0.596,23.1,65,61
海口,2015-08-31,26,16~44,优,12.2,22.8,5.3,0.713,16.8,52,42
海口,2015-09-01,22,12~33,优,9.3,21.4,6.4,0.542,17.1,78,33
海口,2015-09-02,24,13~39,优,10.1,23.4,4.7,0.713,16.2,51,46
海口,2015-09-03,24,11~42,优,8.5,23.8,4,0.567,10.9,66,48
海口,2015-09-04,28,16~46,优,12.5,27.7,4.3,0.55,13,65,66
海口,2015-09-05,31,15~43,优,15.5,30.3,5.3,0.471,12.4,98,80
海口,2015-09-06,34,19~46,优,16.6,33.9,6.2,0.567,14.3,90,100
海口,2015-09-07,41,19~61,优,17.7,41.4,7.2,0.554,20.7,104,119
海口,2015-09-08,32,17~50,优,12.8,31.5,9.9,0.633,9.3,60,65
海口,2015-09-09,26,17~38,优,9.7,23.8,3.5,0.45,6.8,85,45
海口,2015-09-10,33,28~38,优,13,32.9,4,0.563,5.7,107,99
海口,2015-09-11,32,26~38,优,13.1,31.7,3.8,0.408,6.1,89,94
海口,2015-09-12,34,30~41,优,16.6,34.1,3.6,0.579,6.3,94,120
海口,2015-09-13,50,30~68,优,32.1,52,5.6,0.508,6,145,169
海口,2015-09-14,49,17~68,优,26.7,49.7,4.6,0.675,4.7,123,128
海口,2015-09-15,18,12~48,优,7.4,15.7,3,0.458,6.3,74,9
海口,2015-09-16,17,9~37,优,5.1,13.9,3,0.648,8.5,48,6
海口,2015-09-17,21,12~30,优,10.4,21.1,2.8,0.658,13,46,12
海口,2015-09-18,20,12~38,优,9,18.3,3.4,0.771,14.9,52,12
海口,2015-09-19,30,22~36,优,12,30,6.6,0.783,28.8,44,51
海口,2015-09-20,28,20~43,优,14.5,28,3.6,0.475,17.6,60,45
海口,2015-09-21,29,13~42,优,13.8,28.5,6,0.496,17.2,69,55
海口,2015-09-22,27,14~38,优,12.8,26.1,3.5,0.679,11,60,49
海口,2015-09-23,29,23~37,优,16.9,29,4,0.546,9,64,56
海口,2015-09-24,32,20~52,优,17.2,31.4,5.4,0.667,12.2,101,76
海口,2015-09-25,39,19~66,优,19.8,38.5,7.2,0.613,20.2,104,109
海口,2015-09-26,35,26~60,优,17,35,5.7,0.633,15.7,103,84
海口,2015-09-27,31,23~48,优,16.9,28.4,5.7,0.504,10,104,53
海口,2015-09-28,39,24~55,优,23.5,35,5.3,0.813,11.6,117,107
海口,2015-09-29,57,42~67,良,38.5,61.4,8.2,0.783,20.6,114,220
海口,2015-09-30,63,48~75,良,44,70.7,8.2,0.9,20.8,136,248
海口,2015-10-01,32,23~57,优,18,32,3.5,0.617,12.4,81,87
海口,2015-10-02,38,22~51,优,23.6,37.1,6.5,0.792,12.4,120,57
海口,2015-10-03,39,19~53,优,24.6,38.5,4.8,0.65,5.9,118,71
海口,2015-10-04,30,18~38,优,16.4,29.5,4.1,0.646,5.2,60,53
海口,2015-10-05,23,12~36,优,13.5,23,3.4,0.558,8.8,67,35
海口,2015-10-06,20,12~37,优,8.2,19.4,3.6,0.633,17.7,63,14
海口,2015-10-07,27,19~39,优,13.1,26.5,4.3,0.588,15.7,97,47
海口,2015-10-08,34,26~48,优,15,32.3,6.6,0.808,20.6,105,96
海口,2015-10-09,38,19~51,优,21,37.4,6.2,0.746,15.5,128,98
海口,2015-10-10,32,16~46,优,20,30.1,4.6,0.915,9.4,140,79
海口,2015-10-11,22,16~31,优,7.3,14.4,3.5,0.517,6.2,75,31
海口,2015-10-12,36,18~54,优,15.5,32.5,6.3,0.642,7.4,107,61
海口,2015-10-13,55,34~72,良,35.3,60.5,8.4,0.646,9.5,158,101
海口,2015-10-14,60,50~72,良,38.5,65.8,6,0.746,7.5,154,86
海口,2015-10-15,80,62~105,良,58.5,87.1,8.3,0.838,18.5,180,152
海口,2015-10-16,108,72~170,轻度污染,78.8,112.5,11.1,1.121,34.4,189,212
海口,2015-10-17,118,72~179,轻度污染,82.6,118.9,13.2,1.029,32.2,232,242
海口,2015-10-18,104,64~168,轻度污染,75.5,108.8,13.2,0.954,31.7,189,263
海口,2015-10-19,85,65~108,良,62.7,92.7,11.9,0.788,29.9,158,211
海口,2015-10-20,92,79~107,良,68,103.5,14,0.975,34,168,219
海口,2015-10-21,96,58~148,良,71.2,105.8,12.3,0.833,29.2,162,231
海口,2015-10-22,69,53~94,良,48.4,72.9,11,0.813,24.3,173,149
海口,2015-10-23,80,52~124,良,57.8,87.4,11.2,0.767,38.6,151,160
海口,2015-10-24,63,44~99,良,43.1,64.8,6.8,0.733,18.3,153,130
海口,2015-10-25,35,26~49,优,19.9,34.3,3.6,0.504,12.4,92,50
海口,2015-10-26,26,16~37,优,11.2,25.8,3.4,0.592,9.8,75,27
海口,2015-10-27,38,16~58,优,19.4,39.3,5.1,0.546,20.7,94,78
海口,2015-10-28,33,26~42,优,14.9,32.5,3.3,0.571,10.8,66,48
海口,2015-10-29,36,28~45,优,18.5,35.4,3.3,0.488,11.4,74,76
海口,2015-10-30,37,32~45,优,18.2,37.2,3.2,0.571,10.8,73,95
海口,2015-10-31,40,29~53,优,19.4,40.3,3.3,0.442,6.3,77,120
海口,2015-11-01,40,30~48,优,22.8,40.3,5.2,0.967,8.2,90,103
海口,2015-11-02,29,20~36,优,14.4,28.4,5.4,0.858,9.6,96,28
海口,2015-11-03,51,38~60,良,32,53.3,6.6,0.8,9.5,155,65
海口,2015-11-04,53,44~65,良,33.8,53.8,4.2,0.913,6.5,136,70
海口,2015-11-05,37,31~43,优,20.1,36.8,3.3,0.596,7.3,86,56
海口,2015-11-06,33,27~44,优,14.8,33,3.1,0.471,9,58,93
海口,2015-11-07,30,20~36,优,13.1,29.5,3.3,0.563,9.5,62,79
海口,2015-11-08,26,20~33,优,10.6,25.8,3.1,0.404,8.6,61,31
海口,2015-11-09,23,16~36,优,8.8,22.8,3.3,0.545,8,49,22
海口,2015-11-10,30,18~47,优,13.3,30.4,3.5,0.508,6.8,75,30
海口,2015-11-11,34,19~50,优,12.6,33.5,3.3,0.758,8.8,66,47
海口,2015-11-12,34,24~43,优,13.2,34.1,3.5,0.521,9.5,62,77
海口,2015-11-13,30,24~37,优,12.3,29.3,5.7,0.638,12.6,69,62
海口,2015-11-14,25,18~41,优,11.1,24.8,4,0.513,14.1,55,23
海口,2015-11-15,25,17~40,优,9.7,24.4,4,0.604,12,54,18
海口,2015-11-16,23,16~33,优,10.5,22.7,4.2,0.492,10.6,59,20
海口,2015-11-17,26,15~43,优,11.3,24.9,4.9,0.575,10.6,86,44
海口,2015-11-18,23,18~32,优,10.8,21.7,5.6,0.454,10.6,55,28
海口,2015-11-19,23,17~37,优,8.2,22,4.2,0.579,10.5,60,13
海口,2015-11-20,27,18~40,优,11.3,27.3,4,0.467,7.9,66,25
海口,2015-11-21,33,20~40,优,14.3,32.7,4,0.654,7.2,80,49
海口,2015-11-22,31,19~48,优,14.2,30.4,4.4,0.517,7.1,119,74
海口,2015-11-23,37,22~53,优,15.7,35.8,4.6,0.7,7.9,110,120
海口,2015-11-24,37,29~51,优,16.3,37.3,4.4,0.563,9.5,100,166
海口,2015-11-25,47,30~77,优,27.8,48.4,7.3,0.804,9.3,162,171
海口,2015-11-26,36,26~50,优,17.9,36.2,7.4,0.896,12.5,100,90
海口,2015-11-27,50,44~59,良,19.5,51.8,7.6,0.717,11,102,105
海口,2015-11-28,41,32~49,优,17.1,40.6,4.2,0.496,8.4,86,39
海口,2015-11-29,41,30~58,优,19.6,41.2,4.9,0.675,11.9,113,37
海口,2015-11-30,59,32~84,良,40.4,61.7,7.1,0.688,11.9,154,107
海口,2015-12-01,48,30~74,优,24.5,49.2,5.1,0.742,20.4,147,69
海口,2015-12-02,36,28~45,优,14.7,35.9,4.4,0.558,17,88,54
海口,2015-12-03,38,25~51,优,18.9,37.8,5.1,0.892,16.3,90,81
海口,2015-12-04,32,16~52,优,15.8,30.7,4.2,0.771,16.1,66,64
海口,2015-12-05,20,11~38,优,8.9,16.4,5.8,0.829,16.2,63,33
海口,2015-12-06,22,13~30,优,11.8,21.7,7.6,0.683,12.1,74,46
海口,2015-12-07,30,23~37,优,16.5,29.7,8.1,0.704,13,68,42
海口,2015-12-08,38,27~47,优,23.4,36.3,7.2,0.588,16.5,73,47
海口,2015-12-09,20,10~37,优,12.4,17.9,5.3,0.8,18.3,44,16
海口,2015-12-10,32,20~54,优,19.6,30.8,8.6,0.775,24.1,60,45
海口,2015-12-11,50,39~66,良,30.5,51.7,8.6,1.038,26,112,110
海口,2015-12-12,31,24~44,优,14.3,30.2,4.6,0.613,19.2,80,31
海口,2015-12-13,35,23~52,优,13.8,35.2,4.2,0.683,17.8,89,45
海口,2015-12-14,38,23~60,优,21.9,38.3,6.1,0.888,30,59,63
海口,2015-12-15,35,26~46,优,20.5,34.3,6.8,1.208,12.8,76,67
海口,2015-12-16,48,35~58,优,31.3,47.8,9.5,0.938,10.5,75,147
海口,2015-12-17,50,44~55,优,22.3,50.6,11.1,0.621,10.2,112,128
海口,2015-12-18,54,50~60,良,29.4,57.6,10.9,0.517,16.3,107,98
海口,2015-12-19,52,45~59,良,27.5,54.9,7.3,0.642,12.1,138,71
海口,2015-12-20,56,40~64,良,34.8,61.5,9,0.625,15.3,152,63
海口,2015-12-21,47,21~62,优,31.1,44.7,5.3,0.7,16.7,68,37
海口,2015-12-22,43,26~57,优,23.3,44.1,4.9,0.596,19,65,31
海口,2015-12-23,36,23~57,优,13.4,35.9,4.9,0.746,22.5,64,29
海口,2015-12-24,38,22~56,优,17,38.3,5.3,0.596,23.5,78,56
海口,2015-12-25,37,22~48,优,21.6,35.9,5.9,0.996,15.5,61,56
海口,2015-12-26,49,40~58,优,31.5,49.8,7.8,1.008,17.6,68,88
海口,2015-12-27,42,20~58,优,27.9,38.5,6.5,1.146,15.9,64,81
海口,2015-12-28,38,18~57,优,23.5,35.3,5.1,1.446,15.4,68,42
海口,2015-12-29,46,36~55,优,22.5,47.1,4.3,0.738,9.4,100,44
海口,2015-12-30,61,46~84,良,41.5,58.1,5.6,0.758,14.3,103,89
海口,2015-12-31,49,43~53,优,32,48.4,6.8,1.013,13.3,79,45
海口,2016-01-01,63,49~75,良,44.1,65.6,9.4,0.838,15.1,112,62
海口,2016-01-02,57,39~70,良,39,58.7,8.4,0.871,15.7,102,53
海口,2016-01-03,62,46~79,良,44,57.5,6.5,0.792,19.8,72,64
海口,2016-01-04,30,16~52,优,19.8,27.7,4.7,0.904,27.8,55,23
海口,2016-01-05,29,12~60,优,16.8,29,5.3,0.692,28,70,39
海口,2016-01-06,45,28~69,优,29.9,42.5,4.8,0.854,25.9,111,88
海口,2016-01-07,52,43~69,良,28.9,47.2,5.3,0.729,14.7,114,112
海口,2016-01-08,44,36~51,优,19.1,44,4.4,0.559,14.5,100,65
海口,2016-01-09,46,38~54,优,25.1,46.1,3.9,0.575,11.3,99,61
海口,2016-01-10,42,34~53,优,20.8,41.8,4,0.704,17,81,64
海口,2016-01-11,28,17~45,优,13.2,26.5,5.1,0.713,22.5,61,51
海口,2016-01-12,35,21~48,优,19.6,34.2,5,0.967,15.1,62,64
海口,2016-01-13,45,28~53,优,24.4,44.9,5.5,0.875,18.7,89,81
海口,2016-01-14,37,25~54,优,16.7,35.1,3.8,0.692,15.1,92,35
海口,2016-01-15,38,15~60,优,17.9,39.2,4.2,0.813,31,64,48
海口,2016-01-16,42,16~72,优,16.5,46,4.4,0.983,27.9,55,61
海口,2016-01-17,32,20~42,优,20.5,27.6,7.1,0.892,21.6,84,44
海口,2016-01-18,38,24~48,优,22.9,36.3,5.8,1.092,11.7,82,54
海口,2016-01-19,45,36~57,优,27.6,45,5.3,0.875,12.4,86,58
海口,2016-01-20,25,17~39,优,15.7,22.3,4.4,0.983,14.1,92,15
海口,2016-01-21,40,20~60,优,23.9,37.2,5.7,0.825,18.6,97,97
海口,2016-01-22,31,15~41,优,19,27.5,4.2,1.242,36.7,33,81
海口,2016-01-23,14,10~29,优,6.5,12.3,4.4,0.875,9.1,48,8
海口,2016-01-24,33,19~49,优,18.6,30.9,5,0.742,7.3,71,51
海口,2016-01-25,45,28~55,优,20.7,46.5,6.5,0.471,12,105,73
海口,2016-01-26,46,22~56,优,21.2,46.5,6.3,0.633,16.3,99,63
海口,2016-01-27,30,16~54,优,16.8,28.5,4.5,0.663,22.1,66,29
海口,2016-01-28,25,12~52,优,14,23.4,4.3,0.654,27.6,57,24
海口,2016-01-29,22,12~40,优,9.6,19.6,4.1,0.592,35.6,48,17
海口,2016-01-30,36,16~53,优,22.4,32.4,5,0.829,24.2,69,61
海口,2016-01-31,29,19~53,优,10.4,29.1,3.7,0.55,13.5,69,42
海口,2016-02-01,18,10~42,优,8.6,16.6,4.8,1.021,15.3,67,29
海口,2016-02-02,25,11~43,优,16.2,21.1,4.1,1.092,10.8,48,22
海口,2016-02-03,43,29~58,优,26.9,43.2,4.3,1.05,11.2,71,34
海口,2016-02-04,56,46~77,良,38.6,55.7,5.4,0.888,16.1,97,102
海口,2016-02-05,41,28~85,优,27.7,39.1,5.8,1.1,13,87,73
海口,2016-02-06,54,42~93,良,36.1,56.2,7.7,0.671,10,128,117
海口,2016-02-07,58,33~115,良,35.8,62.8,9.3,0.638,8.2,113,95
海口,2016-02-08,153,52~468,中度污染,124.3,87.1,22.7,0.55,13.7,128,160
海口,2016-02-09,56,41~82,良,34.2,54.3,5.5,0.65,6.6,118,79
海口,2016-02-10,62,47~93,良,31.8,72.8,4.6,0.571,12.2,98,130
海口,2016-02-11,37,25~55,优,18.5,37.1,4.2,0.638,12.8,79,43
海口,2016-02-12,34,21~59,优,18.7,34.3,3.8,0.496,8.6,99,45
海口,2016-02-13,46,26~83,优,30.3,48.4,4.8,0.771,18.5,123,171
海口,2016-02-14,45,28~60,优,30.3,41.5,4.6,0.671,14.8,92,229
海口,2016-02-15,45,26~57,优,27.1,45.2,4.7,0.925,8.8,80,198
海口,2016-02-16,46,24~78,优,30.1,45.7,3.8,0.663,9.5,64,155
海口,2016-02-17,42,18~80,优,28.2,39.7,4.5,0.758,10.5,76,85
海口,2016-02-18,45,35~57,优,30.6,42.6,4.1,0.663,12.4,68,49
海口,2016-02-19,53,14~75,良,35,55.4,4.6,0.888,15.1,68,77
海口,2016-02-20,49,16~72,优,33.3,50.3,6.6,0.683,10.3,123,100
海口,2016-02-21,52,46~59,良,33.6,53.8,4.6,0.746,17.8,111,62
海口,2016-02-22,48,26~92,优,30.8,52,5.6,0.671,16.5,86,77
海口,2016-02-23,48,15~77,优,32,48.4,5,0.917,16.7,70,120
海口,2016-02-24,16,13~28,优,7.6,12.8,3.9,0.817,10.6,58,8
海口,2016-02-25,37,26~52,优,21.8,37,4.1,0.838,12,59,52
海口,2016-02-26,42,26~54,优,27.7,41.3,4.3,0.704,13.9,56,74
海口,2016-02-27,43,32~53,优,29,40.4,5.1,0.888,18.4,94,69
海口,2016-02-28,46,29~64,优,30.6,44.4,5.6,0.788,24.7,124,78
海口,2016-02-29,56,46~66,良,32.4,59.4,8.7,0.925,34.6,137,125
海口,2016-03-01,66,52~77,良,40.3,80.1,5.7,0.629,20.2,130,122
海口,2016-03-02,64,57~71,良,34.9,77.2,4.9,0.725,12.8,125,86
海口,2016-03-03,55,51~63,良,29.6,59.9,4.8,0.538,15,97,59
海口,2016-03-04,47,37~56,优,24,47.5,4.1,0.608,14.8,92,40
海口,2016-03-05,37,23~50,优,21.1,36.5,3.5,0.488,15.7,78,29
海口,2016-03-06,39,28~50,优,20.5,39,4.4,0.663,17.7,69,24
海口,2016-03-07,33,22~48,优,16.3,33.1,4.3,0.496,13.7,69,30
海口,2016-03-08,39,18~56,优,17.3,38.8,5,0.638,15.5,100,109
海口,2016-03-09,51,31~76,良,24.7,55.3,7.8,0.525,27.9,97,222
海口,2016-03-10,24,9~54,优,11.2,23.1,4.1,0.548,15.6,41,70
海口,2016-03-11,20,12~29,优,12.2,18.6,3.6,0.571,11.1,50,10
海口,2016-03-12,31,21~46,优,21.4,27.6,4,0.771,24,92,19
海口,2016-03-13,32,22~57,优,18.8,27.8,8.3,0.8,17.8,101,44
海口,2016-03-14,31,21~52,优,16.8,30.7,6.9,0.863,14.3,66,31
海口,2016-03-15,27,16~52,优,15.2,23.2,4.5,0.696,15.5,86,11
海口,2016-03-16,35,16~62,优,17.1,30.9,7.8,0.833,21.4,103,30
海口,2016-03-17,44,30~60,优,23.5,41.9,6.1,0.621,22,87,50
海口,2016-03-18,49,33~77,优,32.4,49.3,6.5,0.721,23.5,94,58
海口,2016-03-19,45,32~58,优,21.4,46.8,5.7,0.558,25.6,60,53
海口,2016-03-20,43,26~55,优,19.2,42.5,7.5,0.654,18.4,72,46
海口,2016-03-21,36,18~51,优,17.7,35.7,5,0.488,12.6,72,49
海口,2016-03-22,40,29~52,优,20.8,40.1,4.6,0.638,11,68,80
海口,2016-03-23,47,28~68,优,31.4,47.5,6.5,0.654,26.6,78,143
海口,2016-03-24,23,16~37,优,10.1,20.4,4.7,1.042,13.8,60,26
海口,2016-03-25,29,17~42,优,18.1,26.2,5.9,1.238,13.5,67,19
海口,2016-03-26,55,33~80,良,37.2,55.2,8.7,0.767,15.3,184,120
海口,2016-03-27,57,46~89,良,37.3,57.9,9.3,0.508,13.7,191,117
海口,2016-03-28,53,48~57,良,31,56.4,6.8,0.679,18.6,137,50
海口,2016-03-29,57,54~60,良,34.2,62.6,5,0.521,15,116,81
海口,2016-03-30,61,54~68,良,38,72,5.1,0.683,16.7,113,107
海口,2016-03-31,63,44~79,良,43.1,70,4.8,0.638,22.5,95,106
海口,2016-04-01,47,25~64,优,25.6,49.3,4,0.708,19.1,59,50
海口,2016-04-02,34,22~45,优,16.5,34.4,6.3,0.492,13.2,72,41
海口,2016-04-03,41,26~63,优,21.9,40.8,5.8,0.6,17.8,70,96
海口,2016-04-04,42,26~59,优,21.6,42.8,7.3,0.467,19.3,95,90
海口,2016-04-05,39,22~61,优,14.3,39.5,6,0.558,11.8,70,71
海口,2016-04-06,39,19~58,优,13.8,39.7,5.8,0.408,11.2,78,101
海口,2016-04-07,39,22~69,优,18.4,40.9,5.7,0.579,19.9,101,95
海口,2016-04-08,44,24~68,优,26.6,46.8,7.4,0.517,23.8,105,97
海口,2016-04-09,41,23~59,优,19.8,41.5,6.3,0.642,16.9,78,91
海口,2016-04-10,46,21~66,优,24.2,49.5,6.4,0.533,21.7,86,111
海口,2016-04-11,41,32~53,优,23.3,40.3,4.4,0.813,20.1,126,69
海口,2016-04-12,49,30~64,优,28.4,51.3,4.9,0.633,17.4,94,94
海口,2016-04-13,62,44~84,良,43.2,62.5,6.3,0.821,27.7,93,138
海口,2016-04-14,65,58~79,良,43.3,75,7.5,0.717,24.9,130,154
海口,2016-04-15,61,51~69,良,40.2,67,7,0.738,18.2,103,158
海口,2016-04-16,64,51~70,良,42.8,71.7,6.9,0.661,20.9,103,245
海口,2016-04-17,57,38~69,良,30.3,60.3,6.6,0.65,17.3,97,203
海口,2016-04-18,37,26~59,优,19,37.4,7.1,0.65,18,87,91
海口,2016-04-19,44,22~63,优,22.5,44.5,5.3,0.792,14.6,95,84
海口,2016-04-20,34,20~55,优,16,33.3,4.9,0.496,16.5,117,64
海口,2016-04-21,40,25~55,优,19.9,40.6,7,0.613,18.8,94,68
海口,2016-04-22,33,24~52,优,13.8,30,6.1,0.471,17.3,112,38
海口,2016-04-23,32,20~48,优,13.4,30.5,6.3,0.7,22.9,97,61
海口,2016-04-24,44,35~54,优,25.7,44.2,9.2,0.654,25.3,97,103
海口,2016-04-25,52,31~80,良,30.2,55.1,8.3,0.754,25.3,128,139
海口,2016-04-26,49,32~71,优,26.9,53.3,7.5,0.592,22.3,90,130
海口,2016-04-27,42,26~60,优,19.8,42.5,6.5,0.663,28.3,82,84
海口,2016-04-28,42,24~59,优,24.8,39.7,7.6,0.658,33,107,65
海口,2016-04-29,40,23~57,优,21.2,37.6,5.4,0.696,11.7,92,35
海口,2016-04-30,40,18~58,优,19.4,39.9,5.7,0.55,16.7,96,37
海口,2016-05-01,38,30~57,优,18.1,38.8,7.5,0.608,19,82,38
海口,2016-05-02,37,23~55,优,18.4,37.6,4.8,0.5,14.8,70,64
海口,2016-05-03,39,25~55,优,20.4,39.4,7.8,0.675,21.2,127,76
海口,2016-05-04,35,22~50,优,18.1,34.3,7.3,0.508,17.9,82,42
海口,2016-05-05,33,25~48,优,17.7,32.9,6.8,0.6,14.2,51,41
海口,2016-05-06,34,25~47,优,17.7,34,6.1,0.433,14.3,60,47
海口,2016-05-07,30,20~38,优,14,29.6,5.8,0.492,12,68,52
海口,2016-05-08,28,18~41,优,12.5,27.6,6.5,0.304,11.6,52,38
海口,2016-05-09,35,20~54,优,15.4,34.6,6.6,0.517,13.8,69,67
海口,2016-05-10,40,20~58,优,15.4,40.8,6.6,0.496,22.3,86,87
海口,2016-05-11,47,34~58,优,25.2,47.3,8.8,0.896,25.6,128,69
海口,2016-05-12,62,44~82,良,43,44.2,5,0.617,16.6,116,146
海口,2016-05-13,29,20~40,优,12.8,19.8,5.6,0.663,18.7,93,27
海口,2016-05-14,31,22~45,优,16.4,27.9,4.8,0.513,16.5,72,41
海口,2016-05-15,31,19~44,优,15.1,28.3,5,0.514,12.8,54,80
海口,2016-05-16,37,20~54,优,15.4,37.5,8.3,0.5,13,98,68
海口,2016-05-17,60,47~75,良,31.3,69.5,8.6,0.774,18.9,176,150
海口,2016-05-18,42,26~62,优,26.7,41.3,6.3,0.588,15.5,135,55
海口,2016-05-19,34,23~56,优,17.5,33.3,5.2,0.679,15.1,63,42
海口,2016-05-20,37,26~63,优,20.3,37.5,6.4,0.533,17.6,60,78
海口,2016-05-21,36,19~57,优,18.1,36.8,7.1,0.779,19.8,91,116
海口,2016-05-22,37,25~65,优,19,38.1,9.2,0.813,15,110,117
海口,2016-05-23,47,36~62,优,28.3,45.5,7,0.943,13,144,142
海口,2016-05-24,31,17~42,优,17.8,30.2,5.3,0.669,18.1,92,48
海口,2016-05-25,24,13~54,优,12.1,24.3,4.6,0.6,12,45,31
海口,2016-05-26,17,10~26,优,6.3,17,4.8,0.375,8.5,46,11
海口,2016-05-27,27,16~39,优,12.7,26.4,5.7,0.641,21.3,46,56
海口,2016-05-28,35,17~46,优,14.3,34.5,6.2,0.479,19.1,64,92
海口,2016-05-29,37,18~53,优,13.6,35.7,6.6,0.654,26.7,66,86
海口,2016-05-30,34,23~47,优,13.2,34,6.3,0.463,21,80,50
海口,2016-05-31,30,20~42,优,12.8,28.9,5.4,0.558,19.7,86,52
海口,2016-06-01,33,24~50,优,11.7,32.7,6,0.409,17.7,103,79
海口,2016-06-02,40,27~52,优,15.7,39.8,6.1,0.637,18.9,105,125
海口,2016-06-03,46,28~55,优,18.5,47,6.7,0.442,18.3,100,173
海口,2016-06-04,43,28~59,优,18.7,44.8,8,0.596,19.9,114,143
海口,2016-06-05,34,18~58,优,14.3,35.7,6,0.465,23.5,123,84
海口,2016-06-06,30,14~60,优,13.5,29.6,5.7,0.683,21.8,96,50
海口,2016-06-07,34,19~56,优,15.5,33.6,6.8,0.621,24.2,112,69
海口,2016-06-08,35,20~56,优,16.6,33.8,5,0.733,23.7,78,70
海口,2016-06-09,31,17~49,优,15.3,30.8,7.4,0.5,22.9,69,56
海口,2016-06-10,26,14~48,优,10.8,25.4,3.7,0.613,16.9,97,50
海口,2016-06-11,31,18~49,优,12.9,31.3,3.5,0.496,22.2,64,93
海口,2016-06-12,33,25~51,优,13.4,33,3.9,0.604,19.7,86,109
海口,2016-06-13,35,26~48,优,13,35.4,4.7,0.467,17.9,92,89
海口,2016-06-14,37,27~51,优,15.2,36.4,4,0.588,18.4,92,91
海口,2016-06-15,27,16~45,优,11.7,27.1,3.8,0.433,18,84,54
海口,2016-06-16,35,18~55,优,14.8,34.9,4.6,0.629,20.5,118,94
海口,2016-06-17,35,22~49,优,15.1,35.1,6.3,0.517,27,110,73
海口,2016-06-18,30,18~67,优,11.5,28.5,4,0.542,19.8,113,73
海口,2016-06-19,22,15~30,优,10.2,22.3,4.2,0.375,14.4,62,40
海口,2016-06-20,28,19~39,优,11,26.9,4.7,0.508,13.3,73,77
海口,2016-06-21,22,17~30,优,9.5,21.8,7.3,0.367,12.8,70,31
海口,2016-06-22,19,13~39,优,7.3,18.5,3.6,0.504,13.9,57,23
海口,2016-06-23,18,10~29,优,7,17.8,3.8,0.404,14.7,62,25
海口,2016-06-24,22,13~40,优,7.7,21,5,0.579,17,66,55
海口,2016-06-25,16,12~27,优,7.1,15.9,3.1,0.413,16.5,49,13
海口,2016-06-26,17,10~40,优,6.3,14.9,3,0.563,12.4,51,18
海口,2016-06-27,18,12~30,优,5.9,17.5,3,0.396,12.5,46,20
海口,2016-06-28,16,0~40,优,5.8,14.9,3.1,0.6,13.3,44,28
海口,2016-06-29,18,11~28,优,5.5,17.4,2.8,0.408,13.9,56,26
海口,2016-06-30,30,19~47,优,9.7,29.8,4.1,0.513,12.3,54,101
海口,2016-07-01,32,22~41,优,12,32.1,4,0.396,13,60,150
海口,2016-07-02,34,23~51,优,13.4,33.7,3.3,0.542,18.8,66,127
海口,2016-07-03,26,15~57,优,11.2,25.4,3.8,0.4,18.5,63,73
海口,2016-07-04,28,16~45,优,12.2,28.4,4.3,0.596,21.8,59,89
海口,2016-07-05,31,24~42,优,11.8,31.1,3.4,0.433,14.5,58,118
海口,2016-07-06,26,15~52,优,12.1,24.9,2.5,0.513,11.6,62,71
海口,2016-07-07,20,12~40,优,7.9,20.3,2.9,0.3,10,58,37
海口,2016-07-08,28,16~40,优,10.3,27.4,4.5,0.483,17.8,78,72
海口,2016-07-09,34,22~50,优,12.9,33.5,5.5,0.396,17.9,78,113
海口,2016-07-10,44,30~60,优,19.1,45.5,6.5,0.596,24.5,133,160
海口,2016-07-11,39,20~51,优,16.7,39.3,4.3,0.417,21.8,104,132
海口,2016-07-12,36,18~54,优,12.6,35.3,3.8,0.617,23.8,82,126
海口,2016-07-13,29,16~42,优,12.6,29.1,4.4,0.513,20.6,102,88
海口,2016-07-14,29,20~44,优,12,28.5,3.5,0.588,18.5,60,91
海口,2016-07-15,36,23~49,优,15.7,36.3,3.3,0.425,15.6,72,149
海口,2016-07-16,37,28~51,优,15.9,37.5,3.9,0.596,19.3,64,133
海口,2016-07-17,40,28~51,优,16.5,39.8,4.9,0.467,15.9,108,130
海口,2016-07-18,33,23~45,优,14.6,32.2,5.2,0.558,11.3,58,93
海口,2016-07-19,34,23~54,优,13.7,34.2,4.8,0.4,11,45,122
海口,2016-07-20,30,16~44,优,11.7,29.4,4,0.55,11.6,38,102
海口,2016-07-21,25,16~34,优,10.1,25.4,5,0.417,13.5,61,60
海口,2016-07-22,28,16~40,优,10.7,27.8,5,0.571,16,84,71
海口,2016-07-23,34,20~54,优,14.7,34.6,6,0.429,16.5,108,96
海口,2016-07-24,33,20~45,优,14.6,32.2,6.5,0.588,16,122,81
海口,2016-07-25,26,17~42,优,9.9,25.6,4.7,0.388,14.5,68,44
海口,2016-07-26,22,14~40,优,9.6,21.6,5.1,0.55,11.3,41,33
海口,2016-07-27,18,10~24,优,7.3,17.9,3.4,0.388,10.9,45,10
海口,2016-07-28,24,17~40,优,8.4,23.1,3.8,0.546,12.6,33,26
海口,2016-07-29,22,14~32,优,8.1,22.3,4.1,0.392,13.4,54,26
海口,2016-07-30,32,16~53,优,11,31.5,6.3,0.583,15.3,79,64
海口,2016-07-31,33,20~48,优,12.9,32.8,5,0.458,19.9,75,80
海口,2016-08-01,34,18~59,优,13.1,35.3,5.3,0.596,20,41,104
海口,2016-08-02,26,12~44,优,9.2,25,5.6,0.5,22.2,63,61
海口,2016-08-03,26,14~42,优,11.9,24.8,4.8,0.642,15,50,73
海口,2016-08-04,22,15~33,优,9.4,22.1,4.1,0.433,13.3,51,41
海口,2016-08-05,26,14~51,优,8.5,25,4,0.6,19.6,56,64
海口,2016-08-06,28,18~47,优,13,28.1,5.1,0.442,16,65,62
海口,2016-08-07,37,17~54,优,14.3,37,6.5,0.629,25.2,60,141
海口,2016-08-08,41,24~53,优,15.8,41,7.2,0.483,18.9,95,172
海口,2016-08-09,37,23~53,优,14.5,37.1,6.2,0.604,20,87,123
海口,2016-08-10,39,22~56,优,16,39.4,6.3,0.475,21.2,76,131
海口,2016-08-11,32,16~50,优,15,31.4,6.2,0.663,18.6,60,92
海口,2016-08-12,32,17~53,优,11.5,30.5,5.3,0.521,23.1,73,80
海口,2016-08-13,25,15~45,优,8.4,23,5,0.592,17.6,50,54
海口,2016-08-14,19,10~32,优,8.1,19.1,4.3,0.483,18,56,25
海口,2016-08-15,24,12~40,优,7.5,23.1,5.5,0.571,20.8,40,61
海口,2016-08-16,17,12~24,优,8.5,15.3,4.5,0.421,14.5,47,17
海口,2016-08-17,17,10~40,优,7.8,14.8,4,0.658,20.8,62,18
海口,2016-08-18,13,9~19,优,4.1,10.4,3.5,0.425,8.3,45,6
海口,2016-08-19,28,9~56,优,8.8,27.1,3.8,0.533,11.3,43,80
海口,2016-08-20,36,28~46,优,15.3,36.2,3.8,0.396,15.3,63,100
海口,2016-08-21,35,18~46,优,15.7,35,5.4,0.504,17.3,73,79
海口,2016-08-22,25,15~48,优,11.7,22,3.7,0.417,14.4,73,29
海口,2016-08-23,30,22~40,优,17.5,25.5,3.9,0.525,9.9,44,34
海口,2016-08-24,34,24~49,优,15.2,33.4,4.5,0.421,16.1,59,45
海口,2016-08-25,45,34~54,优,22.6,43.1,6.3,0.65,18.7,106,159
海口,2016-08-26,53,38~74,良,34.6,50.7,6.5,0.542,21.9,85,259
海口,2016-08-27,34,18~54,优,20.8,30.9,4.7,0.721,18,90,95
海口,2016-08-28,31,22~49,优,17.9,22.8,4.9,0.679,17.9,102,53
海口,2016-08-29,36,17~65,优,20.3,29.7,4.3,0.892,18.5,97,72
海口,2016-08-30,40,25~65,优,23.9,38.2,4.7,0.604,22.8,101,104
海口,2016-08-31,34,21~51,优,16.3,34,5.8,0.596,25.8,79,83
海口,2016-09-01,30,20~46,优,11.2,30.3,5.2,0.346,21.5,57,88
海口,2016-09-02,27,15~48,优,9.8,26.2,5.5,0.55,20.3,54,47
海口,2016-09-03,28,15~43,优,12.5,27.7,6.7,0.483,23.1,75,37
海口,2016-09-04,31,20~40,优,14.2,30,6.1,0.558,21,73,42
海口,2016-09-05,39,30~52,优,20.9,38.5,5.2,0.483,21.6,93,88
海口,2016-09-06,39,26~53,优,23.3,38.4,6.1,0.742,23.3,75,105
海口,2016-09-07,36,20~50,优,15.2,35.5,5.6,0.521,25.5,65,88
海口,2016-09-08,36,18~56,优,13.3,36,6.8,0.633,29.3,63,81
海口,2016-09-09,31,19~54,优,13.1,31.4,5.3,0.446,20.5,66,64
海口,2016-09-10,30,18~40,优,13.3,29,5,0.571,14.8,79,74
海口,2016-09-11,21,11~39,优,8.5,21,4.5,0.4,14.1,37,33
海口,2016-09-12,26,10~55,优,12.1,25,4.5,0.588,11.6,139,51
海口,2016-09-13,22,14~30,优,11.3,20.3,3.8,0.333,8.5,35,14
海口,2016-09-14,34,20~57,优,15.6,33.9,5,0.604,13.1,118,79
海口,2016-09-15,51,43~57,良,34.3,52,7,0.6,16.3,111,180
海口,2016-09-16,57,49~63,良,40.4,57.1,11.3,0.792,13.3,101,227
海口,2016-09-17,59,43~78,良,41.6,57.9,7.4,0.626,18.3,116,227
海口,2016-09-18,57,48~69,良,38.1,57.7,8.8,0.975,30.8,82,220
海口,2016-09-19,51,37~62,良,32.7,50.5,15.7,0.573,12.8,106,195
海口,2016-09-20,51,36~73,良,33.2,50.9,7.8,0.713,8.3,126,158
海口,2016-09-21,47,20~74,优,27,47.4,5.9,0.563,6.5,121,104
海口,2016-09-22,36,10~52,优,18,33.6,5,0.671,9,106,56
海口,2016-09-23,13,7~23,优,4.8,12.6,4.8,0.467,11.3,25,5
海口,2016-09-24,17,8~40,优,5.5,15.8,4.2,0.567,14.7,26,10
海口,2016-09-25,27,15~45,优,14.1,27,4.5,0.454,13,65,34
海口,2016-09-26,42,35~51,优,20.7,42.2,8.3,0.717,18.8,72,75
海口,2016-09-27,43,24~60,优,23.3,44,6,0.583,18,76,124
海口,2016-09-28,63,27~130,良,37.5,59,7.5,0.779,17.5,119,238
海口,2016-09-29,51,34~88,良,32.3,52.5,8.1,0.9,13.6,96,215
海口,2016-09-30,30,19~42,优,14.9,27.8,7,0.833,9.7,101,76
海口,2016-10-01,32,25~43,优,20.3,30.8,6.7,0.704,10.4,100,63
海口,2016-10-02,34,19~49,优,22.4,32.8,6.3,0.704,10.3,104,88
海口,2016-10-03,41,30~62,优,25.7,39.8,7.7,0.667,17.9,107,122
海口,2016-10-04,55,40~74,良,37.1,55.9,8.6,0.646,25,118,178
海口,2016-10-05,30,16~45,优,17.5,28.8,6.2,0.492,10.3,82,46
海口,2016-10-06,30,20~44,优,16.7,29.8,5.3,0.467,8.9,81,46
海口,2016-10-07,53,42~66,良,35.8,54.5,8.3,0.7,27.5,108,186
海口,2016-10-08,69,57~77,良,49.5,76.9,11.2,0.763,25.5,124,284
海口,2016-10-09,43,29~72,优,28.5,42.5,6.9,0.613,12.6,100,149
海口,2016-10-10,49,38~54,优,33.6,48.6,8.1,0.65,10.1,106,161
海口,2016-10-11,44,32~54,优,24.5,43.9,8.4,0.558,10.3,127,126
海口,2016-10-12,44,33~53,优,27.9,43.5,7.1,0.583,9.7,106,114
海口,2016-10-13,38,28~44,优,20,38.3,5.8,0.496,7.8,88,82
海口,2016-10-14,32,14~46,优,16.2,32.3,4.8,0.421,4.9,80,58
海口,2016-10-15,47,34~58,优,24.3,47.5,6,0.446,5.3,135,120
海口,2016-10-16,48,31~72,优,30.8,48.8,8.3,0.596,9.3,127,120
海口,2016-10-17,51,44~57,良,33.5,51.7,9.7,0.625,14.5,94,119
海口,2016-10-18,36,26~51,优,16,35.6,4.9,0.529,3.9,73,61
海口,2016-10-19,21,13~30,优,9.1,20.3,4.8,0.542,13.8,59,29
海口,2016-10-20,30,17~44,优,15.5,30.3,6.1,0.563,17.6,83,74
海口,2016-10-21,28,14~43,优,15.2,27.9,7.2,0.738,16.4,80,79
海口,2016-10-22,38,26~49,优,21,37.9,8.9,0.779,23.2,91,168
海口,2016-10-23,39,27~50,优,25.1,37.1,5.3,0.704,13.8,74,170
海口,2016-10-24,27,16~43,优,15.2,25.4,5,0.558,11.8,43,63
海口,2016-10-25,22,12~33,优,10,21.7,4.7,0.471,12.3,30,28
海口,2016-10-26,24,20~31,优,12.5,24.4,4.7,0.479,10.9,42,47
海口,2016-10-27,21,14~30,优,8.5,21.4,4.5,0.463,8.7,44,36
海口,2016-10-28,24,18~28,优,10.6,23.8,4.6,0.479,9.6,50,62
海口,2016-10-29,43,21~104,优,25.8,41.2,6.2,0.579,7.6,159,155
海口,2016-10-30,44,25~56,优,25.9,44.3,6.7,0.833,9.4,98,138
海口,2016-10-31,44,27~53,优,27.4,44.1,6.3,0.796,9,114,166
海口,2016-11-01,50,27~56,良,32.6,50.6,8.5,0.775,8.6,140,177
海口,2016-11-02,41,34~52,优,24.1,41,7.8,0.7,8.2,106,95
海口,2016-11-03,37,27~45,优,22.4,37.2,6.8,0.642,11.7,85,49
海口,2016-11-04,49,40~60,优,32.6,48.1,9.4,0.646,11.8,126,51
海口,2016-11-05,50,35~65,优,30,49,6.5,0.617,21.7,104,53
海口,2016-11-06,36,26~47,优,19.5,35.5,5.1,0.488,14.1,73,27
海口,2016-11-07,32,23~43,优,15.9,32,5.3,0.433,9.3,60,52
海口,2016-11-08,29,22~37,优,12.5,29.3,5.1,0.408,8,69,79
海口,2016-11-09,55,34~80,良,36.8,53.6,8.6,0.983,12.1,96,198
海口,2016-11-10,20,9~57,优,12.4,18.9,5.7,0.896,11.5,45,43
海口,2016-11-11,31,10~52,优,21,28.1,4.5,0.8,16.7,58,35
海口,2016-11-12,35,24~44,优,15.6,34.8,3.9,0.596,12.9,78,33
海口,2016-11-13,34,24~41,优,11.5,33.8,3.8,0.492,15.6,68,29
海口,2016-11-14,35,26~44,优,11.2,34.8,4,0.429,13.5,66,30
海口,2016-11-15,33,26~42,优,16.8,32.3,5.3,0.47,14.5,92,31
海口,2016-11-16,40,28~52,优,21.4,40.2,4.5,0.587,11,79,42
海口,2016-11-17,45,33~55,优,22.7,45.1,5.2,0.521,8.2,96,58
海口,2016-11-18,41,35~51,优,19,41.4,4.3,0.526,8.8,87,49
海口,2016-11-19,32,18~42,优,13.9,31.8,4.3,0.533,11.5,50,0
海口,2016-11-20,30,17~38,优,11.4,30.3,4.2,0.504,10.5,52,0
海口,2016-11-21,24,11~39,优,9.3,24,4.3,0.421,11,43,0
海口,2016-11-22,13,8~20,优,4.8,12.2,4,0.413,10.4,30,0
海口,2016-11-23,15,8~23,优,5.5,14.2,4.1,0.513,9.7,70,0
海口,2016-11-24,13,9~17,优,6.5,11.8,4.6,0.7,11.1,42,0
海口,2016-11-25,14,9~24,优,7.5,13.5,5,0.788,14.9,43,0
海口,2016-11-26,13,8~20,优,5.7,10.8,4.8,0.729,12,48,0
海口,2016-11-27,24,14~40,优,12.1,23.8,7.1,0.667,13.8,93,0
海口,2016-11-28,40,34~46,优,23.3,39.9,8.2,0.671,15.4,101,0
海口,2016-11-29,49,32~57,优,29.3,51.6,9.5,0.65,12.1,108,0
海口,2016-11-30,56,42~78,良,34.3,58.5,11.4,0.658,9.9,118,0
海口,2016-12-01,72,61~83,良,52,78.8,12.5,0.746,10.9,122,0
海口,2016-12-02,70,61~84,良,49.9,79.4,10,0.775,12,124,0
海口,2016-12-03,73,51~98,良,50.9,83,9.1,0.825,14.9,100,0
海口,2016-12-04,78,65~95,良,56.9,83.8,12.5,0.908,15.2,140,0
海口,2016-12-05,81,57~118,良,56.8,92,11.3,0.992,39.6,122,0
海口,2016-12-06,67,55~84,良,42.4,70.5,10.6,0.667,11.2,108,0
海口,2016-12-07,75,62~84,良,54.8,84.5,12.3,0.758,12.5,149,0
海口,2016-12-08,71,62~89,良,50.8,80.8,12,0.763,13.2,144,0
海口,2016-12-09,84,60~119,良,61.3,89.8,11.6,0.8,26.3,181,0
海口,2016-12-10,61,43~99,良,41.4,65.8,8.2,0.667,11.7,164,0
海口,2016-12-11,52,45~59,良,24.9,54.3,5.1,0.546,6.5,120,0
海口,2016-12-12,47,34~54,优,18.2,47.9,4.6,0.504,11.5,76,0
海口,2016-12-13,52,44~63,良,23.8,54.3,5.6,0.539,8.6,116,0
海口,2016-12-14,61,46~89,良,42.3,56.3,8.3,0.875,10,121,0
海口,2016-12-15,50,43~67,良,31.5,50.6,8.1,0.929,9.8,104,0
海口,2016-12-16,48,41~54,优,29.8,47.9,8,0.85,10.5,104,0
海口,2016-12-17,56,52~62,良,37,58.2,7.5,0.692,10.3,116,0
海口,2016-12-18,57,48~72,良,36.4,58.2,5,0.646,11.2,109,0
海口,2016-12-19,41,34~52,优,15.9,41.3,3.8,0.558,11.2,81,0
海口,2016-12-20,47,39~52,优,19.8,46.6,4.6,0.542,11.1,95,0
海口,2016-12-21,44,26~60,优,21.3,45.2,5.3,0.546,12.9,88,0
海口,2016-12-22,48,19~74,优,33.2,47.9,8.2,0.742,13.8,113,0
海口,2016-12-23,46,30~64,优,25.5,45.6,7,1.158,11.3,112,0
海口,2016-12-24,40,26~58,优,20,38.5,4.3,0.788,9,90,0
海口,2016-12-25,46,38~57,优,18.4,46.3,4.2,0.683,10.2,80,0
海口,2016-12-26,54,44~70,良,24.6,57.9,5,0.596,10,99,0
海口,2016-12-27,35,13~54,优,17.1,35.4,7.4,0.863,10.2,111,0
海口,2016-12-28,51,39~59,良,33.2,51.8,9.1,0.796,11,114,0
海口,2016-12-29,53,49~61,良,30.6,55.2,9.9,0.675,9.1,111,0
海口,2016-12-30,54,50~60,良,33.9,55.6,8.9,0.679,13.9,105,0
海口,2016-12-31,66,53~80,良,46.9,70.4,9.3,0.788,15.8,131,0
海口,2017-01-01,48,41~55,优,21.7,49.1,5.5,0.567,9,105,0
海口,2017-01-02,37,27~46,优,18.3,37.3,4.9,0.513,10,87,0
海口,2017-01-03,55,28~97,良,37.2,55.3,10.3,0.679,18.5,170,0
海口,2017-01-04,40,30~50,优,20.1,40,5,0.5,8.2,100,0
海口,2017-01-05,41,28~52,优,22.7,40.7,5.7,0.55,11.7,90,0
海口,2017-01-06,47,36~69,优,30.1,45.9,6.5,0.646,11.1,136,0
海口,2017-01-07,51,38~62,良,28.6,52.5,5.3,0.625,15.6,114,0
海口,2017-01-08,44,36~56,优,23.3,44.1,5.3,0.613,12.1,97,0
海口,2017-01-09,67,40~122,良,47.3,61,6.9,0.967,10.5,156,0
海口,2017-01-10,51,43~59,良,28,53.7,4.5,0.813,6.7,112,0
海口,2017-01-11,55,47~67,良,35.9,59.7,4.4,0.791,6.4,94,0
海口,2017-01-12,51,18~68,良,33.1,55,4.1,0.921,11,92,0
海口,2017-01-13,24,12~40,优,16.2,18.3,4.6,1.188,16.3,36,0
海口,2017-01-14,18,12~30,优,10.8,16,3.9,1.196,16.4,46,0
海口,2017-01-15,28,13~40,优,18.5,24.4,4.2,1.046,15,98,0
海口,2017-01-16,24,13~50,优,11.9,23,4,0.958,14.7,62,0
海口,2017-01-17,48,25~69,优,18.6,53.7,4.1,0.604,14.9,75,0
海口,2017-01-18,55,40~69,良,28.2,60.9,5,0.638,14.5,100,0
海口,2017-01-19,55,38~78,良,37.3,54.8,5,0.729,24.6,106,0
海口,2017-01-20,38,24~57,优,21.2,37.5,5.4,0.858,10.2,93,0
海口,2017-01-21,52,31~67,良,35.1,46,5.5,0.804,8.3,113,0
海口,2017-01-22,60,42~77,良,42.5,56.3,6.9,0.833,7,135,0
海口,2017-01-23,59,42~69,良,41,60.6,7.7,0.758,8,161,0
海口,2017-01-24,55,45~62,良,26.4,60.5,5.4,0.596,4.8,121,0
海口,2017-01-25,44,34~54,优,20.6,44.4,5.3,0.5,5,110,0
海口,2017-01-26,48,33~57,优,29.9,48.4,5.4,0.604,6.8,120,0
海口,2017-01-27,49,42~64,优,30.3,50.1,5.8,0.579,3.9,124,0
海口,2017-01-28,91,0~233,良,66.9,83.8,12.9,0.479,6.8,119,0
海口,2017-01-29,41,32~51,优,27.5,39.8,5,0.463,6.3,89,0
海口,2017-01-30,27,22~40,优,17.7,25.1,4.9,0.458,5.5,78,0
海口,2017-01-31,41,24~58,优,24.6,36.9,4.3,0.717,6,82,0
