濮阳,2014-12-31,60,50~71,良,27.3,67.8,32,1.356,51.1,62,156
濮阳,2015-01-01,71,46~103,良,47.3,75.9,52.4,1.355,48.7,65,219
濮阳,2015-01-02,88,65~120,良,50.3,117.2,70.5,1.963,71.3,35,172
濮阳,2015-01-03,132,73~290,轻度污染,65.6,143,78,1.908,74.9,28,194
濮阳,2015-01-04,246,217~296,重度污染,194.8,144.8,69.5,2.3,91.2,68,314
濮阳,2015-01-05,330,200~456,严重污染,245,330.7,97.8,4.782,122.4,6,344
濮阳,2015-01-06,66,32~146,良,31.9,76.3,52.7,1.127,45.8,56,153
濮阳,2015-01-07,151,99~206,中度污染,114,139.4,72.7,1.017,61.5,54,332
濮阳,2015-01-08,300,189~413,严重污染,250,238.9,92.3,1.89,87.4,43,362
濮阳,2015-01-09,331,156~446,严重污染,284.5,277.9,108.5,3.291,116.6,48,347
濮阳,2015-01-10,214,70~361,重度污染,175.1,204.4,126.6,2.771,104.8,58,258
濮阳,2015-01-11,109,50~195,轻度污染,62,134.8,81,2.296,78.3,50,190
濮阳,2015-01-12,75,52~147,良,33.6,64.1,63.7,1.505,56.2,53,156
濮阳,2015-01-13,115,60~170,轻度污染,86,85.6,66.5,1.429,56.7,68,242
濮阳,2015-01-14,140,111~192,轻度污染,105.4,121.3,33.9,1.496,52.5,41,266
濮阳,2015-01-15,368,204~500,严重污染,311,417.1,71.9,3.843,88.8,62,350
濮阳,2015-01-16,223,62~443,重度污染,182.8,248.6,42.7,2.973,71.4,82,284
濮阳,2015-01-17,95,52~157,良,63.8,111,50.8,1.65,52.4,83,176
濮阳,2015-01-18,87,57~111,良,40.9,116.6,49.6,1.395,40.9,86,147
濮阳,2015-01-19,78,67~97,良,36.7,104,55.9,1.548,48.5,94,131
濮阳,2015-01-20,105,67~259,轻度污染,73.4,125.6,40.7,1.733,52.5,87,176
濮阳,2015-01-21,106,50~191,轻度污染,68.4,130.3,49.6,2.552,62.1,99,181
濮阳,2015-01-22,88,60~139,良,64.3,101.8,45.7,1.854,51.1,93,143
濮阳,2015-01-23,112,86~165,轻度污染,84,128.7,34.5,1.81,57.8,98,158
濮阳,2015-01-24,258,161~365,重度污染,209,233.9,60.2,3.396,88.3,6,324
濮阳,2015-01-25,109,58~289,轻度污染,81.5,107.6,25.1,2.154,47.4,73,138
濮阳,2015-01-26,179,124~249,中度污染,137.1,187.7,34.5,2.391,55,27,235
濮阳,2015-01-27,108,47~210,轻度污染,72.3,110.9,25.1,1.529,41.6,60,217
濮阳,2015-01-28,94,59~135,良,68.4,105.3,50.8,1.278,47.2,34,293
濮阳,2015-01-29,148,94~226,轻度污染,111.7,143.2,71.2,1.35,52,47,338
濮阳,2015-01-30,186,67~316,中度污染,147.4,188.9,61,1.661,52.3,73,315
濮阳,2015-01-31,84,52~125,良,58.8,97.8,44.4,1.1,59.3,88,222
濮阳,2015-02-01,119,75~160,轻度污染,89.5,125.5,54.5,1.213,56.8,81,278
濮阳,2015-02-02,172,135~228,中度污染,130.1,128.6,31.2,1.2,44.6,90,313
濮阳,2015-02-03,306,225~396,严重污染,254.7,265.7,53.9,2.135,58.3,69,360
濮阳,2015-02-04,206,61~425,重度污染,166.7,205.6,45.5,2.265,57.4,109,271
濮阳,2015-02-05,93,38~160,良,65.3,115.5,53.8,1.413,55.8,91,198
濮阳,2015-02-06,135,78~247,轻度污染,101.7,150.8,54.9,1.565,60.6,75,267
濮阳,2015-02-07,167,70~282,中度污染,117.3,196.8,66.1,2.378,57.8,72,288
濮阳,2015-02-08,76,46~100,良,44.5,99.3,28.2,1.196,40,96,186
濮阳,2015-02-09,90,71~126,良,57.1,119.6,34,0.975,31.7,91,220
濮阳,2015-02-10,122,83~175,轻度污染,91.9,145.1,54.5,1.304,47.4,79,247
濮阳,2015-02-11,140,100~193,轻度污染,102.4,183.3,54.6,1.691,57.2,99,263
濮阳,2015-02-12,201,67~355,重度污染,158.9,219.8,56.8,2.233,68.2,97,279
濮阳,2015-02-13,114,84~150,轻度污染,82.3,166.5,43,1.713,49.2,116,228
濮阳,2015-02-14,163,127~192,中度污染,122.5,233.8,26.8,1.713,38.7,107,275
濮阳,2015-02-15,207,108~376,重度污染,164.4,251,17.8,2.508,37.3,52,299
濮阳,2015-02-16,176,139~236,中度污染,123,251.2,37,2.3,44.4,141,312
濮阳,2015-02-17,162,115~195,中度污染,115.8,265.5,40,1.763,42.7,125,311
濮阳,2015-02-18,110,84~295,轻度污染,69.1,158.6,54.4,1.621,33.8,99,239
濮阳,2015-02-19,158,82~281,中度污染,121.1,193.2,54.8,1.421,26.2,85,269
濮阳,2015-02-20,77,52~106,良,54.8,78.6,12.8,1.235,16.7,63,227
濮阳,2015-02-21,161,78~212,中度污染,120.8,177.5,9.2,1.878,21.8,51,329
濮阳,2015-02-22,100,76~184,良,39.9,144.3,15.4,1.096,16.9,86,223
濮阳,2015-02-23,109,92~125,轻度污染,52.6,164.8,19,1.195,23.7,77,293
濮阳,2015-02-24,139,109~216,轻度污染,102,198.5,8,1.536,19,72,326
濮阳,2015-02-25,185,116~342,中度污染,138.8,263.8,35.6,2.127,35.7,129,338
濮阳,2015-02-26,141,88~207,轻度污染,103.7,194.9,72.1,2.06,50.9,128,329
濮阳,2015-02-27,69,39~85,良,45.3,86.8,48.9,1.171,34.8,76,263
濮阳,2015-02-28,90,58~172,良,64.1,105,43.5,1.238,29.3,78,295
濮阳,2015-03-01,111,68~192,轻度污染,66.9,132.1,29.6,1.346,37.5,103,288
濮阳,2015-03-02,96,74~125,良,68.3,120.9,30,1.091,33.1,72,269
濮阳,2015-03-03,122,76~469,轻度污染,30.1,167.7,13.8,0.858,22.2,108,266
濮阳,2015-03-04,66,54~82,良,30.6,80.2,27.1,1,34.6,105,233
濮阳,2015-03-05,109,67~266,轻度污染,75.6,144.2,38.8,1.071,36.7,82,309
濮阳,2015-03-06,120,85~185,轻度污染,89.9,131.3,20.6,0.996,21.6,108,309
濮阳,2015-03-07,101,76~255,轻度污染,71.2,131.2,14.7,0.961,22,115,242
濮阳,2015-03-08,131,114~164,轻度污染,99,136.3,23.6,1.143,28.4,75,319
濮阳,2015-03-09,113,62~220,轻度污染,62.1,145.2,16.3,1.092,27.8,85,279
濮阳,2015-03-10,79,57~98,良,39.7,105.7,35.3,0.987,34.7,113,240
濮阳,2015-03-11,93,65~156,良,60,132.9,34.1,1.314,39,114,261
濮阳,2015-03-12,129,113~157,轻度污染,92,185.3,48.4,1.277,44.6,106,315
濮阳,2015-03-13,158,76~220,中度污染,112.8,215.5,47.1,1.654,54.5,195,306
濮阳,2015-03-14,113,91~135,轻度污染,84.5,152.6,57.3,1.35,53,125,248
濮阳,2015-03-15,199,128~248,中度污染,153.8,188.2,23,1.322,39.2,130,336
濮阳,2015-03-16,155,120~233,中度污染,117.7,142,14.4,1.248,26.9,103,308
濮阳,2015-03-17,156,132~212,中度污染,117.8,138.9,11.2,1.479,31.4,85,328
濮阳,2015-03-18,82,58~140,良,56.7,104,14.4,1.187,36.7,105,238
濮阳,2015-03-19,146,89~200,轻度污染,109.1,163.1,32.8,1.67,52.9,61,319
濮阳,2015-03-20,167,86~250,中度污染,122.8,183.5,28,1.75,55.7,118,320
濮阳,2015-03-21,139,100~196,轻度污染,84,190.2,31.9,1.375,51.3,131,321
濮阳,2015-03-22,178,102~456,中度污染,90.6,259.6,54.8,1.125,49.4,132,334
濮阳,2015-03-23,86,58~118,良,38.9,118.8,30.1,1.033,44.2,81,250
濮阳,2015-03-24,114,80~143,轻度污染,72.4,166.4,48.3,1.361,51.8,135,335
濮阳,2015-03-25,73,59~88,良,43.9,92.9,27.6,1.079,37.1,157,235
濮阳,2015-03-26,75,53~100,良,49.8,85.4,27,1.113,36.9,123,211
濮阳,2015-03-27,108,75~170,轻度污染,79.2,121.8,34.3,1.27,38.6,153,279
濮阳,2015-03-28,145,80~298,轻度污染,79.6,200.9,24.7,1.514,57,146,301
濮阳,2015-03-29,188,137~280,中度污染,124.3,302.9,47.7,1.665,65.1,181,332
濮阳,2015-03-30,161,108~218,中度污染,120.5,209,36.1,1.479,35,189,331
濮阳,2015-03-31,130,26~217,轻度污染,97.7,105.5,13.3,1.558,30.8,106,269
濮阳,2015-04-01,44,35~53,优,27.5,33,2.7,1.113,17.6,95,78
濮阳,2015-04-02,74,41~139,良,50.9,50.2,6.7,1.554,25,106,221
濮阳,2015-04-03,119,85~156,轻度污染,89.8,126.9,27.3,1.946,42.3,127,327
濮阳,2015-04-04,85,58~122,良,62.4,76.8,19.8,1.45,35.2,134,256
濮阳,2015-04-05,148,119~193,轻度污染,112,161.6,22.3,1.842,60.5,126,329
濮阳,2015-04-06,88,60~172,良,45.3,111.7,12.6,1.296,31.3,104,290
濮阳,2015-04-07,64,50~89,良,39,75.2,44,1.5,36.7,114,262
濮阳,2015-04-08,71,57~97,良,38.4,89,21.2,1.314,23.3,142,257
濮阳,2015-04-09,85,57~124,良,59.5,100.5,26,1.309,27.2,124,270
濮阳,2015-04-10,126,106~146,轻度污染,89.2,160.2,27.5,1.5,35.7,137,333
濮阳,2015-04-11,120,95~158,轻度污染,82.5,145.7,13.9,1.355,24.8,147,320
濮阳,2015-04-12,133,64~262,轻度污染,54.2,185.1,8.5,1.236,19.1,118,320
濮阳,2015-04-13,80,50~126,良,57,58.4,10,1.305,29.9,104,248
濮阳,2015-04-14,116,79~230,轻度污染,74.3,152.9,35.8,1.563,42.4,128,298
濮阳,2015-04-15,119,71~399,轻度污染,57.1,161.3,29,1.363,30.6,145,230
濮阳,2015-04-16,162,64~500,中度污染,70.2,237.7,12.7,0.874,19.5,113,252
濮阳,2015-04-17,127,87~200,轻度污染,87,188.7,43.3,1.187,40.4,110,277
濮阳,2015-04-18,148,131~182,轻度污染,110.6,203.9,57.1,1.41,47.6,137,334
濮阳,2015-04-19,71,55~128,良,50.6,51.2,6.8,1.177,19.7,86,214
濮阳,2015-04-20,85,59~106,良,54.3,109.5,30.4,1.268,27.5,129,291
濮阳,2015-04-21,92,71~139,良,65,122.9,24.7,1.186,30.2,89,286
濮阳,2015-04-22,109,58~185,轻度污染,78.5,124.8,27.6,1.114,35.6,136,300
濮阳,2015-04-23,110,72~182,轻度污染,75.2,139,21.3,1.142,27.7,150,283
濮阳,2015-04-24,159,75~246,中度污染,120.4,176.7,33.4,1.4,35.3,168,329
濮阳,2015-04-25,146,80~249,轻度污染,103.6,161.5,20.6,1.381,34.9,164,279
濮阳,2015-04-26,86,75~94,良,59.9,115.4,25.5,1.15,30.4,150,199
濮阳,2015-04-27,90,63~119,良,66.3,97.1,19.7,1.229,29.8,118,229
濮阳,2015-04-28,105,67~178,轻度污染,74.2,117.4,19.7,1.248,22,144,281
濮阳,2015-04-29,89,69~113,良,56.7,110.7,24.6,1.105,30.9,165,244
濮阳,2015-04-30,109,88~165,轻度污染,78.7,135.6,21.1,1.214,50.2,164,272
濮阳,2015-05-01,96,69~122,良,62.3,107.2,21.9,1.174,39,171,275
濮阳,2015-05-02,53,39~100,良,32,50.4,5.7,1.022,17,104,147
濮阳,2015-05-03,126,64~215,轻度污染,92.7,136.6,36.7,1.459,51.2,117,310
濮阳,2015-05-04,85,60~156,良,39.5,113,43.1,1.192,35.2,123,267
濮阳,2015-05-05,104,71~156,轻度污染,74,129.6,19.4,1.357,41,123,296
濮阳,2015-05-06,104,75~157,轻度污染,77.3,115.7,16.4,1.404,25.4,111,273
濮阳,2015-05-07,116,89~144,轻度污染,86.3,148.3,17.1,1.556,27.4,146,302
濮阳,2015-05-08,82,55~133,良,54.6,87.5,15.7,0.985,26.8,111,238
濮阳,2015-05-09,94,29~146,良,69.5,89.6,15.2,1.177,22.2,87,250
濮阳,2015-05-10,65,25~116,良,45.4,69.6,9.5,1.013,20.4,47,170
濮阳,2015-05-11,64,28~116,良,30.4,75.6,14.5,1.357,32.8,126,217
濮阳,2015-05-12,88,68~128,良,31.9,123.4,31.5,0.85,36.7,150,305
濮阳,2015-05-13,101,77~137,轻度污染,68.5,142.7,19.2,0.932,32,164,305
濮阳,2015-05-14,101,70~144,轻度污染,55,133.4,17.9,0.933,29.6,122,278
濮阳,2015-05-15,103,71~166,轻度污染,60,134.2,30.5,0.932,31.8,206,307
濮阳,2015-05-16,134,97~171,轻度污染,96.7,135,38.7,1.123,43.5,210,346
濮阳,2015-05-17,95,76~117,良,69.5,103.8,17.9,1.024,43.3,152,267
濮阳,2015-05-18,105,75~158,轻度污染,61.6,115,19.3,1.023,34.2,181,293
濮阳,2015-05-19,102,71~140,轻度污染,57.6,135.9,24.6,1.026,26,163,279
濮阳,2015-05-20,78,56~125,良,47,87.2,36.5,0.964,37.1,150,247
濮阳,2015-05-21,93,56~128,良,66.3,111.3,46.3,1.246,59.2,96,296
濮阳,2015-05-22,102,87~131,轻度污染,75.5,114.8,34.3,1.123,44.6,177,311
濮阳,2015-05-23,123,75~188,轻度污染,84.9,116.3,24.9,1.117,44.1,172,306
濮阳,2015-05-24,113,82~152,轻度污染,70.9,111,21.4,1.087,37.1,232,294
濮阳,2015-05-25,124,97~156,轻度污染,82.7,120.6,24.7,1.07,45.1,207,296
濮阳,2015-05-26,127,106~168,轻度污染,95.9,136.8,26.4,1.22,46.1,193,301
濮阳,2015-05-27,127,90~142,轻度污染,85.1,130.1,24.5,1.17,38.2,229,301
濮阳,2015-05-28,112,78~136,轻度污染,82.7,113.7,17.4,1.162,19.5,166,292
濮阳,2015-05-29,133,98~181,轻度污染,100.5,137.1,14.2,1.491,22.9,139,339
濮阳,2015-05-30,129,88~170,轻度污染,83.8,133.3,22,1.395,32,190,340
濮阳,2015-05-31,153,98~224,中度污染,107.8,172.6,13.4,1.343,38.9,204,332
濮阳,2015-06-01,133,87~185,轻度污染,100.5,150.8,11.4,1.305,38.6,179,318
濮阳,2015-06-02,88,63~125,良,47.2,106.2,13,0.975,23.8,189,288
濮阳,2015-06-03,85,67~109,良,42.4,96.2,38.4,1.004,30.5,185,319
濮阳,2015-06-04,91,65~138,良,48.6,120.4,16.8,0.89,38.3,120,308
濮阳,2015-06-05,107,60~146,轻度污染,50,161.5,22.4,0.805,42.5,118,321
濮阳,2015-06-06,125,106~233,轻度污染,67.5,193.5,14.9,0.775,36.7,148,327
濮阳,2015-06-07,144,94~500,轻度污染,81.8,207.1,22.6,1.187,28.6,183,343
濮阳,2015-06-08,73,51~103,良,35.4,92,22,0.79,30.9,128,275
濮阳,2015-06-09,112,80~168,轻度污染,65.9,168.3,22.8,0.945,43.3,176,313
濮阳,2015-06-10,120,75~158,轻度污染,89.3,141.5,12.9,1.119,43,131,309
濮阳,2015-06-11,76,53~112,良,31,98.7,20.5,0.917,26.8,128,249
濮阳,2015-06-12,104,69~127,轻度污染,63.8,154.8,29.1,0.961,41.1,159,318
濮阳,2015-06-13,90,61~145,良,48.9,122.3,18.5,0.836,23.6,153,292
濮阳,2015-06-14,109,73~158,轻度污染,80.4,110.3,29.1,1.165,22.4,168,325
濮阳,2015-06-15,150,50~352,轻度污染,114.9,142.4,36.9,1.435,35.9,138,279
濮阳,2015-06-16,127,103~170,轻度污染,95.5,125.6,12.5,1.236,31.4,117,332
濮阳,2015-06-17,156,77~206,中度污染,117,167.9,20,1.4,33.5,142,337
濮阳,2015-06-18,143,60~225,轻度污染,96.1,162.4,19.7,1.416,28.4,116,313
濮阳,2015-06-19,129,49~325,轻度污染,94.9,129.4,24.5,1.421,26.4,132,298
濮阳,2015-06-20,58,38~99,良,33.8,61.8,12.3,1.056,27.2,98,180
濮阳,2015-06-21,100,54~141,轻度污染,69.7,134.1,23.4,1.504,53.7,125,295
濮阳,2015-06-22,103,76~149,轻度污染,76.3,125.7,17.3,1.23,34.3,121,303
濮阳,2015-06-23,132,94~168,轻度污染,99.1,134.3,17,1.3,40.6,75,338
濮阳,2015-06-24,62,45~109,良,43.9,31.7,5.2,0.783,22,65,238
濮阳,2015-06-25,41,20~77,优,27.8,37.8,6.8,0.809,25.4,33,133
濮阳,2015-06-26,59,40~80,良,38.7,58.8,7.7,0.967,27.8,73,223
濮阳,2015-06-27,68,48~91,良,47,68.8,5.6,0.804,26.8,81,265
濮阳,2015-06-28,79,52~160,良,56.5,75.7,6.2,0.9,26.3,112,275
濮阳,2015-06-29,59,29~105,良,41.3,49.6,4.9,0.896,24.3,57,205
濮阳,2015-06-30,51,33~65,良,32.7,51.2,7,0.781,20.6,59,204
濮阳,2015-07-01,75,54~96,良,43.4,96.7,20.1,1.035,32.4,109,287
濮阳,2015-07-02,63,31~89,良,25.3,75.1,12.7,0.857,32.7,87,221
濮阳,2015-07-03,79,54~105,良,36.7,101.6,26.8,1.009,41.5,144,275
濮阳,2015-07-04,71,42~110,良,37.6,86.4,16.5,0.904,36,115,235
濮阳,2015-07-05,69,57~77,良,36.9,85.7,16.3,0.896,27,126,259
濮阳,2015-07-06,109,63~161,轻度污染,79.5,138.3,19.9,1.292,37.1,98,317
濮阳,2015-07-07,83,65~107,良,55.7,110.8,14.3,1.058,31.4,105,285
濮阳,2015-07-08,123,87~148,轻度污染,92.8,153.9,14.7,1.265,36.1,117,330
濮阳,2015-07-09,88,46~146,良,55,104.5,20.1,1.096,32.3,98,241
濮阳,2015-07-10,68,60~82,良,37.3,84.5,20.7,1.063,38.5,122,241
濮阳,2015-07-11,84,50~114,良,58.1,90.2,5.8,1.133,31.6,59,276
濮阳,2015-07-12,81,56~122,良,50.8,98.5,7.5,1.254,36.4,115,254
濮阳,2015-07-13,90,76~120,良,56,121,9.8,1.242,42.7,146,258
濮阳,2015-07-14,106,55~167,轻度污染,63.3,146.6,6.7,1.163,48.5,163,279
濮阳,2015-07-15,52,35~65,良,33.2,52.7,5.4,0.973,32,61,132
濮阳,2015-07-16,67,61~77,良,47.8,72.3,6.9,1.376,30.7,67,240
濮阳,2015-07-17,93,72~110,良,68.2,104.9,7.6,1.333,34.8,57,313
濮阳,2015-07-18,109,71~143,轻度污染,81,124.4,5.6,1.319,42.4,56,329
濮阳,2015-07-19,62,46~75,良,41.1,70.7,7.1,1.091,28.7,65,210
濮阳,2015-07-20,93,61~146,良,67.8,91.5,7.2,1.13,30,76,308
濮阳,2015-07-21,92,69~139,良,68.2,105.8,8.2,1.146,34,117,305
濮阳,2015-07-22,75,32~101,良,46.5,97.8,8.1,1.188,40.5,133,267
濮阳,2015-07-23,69,40~94,良,41.5,87.7,9.7,1.2,39.7,131,280
濮阳,2015-07-24,58,37~94,良,29.8,69.5,9.1,1.117,26.2,146,226
濮阳,2015-07-25,62,35~90,良,33.1,75,9.9,1.171,31.3,124,231
濮阳,2015-07-26,88,64~111,良,59,121.9,6,1.263,45,127,293
濮阳,2015-07-27,70,42~107,良,40.2,89.8,6.3,1.104,39.2,103,239
濮阳,2015-07-28,64,53~81,良,29.9,78.1,6.5,0.883,39,107,265
濮阳,2015-07-29,64,47~79,良,23.8,78.3,6.1,0.829,43.4,125,274
濮阳,2015-07-30,57,28~79,良,24.7,67.6,5.3,0.842,29.3,127,242
濮阳,2015-07-31,49,18~67,优,24.3,51.3,6.6,0.896,26,92,209
濮阳,2015-08-01,109,62~152,轻度污染,81.6,132.8,6.3,1.154,26.3,122,341
濮阳,2015-08-02,65,51~83,良,31.3,79.6,5.8,0.908,38.5,118,280
濮阳,2015-08-03,53,26~68,良,23.4,55.1,5.9,0.85,28.6,126,219
濮阳,2015-08-04,49,33~68,优,29.4,49.1,6.7,1.075,23.8,98,201
濮阳,2015-08-05,58,22~90,良,38.2,65.8,7,1.167,28.4,78,210
濮阳,2015-08-06,57,36~82,良,37,64,5.8,0.996,22.7,112,226
濮阳,2015-08-07,85,53~127,良,62.9,96.6,6,1.229,25.5,147,313
濮阳,2015-08-08,99,79~130,良,73.7,110.6,7.3,1.288,24.7,174,341
濮阳,2015-08-09,61,44~119,良,38.3,69.2,8.7,1.038,24,110,271
濮阳,2015-08-10,71,44~114,良,45.9,86.3,10.4,1.139,27,186,301
濮阳,2015-08-11,127,103~175,轻度污染,95.6,139.8,11.3,1.325,24.2,206,353
濮阳,2015-08-12,157,82~214,中度污染,118.9,187.7,8.2,1.529,37.6,152,354
濮阳,2015-08-13,112,60~198,轻度污染,78.5,128,6.7,1.254,41.2,134,293
濮阳,2015-08-14,79,54~127,良,56.3,99.4,8,1.313,28.8,153,259
濮阳,2015-08-15,69,52~122,良,45,80,10.2,1.221,21.7,122,260
濮阳,2015-08-16,113,74~152,轻度污染,85.5,128.2,9.9,1.458,31.3,154,326
濮阳,2015-08-17,100,73~129,良,73.7,121.2,8.4,1.4,40.8,115,287
濮阳,2015-08-18,83,51~107,良,57.7,105.6,9.5,1.325,29.9,106,266
濮阳,2015-08-19,63,36~104,良,38.9,72.3,9.3,1.079,26.7,118,231
濮阳,2015-08-20,57,40~80,良,33.5,62.2,11.1,1.075,28.2,110,247
濮阳,2015-08-21,103,64~142,轻度污染,72.5,138,14.4,1.475,32.1,256,326
濮阳,2015-08-22,105,45~133,轻度污染,74.3,131.2,10.5,1.379,21.2,205,321
濮阳,2015-08-23,68,45~106,良,34.3,66.1,19.5,1.179,22,212,239
濮阳,2015-08-24,59,35~95,良,36.9,65.3,10.9,1.292,14.5,145,215
濮阳,2015-08-25,58,45~75,良,32.3,57.9,14.2,1.435,15.6,180,204
濮阳,2015-08-26,62,42~108,良,38.3,71.8,17.8,1.383,24.4,97,189
濮阳,2015-08-27,100,63~154,良,70.6,142.8,41.2,2.067,49.1,117,310
濮阳,2015-08-28,90,62~133,良,64.5,113.5,14.5,1.921,36.2,116,291
濮阳,2015-08-29,48,23~69,优,25.2,51,25.3,1.633,20.6,127,153
濮阳,2015-08-30,60,32~95,良,41.2,57.4,19.5,1.754,26.8,119,187
濮阳,2015-08-31,59,38~97,良,40.5,57.6,11.8,1.883,19.2,105,208
濮阳,2015-09-01,30,20~39,优,17.3,27.7,9.8,1.25,9.8,92,65
濮阳,2015-09-02,29,19~51,优,14,27.3,11.3,1.208,15.8,82,66
濮阳,2015-09-03,49,31~66,优,25.7,52.4,16.3,1.438,33.2,112,181
濮阳,2015-09-04,60,29~92,良,43,53.8,14.5,1.55,29.1,70,225
濮阳,2015-09-05,42,27~58,优,25.9,41.5,11,1.45,17.1,82,159
濮阳,2015-09-06,49,30~63,优,33.4,45.3,13.6,1.583,17,75,210
濮阳,2015-09-07,44,29~76,优,19.5,46.7,23.9,1.408,32.7,120,137
濮阳,2015-09-08,86,69~117,良,59.2,115.6,31,1.754,45.7,129,325
濮阳,2015-09-09,87,53~152,良,62.5,96.9,18.8,1.488,26.2,71,306
濮阳,2015-09-10,156,55~212,中度污染,118.2,156.6,17.7,1.904,24,105,355
濮阳,2015-09-11,41,30~65,优,27,33.6,12.3,1.338,18.7,64,155
濮阳,2015-09-12,61,23~96,良,31.3,74.9,22.9,1.504,34.7,82,236
濮阳,2015-09-13,66,52~82,良,29.5,81.9,35.1,1.204,46.5,98,273
濮阳,2015-09-14,68,43~80,良,39,86.2,28.1,1.283,38.4,139,255
濮阳,2015-09-15,88,51~153,良,59.7,107.9,28.2,1.546,42,104,275
濮阳,2015-09-16,97,56~158,良,67.3,121.7,25.9,1.661,49.3,123,299
濮阳,2015-09-17,89,59~135,良,60.3,105.6,31.8,1.404,31.3,112,272
濮阳,2015-09-18,124,61~208,轻度污染,93,134,28.8,1.7,30.2,155,311
濮阳,2015-09-19,208,142~233,重度污染,160.3,203.2,24.3,2.375,37.8,106,360
濮阳,2015-09-20,88,63~112,良,55.6,123.6,32.4,1.663,54.6,135,307
濮阳,2015-09-21,133,77~214,轻度污染,98.1,153.3,31.5,1.663,34.3,115,328
濮阳,2015-09-22,115,87~148,轻度污染,86.4,120.9,22.9,1.475,32.3,118,335
濮阳,2015-09-23,136,82~202,轻度污染,103,140,22.3,1.488,34.5,130,352
濮阳,2015-09-24,182,117~230,中度污染,139,190,21.8,1.729,45.7,113,358
濮阳,2015-09-25,152,67~236,中度污染,114.3,158,19.8,1.571,29.5,134,345
濮阳,2015-09-26,89,62~118,良,51,126.6,45.7,1.592,44.6,156,317
濮阳,2015-09-27,115,97~152,轻度污染,85.2,171.8,30.3,1.667,32.4,154,341
濮阳,2015-09-28,94,71~127,良,62.6,135.7,32.7,1.638,27.2,91,324
濮阳,2015-09-29,68,54~83,良,35.7,85.1,21.5,1.479,24.5,114,271
濮阳,2015-09-30,68,51~90,良,35.3,85.5,21,1.529,30.5,128,268
濮阳,2015-10-01,72,46~112,良,28.5,94.2,24.4,1.125,30.9,96,244
濮阳,2015-10-02,122,106~135,轻度污染,42.9,194.1,33.8,1.171,37.2,90,337
濮阳,2015-10-03,131,91~175,轻度污染,79.2,211.2,45.1,1.908,62,151,327
濮阳,2015-10-04,218,97~350,重度污染,162.3,316.9,40.5,2.346,67.4,139,348
濮阳,2015-10-05,107,63~155,轻度污染,66.8,152.4,24.8,1.458,32.5,79,289
濮阳,2015-10-06,143,74~233,轻度污染,104.4,179,25.3,1.779,39.1,78,316
濮阳,2015-10-07,99,25~211,良,70.5,109,18.2,1.638,30.9,59,229
濮阳,2015-10-08,64,47~114,良,24.7,78.2,18.8,1.271,28.4,68,265
濮阳,2015-10-09,81,48~107,良,34.1,112.2,26.1,1.429,39,79,290
濮阳,2015-10-10,65,39~91,良,28.2,80.7,18.6,1.2,32.1,83,241
濮阳,2015-10-11,76,32~129,良,45.3,102.2,33.4,1.663,47.7,78,251
濮阳,2015-10-12,88,52~129,良,59.9,117.6,37.1,2.1,56,111,265
濮阳,2015-10-13,145,65~211,轻度污染,106.9,163.3,34.8,1.983,58.8,141,306
濮阳,2015-10-14,153,85~246,中度污染,116.3,158.3,25.4,1.717,43.9,162,313
濮阳,2015-10-15,169,64~340,中度污染,127.2,186.3,29.9,2.242,51,132,274
濮阳,2015-10-16,149,77~253,轻度污染,113,173.3,40.2,2.208,53,147,257
濮阳,2015-10-17,154,102~231,中度污染,117.3,183.2,31.8,2.083,40.6,156,303
濮阳,2015-10-18,165,30~275,中度污染,126.3,181.2,30,2.163,39,102,299
濮阳,2015-10-19,68,26~127,良,39.6,84,17.4,1.592,30.8,113,143
濮阳,2015-10-20,109,64~251,轻度污染,77.3,129.3,27.3,1.867,36,111,249
濮阳,2015-10-21,145,70~276,轻度污染,105.3,183,21.4,2.371,35.8,53,300
濮阳,2015-10-22,64,44~85,良,43.8,77,17.3,2.092,26,24,139
濮阳,2015-10-23,76,51~111,良,51.9,99,26.1,2.196,32.5,67,161
濮阳,2015-10-24,90,64~118,良,63.2,120.3,34.1,2.317,33.6,87,225
濮阳,2015-10-25,50,36~79,优,25.8,53,18.5,1.546,27.2,30,109
濮阳,2015-10-26,53,36~72,良,32.8,56.7,20.4,1.813,28.6,43,131
濮阳,2015-10-27,73,52~93,良,29.8,95.2,36.3,1.879,37,74,257
濮阳,2015-10-28,106,74~160,轻度污染,73.3,128.8,39.8,1.833,51,71,302
濮阳,2015-10-29,65,51~75,良,37,78.7,36.8,1.604,40.5,82,221
濮阳,2015-10-30,89,61~189,良,59.9,115.4,41,1.954,49.8,98,292
濮阳,2015-10-31,118,54~192,轻度污染,88.9,139.3,64.4,1.508,51,57,313
濮阳,2015-11-01,125,55~182,轻度污染,93.9,142.8,56.6,1.363,46.8,74,310
濮阳,2015-11-02,111,74~152,轻度污染,83.7,141.3,44,1.4,51.5,103,278
濮阳,2015-11-03,120,89~152,轻度污染,90.1,138.7,38.3,1.217,44.2,134,272
濮阳,2015-11-04,191,144~256,中度污染,146.5,196.5,45.7,1.604,48.5,169,342
濮阳,2015-11-05,254,57~368,重度污染,206.4,287.3,30.4,1.988,46.5,59,333
濮阳,2015-11-06,32,26~46,优,22,19.8,4.2,1.229,16.8,43,84
濮阳,2015-11-07,40,23~52,优,27.2,34.1,5.1,1.321,18.1,48,128
濮阳,2015-11-08,68,49~84,良,49,60.9,7.8,1.471,23.4,61,209
濮阳,2015-11-09,114,78~149,轻度污染,86.1,118.8,23.8,1.8,27.4,57,278
濮阳,2015-11-10,168,133~226,中度污染,127.7,188.8,31,1.929,36.2,57,334
濮阳,2015-11-11,228,214~247,重度污染,178.1,276.5,70.4,2.783,69,27,354
濮阳,2015-11-12,223,180~279,重度污染,174.2,248.5,52.6,3.221,59.5,66,346
濮阳,2015-11-13,270,232~292,重度污染,219.5,290.6,57.5,3.25,57.5,109,362
濮阳,2015-11-14,234,178~281,重度污染,185,268.8,45.6,2.783,63.5,72,355
濮阳,2015-11-15,171,110~246,中度污染,130.9,187.6,24.5,2.479,44,12,326
濮阳,2015-11-16,85,62~119,良,62.6,70.7,13,2.617,35.9,28,258
濮阳,2015-11-17,79,72~102,良,57.7,87.7,16,1.829,29.7,33,276
濮阳,2015-11-18,65,46~105,良,46.6,66.7,13.3,1.488,24.1,43,252
濮阳,2015-11-19,126,87~185,轻度污染,95.1,148.3,37.1,1.817,41.7,47,336
濮阳,2015-11-20,150,100~201,轻度污染,112.9,164.2,27.5,1.533,51.7,24,342
濮阳,2015-11-21,74,43~93,良,54.1,62.1,15.2,1.767,44.6,8,245
濮阳,2015-11-22,36,29~48,优,25.1,26,10.7,1.275,32.9,46,100
濮阳,2015-11-23,53,35~63,良,30.8,54.8,13.6,1.404,30.5,48,225
濮阳,2015-11-24,67,45~110,良,23.2,83,16.8,1.242,26.4,65,291
濮阳,2015-11-25,77,52~122,良,50.8,79.5,46,1.521,34.8,56,278
濮阳,2015-11-26,74,54~117,良,52.1,82.9,55.6,1.963,44,118,271
濮阳,2015-11-27,65,51~117,良,44.8,66.8,30.1,1.542,45,102,184
濮阳,2015-11-28,117,70~201,轻度污染,87.5,123.9,40.5,2.304,56.6,55,250
濮阳,2015-11-29,151,113~179,中度污染,114.5,184.8,64.2,3.413,68.3,46,294
濮阳,2015-11-30,220,156~268,重度污染,161.6,346.8,45.3,2.979,52.9,48,312
濮阳,2015-12-01,158,130~183,中度污染,115.5,237.4,39.2,3.158,64.3,25,301
濮阳,2015-12-02,120,70~189,轻度污染,58.6,178.2,33.4,2.104,52.5,75,290
濮阳,2015-12-03,77,42~146,良,19.8,104.1,47.1,1.421,36.8,74,240
濮阳,2015-12-04,99,61~177,良,48.9,146.7,51.9,1.963,55.3,70,313
濮阳,2015-12-05,108,65~200,轻度污染,73.6,149,69.2,2.346,78.9,36,271
濮阳,2015-12-06,122,79~170,轻度污染,90,168.7,74.4,2.813,77.6,66,275
濮阳,2015-12-07,239,77~469,重度污染,166.6,318.6,65.9,3.492,81.7,26,291
濮阳,2015-12-08,270,132~443,重度污染,187.9,375,70,3.283,71.2,84,321
濮阳,2015-12-09,200,92~500,重度污染,168.2,304.3,34.1,2.792,62.8,39,284
濮阳,2015-12-10,455,295~500,严重污染,371.6,638.9,67.9,5.45,116.3,48,359
濮阳,2015-12-11,179,66~488,中度污染,126.9,235.3,33.1,2.546,59.3,81,266
濮阳,2015-12-12,98,75~168,良,67.8,141.7,40.5,1.738,50.9,84,236
濮阳,2015-12-13,182,127~225,中度污染,138.2,239.8,89.8,2.767,67.5,82,317
濮阳,2015-12-14,211,143~291,重度污染,163.3,264.5,74,2.654,69.1,75,317
濮阳,2015-12-15,78,51~128,良,37.8,106.4,45.7,1.454,37,86,230
濮阳,2015-12-16,59,42~80,良,23.4,69,30.7,1.279,31,71,224
濮阳,2015-12-17,96,58~164,良,58.7,137.1,57.8,1.796,53.2,73,310
濮阳,2015-12-18,132,90~248,轻度污染,97.9,199.3,62.5,2.163,83,57,314
濮阳,2015-12-19,328,265~397,严重污染,264.7,428,94.6,4.088,112.3,32,363
濮阳,2015-12-20,316,168~470,严重污染,242.6,420.3,84.9,3.279,113.4,72,341
濮阳,2015-12-21,246,206~276,重度污染,195.5,332.6,65.8,2.483,86.2,103,300
濮阳,2015-12-22,192,155~277,中度污染,147.4,238.8,44.2,2.104,60.1,62,259
濮阳,2015-12-23,436,199~500,严重污染,473.5,535.3,37,7.775,132.4,27,338
濮阳,2015-12-24,486,288~500,严重污染,328.1,705.4,38.8,7.642,116.6,36,359
濮阳,2015-12-25,173,85~300,中度污染,96,263.7,28.9,4.158,76.1,80,267
濮阳,2015-12-26,142,78~389,轻度污染,84.3,209.6,69.7,2.288,71.9,76,258
濮阳,2015-12-27,72,56~95,良,40.5,94.3,25.3,1.546,32.4,58,189
濮阳,2015-12-28,141,96~224,轻度污染,103.4,215.9,47.9,2.396,59,63,283
濮阳,2015-12-29,168,133~212,中度污染,127.6,235.2,31.8,2.188,57.2,66,284
濮阳,2015-12-30,294,175~466,重度污染,231.5,388.4,63.3,3.554,85.7,66,339
濮阳,2015-12-31,132,85~192,轻度污染,92.5,190.6,61.8,2.188,51.3,80,204
濮阳,2016-01-01,134,100~160,轻度污染,101,197.4,39.4,2.013,41.3,70,218
濮阳,2016-01-02,202,143~253,重度污染,156,294.7,70.3,2.9,77.6,70,282
濮阳,2016-01-03,470,234~500,严重污染,504.9,708.4,66.3,5.529,131.9,61,353
濮阳,2016-01-04,159,102~343,中度污染,111.2,236.2,29,2.746,52.2,45,247
濮阳,2016-01-05,119,92~183,轻度污染,89.5,159.3,49.3,2.913,69.3,34,272
濮阳,2016-01-06,129,103~160,轻度污染,97.7,176.4,61.8,2.971,72.8,48,286
濮阳,2016-01-07,188,137~244,中度污染,143.6,248.6,55,3.079,80.3,37,335
濮阳,2016-01-08,303,234~426,严重污染,238.5,400,70.5,3.141,78.5,78,356
濮阳,2016-01-09,226,196~310,重度污染,172.4,295.8,29.3,2.679,48.3,52,323
濮阳,2016-01-10,313,210~415,严重污染,206.8,431.9,31.6,3.021,56,31,339
濮阳,2016-01-11,80,50~250,良,54,103.6,25.5,1.913,38,52,227
濮阳,2016-01-12,81,64~102,良,53.2,109.3,35,2.258,49.5,64,253
濮阳,2016-01-13,160,94~230,中度污染,122,216.7,69.5,2.546,72.4,63,324
濮阳,2016-01-14,119,72~165,轻度污染,85.2,179.4,82.3,2.179,73.6,76,248
濮阳,2016-01-15,113,84~186,轻度污染,75.3,175.2,96.3,2.308,77.3,77,230
濮阳,2016-01-16,282,128~500,重度污染,227.7,348.5,83.1,3.421,99.5,46,326
濮阳,2016-01-17,139,100~252,轻度污染,105.7,191.1,27.8,2.038,44.3,57,280
濮阳,2016-01-18,134,74~189,轻度污染,100.9,175.5,46.7,2.258,55.3,82,283
濮阳,2016-01-19,148,129~173,轻度污染,112.9,197.4,80.6,2.25,68.9,87,296
濮阳,2016-01-20,158,119~190,中度污染,119.8,216.5,95,2.288,75.9,54,331
濮阳,2016-01-21,189,110~490,中度污染,152.5,232.5,61.5,2.563,68.2,84,334
濮阳,2016-01-22,127,54~280,轻度污染,95.5,163.3,36.1,2.483,49.2,56,291
濮阳,2016-01-23,83,60~121,良,38.5,115.9,32.7,1.725,29.7,74,294
濮阳,2016-01-24,71,58~88,良,25.6,91.5,39.7,1.704,32.1,70,279
濮阳,2016-01-25,75,56~91,良,33.7,98.8,58.9,2.008,64.2,72,251
濮阳,2016-01-26,75,54~114,良,41.8,99.3,60.9,2.196,53.9,81,195
濮阳,2016-01-27,111,84~147,轻度污染,82.1,159.5,93.3,2.354,66.6,92,243
濮阳,2016-01-28,233,156~362,重度污染,186.6,294.4,101.3,3.508,91.5,71,341
濮阳,2016-01-29,154,76~279,中度污染,115.4,201.2,48.8,2.746,56.2,54,290
濮阳,2016-01-30,72,59~89,良,43,92.5,34.8,1.846,32.9,54,197
濮阳,2016-01-31,89,70~132,良,63.9,118.6,39.4,2.217,39.3,63,256
濮阳,2016-02-01,186,103~323,中度污染,142.4,248.5,81.1,3.271,71.9,82,339
濮阳,2016-02-02,165,87~238,中度污染,125.4,225,80.2,2.829,71,68,317
濮阳,2016-02-03,128,79~159,轻度污染,96.5,169.5,41.5,2.317,55.4,101,256
濮阳,2016-02-04,157,114~257,中度污染,119.9,204.8,56.9,2.692,67.7,112,307
濮阳,2016-02-05,146,77~301,轻度污染,109.5,195.3,65.9,3.075,50.3,84,290
濮阳,2016-02-06,82,54~103,良,48.2,113,49.3,2.267,41.6,81,244
濮阳,2016-02-07,122,68~500,轻度污染,64.1,168.9,69.8,2.492,46.3,92,253
濮阳,2016-02-08,116,69~176,轻度污染,86.6,165.3,72.3,2.167,33.3,99,160
濮阳,2016-02-09,166,107~232,中度污染,126.4,227.3,57.5,2.604,46.2,106,315
濮阳,2016-02-10,160,112~272,中度污染,122,208.8,58.8,2.708,40.2,80,314
濮阳,2016-02-11,257,202~292,重度污染,206.7,329.9,77.2,4.275,49.9,66,354
濮阳,2016-02-12,182,98~250,中度污染,141.5,232.8,29,4.15,40.7,30,313
濮阳,2016-02-13,78,29~169,良,56.7,74.3,19.2,2.729,25.6,62,220
濮阳,2016-02-14,44,27~67,优,19.2,47.1,23,1.929,21.9,73,217
濮阳,2016-02-15,56,34~86,良,26.4,65.7,43.4,2.213,32.2,79,263
濮阳,2016-02-16,58,35~78,良,21.5,68.4,47.1,2.175,42.2,84,244
濮阳,2016-02-17,96,67~162,良,63.5,133.2,52.3,2.304,53.1,75,310
濮阳,2016-02-18,95,62~144,良,64.4,111.2,35.3,1.779,50.6,88,272
濮阳,2016-02-19,144,89~232,轻度污染,54,235.6,41.7,1.738,39.6,81,291
濮阳,2016-02-20,83,50~156,良,37.8,115.2,32.2,1.617,34.7,76,186
濮阳,2016-02-21,103,77~128,轻度污染,56.5,156.1,37.8,1.713,39.6,72,251
濮阳,2016-02-22,200,112~500,中度污染,129.3,299.3,58.5,1.871,47.6,81,329
濮阳,2016-02-23,151,55~500,中度污染,116.2,194.2,37.5,1.763,34.7,94,248
濮阳,2016-02-24,113,65~401,轻度污染,72,157.2,66,1.921,40,66,263
濮阳,2016-02-25,176,105~214,中度污染,131.9,235.2,59.5,2.263,54.5,86,338
濮阳,2016-02-26,157,88~234,中度污染,109.3,228.2,66.7,2.475,55.7,86,330
濮阳,2016-02-27,143,102~192,轻度污染,97.4,227.4,70.5,2.392,56.4,89,326
濮阳,2016-02-28,87,53~144,良,55.7,116.7,41.3,2.071,40.2,79,218
濮阳,2016-02-29,66,50~89,良,25,82.5,40.7,1.517,35.3,70,170
濮阳,2016-03-01,112,81~142,轻度污染,77.5,172.5,49.6,1.229,53.1,96,290
濮阳,2016-03-02,140,89~192,轻度污染,99.7,220.4,63,1.442,67.8,96,289
濮阳,2016-03-03,130,88~175,轻度污染,78.4,202.4,41.8,1.242,53.6,108,261
濮阳,2016-03-04,164,87~439,中度污染,112.4,235.3,52.3,1.546,45,122,252
濮阳,2016-03-05,214,172~266,重度污染,101.8,342.3,36.1,1.546,38.9,78,313
濮阳,2016-03-06,223,141~325,重度污染,102.3,348,59.5,1.592,50.5,74,325
濮阳,2016-03-07,226,120~365,重度污染,121.7,344.9,58,2.179,67.3,70,332
濮阳,2016-03-08,103,59~240,轻度污染,29.3,153,27.8,1.292,28.3,72,291
濮阳,2016-03-09,62,55~82,良,24.1,73.9,35,1.283,33.7,59,279
濮阳,2016-03-10,81,55~111,良,39.6,111.2,53.8,1.465,47.4,71,311
濮阳,2016-03-11,93,61~127,良,53.5,135.8,73,1.871,51.8,64,284
濮阳,2016-03-12,99,85~117,良,61.8,146.5,45,1.417,40,78,262
濮阳,2016-03-13,122,86~199,轻度污染,71.5,188.9,38.7,1.729,54,83,290
濮阳,2016-03-14,104,69~134,轻度污染,53,158.4,77,1.638,60.4,88,256
濮阳,2016-03-15,153,120~180,中度污染,114.5,227.1,48.7,1.738,43.4,96,319
濮阳,2016-03-16,169,133~212,中度污染,126.6,255.1,61.5,1.667,53.3,118,316
濮阳,2016-03-17,127,109~149,轻度污染,91,202.9,43.3,1.267,49.3,112,251
濮阳,2016-03-18,190,132~238,中度污染,145,286.4,52.3,1.688,59.1,142,310
濮阳,2016-03-19,246,117~385,重度污染,174.1,351.1,58.9,2.042,74.6,154,337
濮阳,2016-03-20,104,83~130,轻度污染,54.2,156.9,38.8,1.329,42.8,86,239
濮阳,2016-03-21,118,96~185,轻度污染,73.2,185.5,61.5,1.608,64.1,128,298
濮阳,2016-03-22,129,94~236,轻度污染,82.6,204.6,50.6,1.338,53.5,142,316
濮阳,2016-03-23,78,59~108,良,29.7,105.1,25.7,0.996,30.5,84,279
濮阳,2016-03-24,79,58~97,良,34.5,107,50.3,1.188,48.8,84,295
濮阳,2016-03-25,105,75~137,轻度污染,65.8,141.4,46.6,1.304,51.7,79,325
濮阳,2016-03-26,119,59~197,轻度污染,75.2,177.6,62.4,1.871,57.6,87,297
濮阳,2016-03-27,97,53~163,良,54.7,127,44.4,1.371,62,88,266
濮阳,2016-03-28,89,63~126,良,36.3,126.7,29.1,1.171,40.8,105,222
濮阳,2016-03-29,99,69~139,良,31.6,147.6,34.9,1.221,37,83,256
濮阳,2016-03-30,118,92~162,轻度污染,57.6,185.3,44.9,1.371,45,117,294
濮阳,2016-03-31,97,56~145,良,41.1,143.5,21.3,1.204,33.2,125,227
濮阳,2016-04-01,96,62~156,良,61.2,142.4,33.5,1.4,42,150,220
濮阳,2016-04-02,204,56~500,重度污染,61.9,303,43.5,1.346,38.4,88,303
濮阳,2016-04-03,59,50~81,良,25.6,68.4,19.5,1.083,23.8,106,201
濮阳,2016-04-04,91,68~129,良,58.7,127.2,30.8,1.258,49.4,101,308
濮阳,2016-04-05,99,74~139,良,72.6,125.1,31.1,1.317,45.6,124,304
濮阳,2016-04-06,122,103~150,轻度污染,91.9,159.8,33.1,1.567,43.9,86,330
濮阳,2016-04-07,182,110~345,中度污染,104,275.1,21.2,1.525,40.9,140,351
濮阳,2016-04-08,248,180~379,重度污染,169.6,373.5,24.3,1.792,45.3,153,357
濮阳,2016-04-09,231,118~363,重度污染,138,341.8,45.1,1.746,54.3,189,350
濮阳,2016-04-10,154,123~190,中度污染,53.8,257.6,32.7,1.054,42,144,344
濮阳,2016-04-11,115,78~161,轻度污染,42.5,179.4,32.3,0.896,43.5,105,309
濮阳,2016-04-12,146,123~181,轻度污染,99.9,238.2,18.1,1.288,45.4,124,337
濮阳,2016-04-13,134,93~187,轻度污染,64.3,215.6,21.7,1.354,52.9,143,316
濮阳,2016-04-14,136,99~189,轻度污染,70.2,220.6,45.8,1.221,57.7,187,319
濮阳,2016-04-15,140,97~180,轻度污染,68.1,228.6,35.3,1.2,42,171,341
濮阳,2016-04-16,81,30~123,良,28.5,114.1,12.5,0.765,29.6,116,275
濮阳,2016-04-17,112,88~143,轻度污染,43.8,174,26.4,0.996,57.5,112,345
濮阳,2016-04-18,86,61~117,良,27.3,122.4,25.1,0.704,37,121,325
濮阳,2016-04-19,92,72~113,良,37.7,133.9,32.3,0.621,38.4,137,322
濮阳,2016-04-20,126,85~172,轻度污染,84.4,200.2,35.9,1.192,48.6,116,334
濮阳,2016-04-21,151,86~196,中度污染,99.7,239.8,34.5,1.408,52.1,183,329
濮阳,2016-04-22,119,82~179,轻度污染,40.7,186.6,24.4,0.746,33,135,296
濮阳,2016-04-23,112,71~161,轻度污染,51.6,174.4,31.8,0.85,48.7,85,311
濮阳,2016-04-24,79,59~100,良,39.8,107.4,14.4,0.746,33.2,132,253
濮阳,2016-04-25,89,61~115,良,40.4,127,19.3,0.704,33.7,143,281
濮阳,2016-04-26,105,67~148,轻度污染,44.3,160.1,36.1,0.813,40.5,136,321
濮阳,2016-04-27,79,59~138,良,42.5,107.3,26.7,0.813,36.6,162,257
濮阳,2016-04-28,107,94~123,轻度污染,77.5,146.2,28.6,1.2,45.5,111,328
濮阳,2016-04-29,93,77~112,良,50.6,134.9,16.2,0.858,31.4,148,265
濮阳,2016-04-30,83,65~98,良,48.5,115.4,13,0.908,26.5,185,229
濮阳,2016-05-01,80,61~144,良,34.6,110,12.5,0.75,24.3,155,219
濮阳,2016-05-02,105,48~426,轻度污染,36.7,139.5,11.4,0.642,22.1,99,242
濮阳,2016-05-03,76,57~114,良,23.2,102.3,26,0.704,33.6,149,276
濮阳,2016-05-04,77,69~85,良,31.9,104.3,18.7,0.654,30.3,166,255
濮阳,2016-05-05,86,64~127,良,57.9,112.8,12.6,0.929,26.9,194,257
濮阳,2016-05-06,149,84~250,轻度污染,58.3,234.5,15.4,0.879,29.2,145,312
濮阳,2016-05-07,95,71~108,良,50.6,138.2,37.4,1.113,50.1,100,290
濮阳,2016-05-08,53,36~67,良,26.8,56.7,17.6,0.813,31.3,130,179
濮阳,2016-05-09,49,36~67,优,28.1,51.3,7,0.688,22.1,100,133
濮阳,2016-05-10,80,54~104,良,53.5,107.4,20.3,0.954,34.9,182,272
濮阳,2016-05-11,97,67~133,良,44.7,144,8.2,0.825,24.2,154,268
濮阳,2016-05-12,84,55~133,良,32.9,118.3,10.3,0.713,21.5,131,229
濮阳,2016-05-13,73,53~110,良,25.3,95,18.3,0.575,35.7,149,241
濮阳,2016-05-14,68,43~96,良,33.3,82.3,13.5,1.175,36.5,90,232
濮阳,2016-05-15,67,39~94,良,26,84.3,15.4,1.257,40.6,124,280
濮阳,2016-05-16,73,58~100,良,22.6,95.5,22.9,0.636,33.8,148,273
濮阳,2016-05-17,75,64~91,良,28,99,19.2,0.63,28.2,161,255
濮阳,2016-05-18,78,64~97,良,41.4,99.4,26,0.867,30.4,197,238
濮阳,2016-05-19,86,63~106,良,38.2,103.1,33.1,0.988,34.8,212,249
濮阳,2016-05-20,73,60~97,良,40.7,95.5,34.5,0.867,34.4,136,261
濮阳,2016-05-21,70,55~83,良,32.2,89.3,27.8,0.825,34.8,166,281
濮阳,2016-05-22,59,43~84,良,23.9,68.4,23.4,0.654,28.2,151,248
濮阳,2016-05-23,71,52~95,良,35.6,91.5,23.9,0.93,45.3,124,267
濮阳,2016-05-24,60,37~83,良,23,71.1,24.3,0.725,33.7,127,201
濮阳,2016-05-25,72,62~93,良,24.3,93.2,21,0.638,26.5,117,266
濮阳,2016-05-26,83,63~113,良,37,114.9,47.4,1.233,58.5,90,304
濮阳,2016-05-27,61,46~79,良,29.4,71.5,26.4,0.968,38.4,78,232
濮阳,2016-05-28,52,36~90,良,29,55.6,14,0.779,21.8,100,193
濮阳,2016-05-29,72,54~98,良,41.9,92.8,16,0.967,29,153,271
濮阳,2016-05-30,78,70~86,良,40.3,105.6,16,0.996,30.7,148,262
濮阳,2016-05-31,68,28~92,良,44.8,83.8,9.6,0.996,27.9,101,212
濮阳,2016-06-01,63,30~75,良,19.4,76.8,17.7,0.739,24,172,263
濮阳,2016-06-02,83,68~100,良,44.8,112.9,46.4,1.074,40.6,200,317
濮阳,2016-06-03,80,56~95,良,48.5,106.6,16.6,1.158,33.2,146,309
濮阳,2016-06-04,81,60~98,良,47.4,112.4,15.9,0.883,32.3,154,316
濮阳,2016-06-05,60,47~78,良,34.6,68.4,9.4,0.852,25.4,79,230
濮阳,2016-06-06,64,48~96,良,33.8,78.6,12.7,1.004,32.1,123,229
濮阳,2016-06-07,81,56~106,良,47.7,110.5,11.8,1,41.8,154,285
濮阳,2016-06-08,93,71~125,良,58.5,133.3,16.3,1.192,38.1,178,307
濮阳,2016-06-09,88,64~128,良,45.6,125.5,8,0.871,34.3,170,299
濮阳,2016-06-10,80,65~102,良,35.8,110.5,7.7,0.813,27.5,153,304
濮阳,2016-06-11,85,64~104,良,28.8,119.2,12.8,0.729,29.2,155,319
濮阳,2016-06-12,87,65~108,良,40,122.3,29.5,1.117,44,179,337
濮阳,2016-06-13,77,69~98,良,44.9,103.7,11.3,0.954,26.9,160,308
濮阳,2016-06-14,49,26~72,优,23.3,48.5,6.5,0.696,22.6,160,171
濮阳,2016-06-15,54,36~82,良,23.7,55.5,10.9,0.829,24.4,152,226
濮阳,2016-06-16,74,54~94,良,30.4,88.6,27,0.838,39.5,184,291
濮阳,2016-06-17,67,59~77,良,19.5,84.5,16.3,0.579,31,165,261
濮阳,2016-06-18,71,58~93,良,29.2,85.9,20.1,0.725,34.5,184,278
濮阳,2016-06-19,87,55~175,良,42,114.6,13.5,0.896,37.6,199,324
濮阳,2016-06-20,63,48~85,良,26.9,68.3,11.4,0.892,25.5,188,276
濮阳,2016-06-21,70,54~95,良,36.3,75.1,4.9,0.929,27.9,196,299
濮阳,2016-06-22,92,60~121,良,41.4,101.7,8,0.975,40.5,242,335
濮阳,2016-06-23,48,25~71,优,21.4,48.9,6,0.75,24,129,210
濮阳,2016-06-24,63,34~85,良,19.5,67.8,23.2,1.329,44.9,185,305
濮阳,2016-06-25,63,48~82,良,18.7,68.3,21.2,0.783,47.4,168,299
濮阳,2016-06-26,90,53~128,良,26.4,81.8,27.7,0.746,39,256,314
濮阳,2016-06-27,65,46~101,良,18.3,65.5,9.7,0.596,22.8,201,251
濮阳,2016-06-28,53,0~71,良,21.3,58.1,10.2,0.589,24,174,224
濮阳,2016-06-29,71,38~107,良,21.7,68.6,14.4,0.708,32.3,213,277
濮阳,2016-06-30,60,52~73,良,26.8,68.1,7.4,0.792,26,174,270
濮阳,2016-07-01,64,40~103,良,27.3,62,10,0.829,25,206,306
濮阳,2016-07-02,80,57~112,良,38.5,87.8,14.5,0.892,31.2,224,321
濮阳,2016-07-03,78,56~107,良,36.1,76.5,8.8,0.788,26.4,214,314
濮阳,2016-07-04,73,55~101,良,43.6,90.7,15.5,0.946,28.3,190,300
濮阳,2016-07-05,85,62~117,良,34,89.8,17.6,0.988,32.5,234,316
濮阳,2016-07-06,100,78~123,轻度污染,49.5,117.3,22.3,0.996,34.9,246,338
濮阳,2016-07-07,73,54~91,良,47.6,91.8,9,0.975,25,173,304
濮阳,2016-07-08,67,53~83,良,36.9,81.5,8.9,0.888,24.7,172,296
濮阳,2016-07-09,58,47~67,良,36.2,65.2,7,0.867,24,93,248
濮阳,2016-07-10,62,46~75,良,33.3,73.3,9.1,0.804,29.6,151,259
濮阳,2016-07-11,70,51~104,良,40,82,11,0.763,26.8,151,289
濮阳,2016-07-12,70,29~114,良,39,86.7,8.3,0.838,23.4,146,282
濮阳,2016-07-13,50,30~105,优,25.4,51,6.6,0.833,17.5,164,217
濮阳,2016-07-14,67,29~117,良,41.8,68.4,5.8,1.058,28.1,105,244
濮阳,2016-07-15,48,26~74,优,27,34.3,4.2,0.621,17,103,225
濮阳,2016-07-16,65,50~97,良,34.9,78.8,7.7,0.742,29.2,143,297
濮阳,2016-07-17,71,51~94,良,40,90.3,7.4,0.767,21.7,149,282
濮阳,2016-07-18,83,33~138,良,48.2,117.3,8.4,1.2,30.9,118,282
濮阳,2016-07-19,67,18~112,良,41.7,89.1,4.8,1.071,22.8,106,256
濮阳,2016-07-20,33,14~74,优,8.5,32.5,5.5,1.063,21,88,122
濮阳,2016-07-21,43,27~60,优,13.4,44.2,4.3,0.829,21.1,106,186
濮阳,2016-07-22,66,55~75,良,31.9,80.8,3.3,0.9,23.1,130,299
濮阳,2016-07-23,63,53~74,良,25.4,75,2.8,0.792,21.5,115,271
濮阳,2016-07-24,62,52~71,良,24.4,74.1,3,0.717,25.1,114,256
濮阳,2016-07-25,56,37~64,良,24.4,62.9,5,0.733,21.2,150,219
濮阳,2016-07-26,61,45~75,良,25.9,58,10.1,0.913,23,180,241
濮阳,2016-07-27,65,42~93,良,33.6,78.2,12.4,0.992,31.3,153,248
濮阳,2016-07-28,68,54~95,良,27.2,73,8,0.804,25.6,196,256
濮阳,2016-07-29,65,57~81,良,23.7,72,7.4,0.675,26.8,180,252
濮阳,2016-07-30,69,50~94,良,32.8,76,9.3,0.788,29.3,195,259
濮阳,2016-07-31,58,25~84,良,26.9,58.5,6.8,0.75,18.7,187,230
濮阳,2016-08-01,41,17~85,优,22.8,46,7.4,0.733,23.5,102,143
濮阳,2016-08-02,51,21~63,良,25.6,55.5,7.3,0.983,21.6,163,224
濮阳,2016-08-03,63,40~77,良,36,75.5,7.3,0.833,19.6,161,290
濮阳,2016-08-04,60,34~92,良,33.3,66.8,9.3,1.013,25.2,171,260
濮阳,2016-08-05,42,26~69,优,21.4,44,7.4,0.875,23.6,151,163
濮阳,2016-08-06,42,25~61,优,20.8,42.7,7,0.904,22.2,87,146
濮阳,2016-08-07,55,31~77,良,30.1,62.3,10.3,0.971,24.1,136,266
濮阳,2016-08-08,33,21~51,优,15.2,29.1,6,1.038,16,125,115
濮阳,2016-08-09,56,26~84,良,29.9,65.5,5.7,1.238,18.7,134,245
濮阳,2016-08-10,63,37~89,良,31,76.8,12.9,0.933,25.2,153,275
濮阳,2016-08-11,58,38~72,良,29.7,67.4,8.5,0.775,20.8,142,261
濮阳,2016-08-12,61,40~79,良,29,72.1,7.4,0.8,21.9,156,265
濮阳,2016-08-13,67,43~104,良,41.2,79.6,8,0.8,20.1,159,302
濮阳,2016-08-14,65,35~77,良,39.2,79.1,10.4,0.929,18.6,146,293
濮阳,2016-08-15,45,28~67,优,17.3,46.6,12.9,0.813,18.8,127,198
濮阳,2016-08-16,47,26~66,优,24.8,50.3,10,0.971,17.4,85,190
濮阳,2016-08-17,68,51~96,良,37.8,85.5,13.8,1.346,23.3,166,274
濮阳,2016-08-18,68,59~78,良,31.5,83.9,12,1.133,19.5,174,288
濮阳,2016-08-19,60,28~150,良,34.9,69.7,7.5,1.408,17,126,224
濮阳,2016-08-20,41,23~58,优,16.3,39.7,7.9,1.035,12.6,150,141
濮阳,2016-08-21,70,34~103,良,25.4,59.8,14.2,1.167,19.2,205,261
濮阳,2016-08-22,80,65~106,良,41.8,85,19.3,1.191,21,211,311
濮阳,2016-08-23,64,39~92,良,33.7,78.9,17.8,1.025,24.4,133,227
濮阳,2016-08-24,64,57~115,良,30.5,73.6,12.1,0.871,17.3,229,230
濮阳,2016-08-25,45,19~68,优,17.8,47.5,10,0.738,15,97,163
濮阳,2016-08-26,38,18~85,优,9,34.5,12.5,0.692,19.4,188,155
濮阳,2016-08-27,67,53~104,良,21.8,66,27.1,0.892,39.2,185,313
濮阳,2016-08-28,70,42~131,良,33.3,88.8,32.3,1.388,42.5,139,261
濮阳,2016-08-29,67,47~90,良,24.3,71.3,31,1.033,44.3,184,273
濮阳,2016-08-30,91,62~143,良,35.9,106,41.9,1.229,49.7,200,321
濮阳,2016-08-31,93,65~136,良,38.3,105.1,31.6,1.271,40.9,271,311
濮阳,2016-09-01,71,48~96,良,29.6,89,38.8,1.358,43.2,178,274
濮阳,2016-09-02,77,59~109,良,28.1,90.3,51.2,1.342,44.5,210,287
濮阳,2016-09-03,103,71~127,轻度污染,65.5,145.3,46.3,1.521,43.2,252,320
濮阳,2016-09-04,111,82~143,轻度污染,64,145.8,31.3,1.521,39.8,273,332
濮阳,2016-09-05,111,80~149,轻度污染,70.4,148.1,26.9,1.529,35.3,261,329
濮阳,2016-09-06,92,55~123,良,51,116.6,42.2,1.192,32.4,207,309
濮阳,2016-09-07,72,53~128,良,37.6,74.5,20.6,1.267,25.6,256,286
濮阳,2016-09-08,83,66~123,良,38.8,98.5,44.2,1.521,44,212,293
濮阳,2016-09-09,89,64~121,良,46.2,109.3,49.7,1.192,40.1,242,285
濮阳,2016-09-10,61,37~81,良,26.2,66,33.2,0.975,40.2,184,238
濮阳,2016-09-11,70,38~113,良,30.8,72.1,27.8,0.967,25.3,226,250
濮阳,2016-09-12,67,53~101,良,32.8,72.8,17.8,0.975,22.6,201,249
濮阳,2016-09-13,74,46~178,良,48.3,75.2,17.4,1.021,30.5,150,246
濮阳,2016-09-14,115,77~172,轻度污染,86,131.8,32.3,1.375,48.5,215,331
濮阳,2016-09-15,123,63~169,轻度污染,89.1,133.6,22.9,1.346,33.4,213,332
濮阳,2016-09-16,118,72~166,轻度污染,84.6,124.5,32,1.342,33.4,226,335
濮阳,2016-09-17,150,101~216,中度污染,102.6,153.6,35.9,1.413,40.9,239,351
濮阳,2016-09-18,81,64~114,良,53.7,91.9,23.1,1.167,29.5,85,297
濮阳,2016-09-19,60,45~77,良,24.2,70.4,18.1,0.98,30.2,136,254
濮阳,2016-09-20,67,37~119,良,37.9,76.8,31.2,0.842,47.3,163,245
濮阳,2016-09-21,99,73~133,良,60.5,116.4,45.5,0.963,44.5,199,328
濮阳,2016-09-22,98,72~117,良,59.5,131,26.3,0.904,33.6,209,313
濮阳,2016-09-23,94,74~119,良,56.8,129,21,0.917,31.8,219,293
濮阳,2016-09-24,109,80~203,轻度污染,78.7,145.5,23.2,1.088,36.2,198,301
濮阳,2016-09-25,142,67~224,轻度污染,104.8,154.2,25.5,1.288,40.9,154,313
濮阳,2016-09-26,100,52~175,良,72.9,111.8,25.5,1.379,39.4,122,267
濮阳,2016-09-27,78,52~165,良,48.2,87.1,13.5,1.075,26.2,108,270
濮阳,2016-09-28,59,40~93,良,16.2,68.8,14.9,0.942,26.4,114,272
濮阳,2016-09-29,67,43~103,良,40.9,79.1,18.3,1.243,50,136,283
濮阳,2016-09-30,91,56~127,良,65.5,116.2,27.8,1.404,64.3,159,312
濮阳,2016-10-01,99,48~165,良,73,116.4,16.1,1.375,52,107,284
濮阳,2016-10-02,50,32~66,优,29.5,47.9,10,1.171,31.8,129,169
濮阳,2016-10-03,63,53~94,良,37.8,72.5,13.4,1.196,36,159,237
濮阳,2016-10-04,59,43~89,良,31.5,66.9,17,1.092,35.5,138,213
濮阳,2016-10-05,83,51~217,良,47.9,95.3,15,1.129,33,146,248
濮阳,2016-10-06,78,54~97,良,44.9,104.9,41.7,0.883,59.3,66,278
濮阳,2016-10-07,60,42~80,良,35.6,63.5,19.4,0.946,45.8,52,225
濮阳,2016-10-08,72,44~102,良,44.5,85,17.9,1.558,58.9,94,279
濮阳,2016-10-09,70,59~88,良,38.8,89.3,32.5,1.033,66.3,47,302
濮阳,2016-10-10,70,57~88,良,38.9,88.5,20.7,0.979,47.5,118,281
濮阳,2016-10-11,54,33~65,良,27,60.3,22.3,0.808,37.4,117,185
濮阳,2016-10-12,109,62~207,轻度污染,79.5,153.1,44.3,1.429,73.4,51,299
濮阳,2016-10-13,70,54~94,良,37.3,89.5,33,0.879,45.5,123,231
濮阳,2016-10-14,69,36~103,良,42.7,78.7,29.6,0.917,43.1,124,210
濮阳,2016-10-15,59,28~128,良,42.5,58.1,20.3,0.925,39.3,85,171
濮阳,2016-10-16,61,32~100,良,43.5,60.5,16.1,1.158,29,111,180
濮阳,2016-10-17,124,94~209,轻度污染,93.4,152,35.8,1.604,55.9,161,342
濮阳,2016-10-18,127,72~190,轻度污染,96.1,155.4,23.2,1.617,49.1,163,321
濮阳,2016-10-19,101,55~152,轻度污染,73.8,111.3,29,1.242,42.9,146,262
濮阳,2016-10-20,96,52~142,良,67,116.8,30.8,1.229,48.7,83,293
濮阳,2016-10-21,62,26~97,良,43.9,57.7,8.4,1.208,36.5,21,247
濮阳,2016-10-22,46,19~89,优,30.8,43.6,9.4,1.35,35.3,46,180
濮阳,2016-10-23,32,26~45,优,21.5,29.2,9.4,1.046,29.9,57,117
濮阳,2016-10-24,53,34~62,良,31,51.9,21.5,1.183,42.7,63,217
濮阳,2016-10-25,73,37~102,良,50.9,77.6,14.5,1.738,48.6,45,261
濮阳,2016-10-26,82,64~127,良,60.3,81.1,15.3,1.479,38.9,72,298
濮阳,2016-10-27,55,33~119,良,31.7,57.5,11.6,1.204,44.4,18,223
濮阳,2016-10-28,46,25~76,优,25,45.9,10.5,1.408,48.5,61,203
濮阳,2016-10-29,63,47~80,良,35.5,66,23.7,1.125,43.5,68,281
濮阳,2016-10-30,58,46~70,良,31.1,66.4,11.4,1.025,33.7,95,220
濮阳,2016-10-31,55,38~77,良,22.7,61.8,10.3,0.938,35.5,74,223
濮阳,2016-11-01,78,58~105,良,53.1,96.3,21,1.321,49.1,51,289
濮阳,2016-11-02,103,88~133,轻度污染,77.2,122.3,13.5,1.192,42.3,51,295
濮阳,2016-11-03,88,64~124,良,62.7,104.5,10,1.208,32.6,79,231
濮阳,2016-11-04,73,64~87,良,52,90.3,12,1.163,30.8,95,158
濮阳,2016-11-05,120,53~215,轻度污染,89.4,142,15.9,1.575,52,100,207
濮阳,2016-11-06,126,66~206,轻度污染,95.1,132.1,9.8,1.075,31.5,78,251
濮阳,2016-11-07,122,82~158,轻度污染,92,85.5,9.2,1.154,35.2,66,291
濮阳,2016-11-08,87,36~129,良,59.8,95.3,17.3,1.279,53.9,83,276
濮阳,2016-11-09,106,82~130,轻度污染,79.2,118.2,24.6,1.304,47.3,92,322
濮阳,2016-11-10,88,63~137,良,52,118.5,13.8,0.971,35.1,62,279
濮阳,2016-11-11,79,61~142,良,44.2,104.7,10.7,0.896,31.1,70,223
濮阳,2016-11-12,193,62~268,中度污染,148.6,227.7,23.4,2.613,84.7,50,318
濮阳,2016-11-13,223,127~283,重度污染,176.3,250.3,26,2.358,70.6,111,339
濮阳,2016-11-14,188,120~264,中度污染,143.2,215.1,12.7,1.933,48.6,80,314
濮阳,2016-11-15,110,81~244,轻度污染,73.7,158.3,33.5,1.526,65.5,62,247
濮阳,2016-11-16,90,70~101,良,62.4,124.6,19.8,1.009,46.8,68,233
濮阳,2016-11-17,233,98~337,重度污染,189.5,255.1,34,2.238,85.9,41,335
濮阳,2016-11-18,243,127~302,重度污染,196.7,238.8,15,2.387,77.4,26,356
濮阳,2016-11-19,219,130~304,重度污染,174.5,223.5,14,2.433,63.5,16,0
濮阳,2016-11-20,189,122~254,中度污染,146.6,196.3,21.8,2.904,63.9,9,0
濮阳,2016-11-21,37,15~104,优,26.2,32.3,6,1.425,30.2,52,0
濮阳,2016-11-22,40,30~55,优,15.3,40.2,12.1,0.979,17.5,71,0
濮阳,2016-11-23,59,41~100,良,36.5,61.9,29.4,1.271,34.2,65,0
濮阳,2016-11-24,122,69~162,轻度污染,92,124.3,28.8,1.521,34.3,66,0
濮阳,2016-11-25,96,80~115,良,71.8,102,27,1.292,32.9,85,0
濮阳,2016-11-26,126,87~160,轻度污染,86.4,163.5,33,1.508,48.4,71,0
濮阳,2016-11-27,145,97~189,轻度污染,93.3,223.5,46.2,1.754,61.6,69,0
濮阳,2016-11-28,103,57~185,轻度污染,70.4,138.3,51,1.554,59.6,82,0
濮阳,2016-11-29,150,110~200,中度污染,114.1,198.7,54.5,1.746,62.9,61,0
濮阳,2016-11-30,158,103~218,中度污染,118.6,213.4,38.8,1.892,64.8,72,0
濮阳,2016-12-01,239,198~340,重度污染,189,301.3,53.5,2.583,82.3,69,0
濮阳,2016-12-02,206,139~316,重度污染,160,257.9,71,2.175,64,124,0
濮阳,2016-12-03,142,103~210,轻度污染,107.3,181.2,25,1.517,34.8,103,0
濮阳,2016-12-04,158,96~225,中度污染,119.5,206,31.3,2.008,57.1,89,0
濮阳,2016-12-05,204,74~476,重度污染,167.5,223.3,14.7,3.042,54.5,59,0
濮阳,2016-12-06,117,94~143,轻度污染,82.6,158.4,19.8,1.525,32.6,91,0
濮阳,2016-12-07,177,115~229,中度污染,135.4,221.4,36.3,2.096,66.7,70,0
濮阳,2016-12-08,138,102~180,轻度污染,104.8,171,45.3,1.692,57.5,56,0
濮阳,2016-12-09,89,66~163,良,62.1,116.1,33.9,1.604,51.8,40,0
濮阳,2016-12-10,123,72~186,轻度污染,92.7,151.5,40.3,1.904,59.6,70,0
濮阳,2016-12-11,135,72~232,轻度污染,102.1,154.3,47.2,1.733,61.8,45,0
濮阳,2016-12-12,206,155~240,重度污染,158.7,215.3,29.5,2.325,58.5,25,0
濮阳,2016-12-13,119,39~355,轻度污染,87,108.1,18.3,1.574,36.3,61,0
濮阳,2016-12-14,84,54~189,良,57.9,92.1,24,1.471,44.3,65,0
濮阳,2016-12-15,189,120~305,中度污染,148,201.2,34,2.338,63.9,41,0
濮阳,2016-12-16,223,144~289,重度污染,175.5,229.4,43.3,2.183,53.3,84,0
濮阳,2016-12-17,137,93~214,轻度污染,104,148.9,22.7,1.658,41,84,0
濮阳,2016-12-18,369,192~461,严重污染,328.3,398.9,47.5,3.55,85,37,0
濮阳,2016-12-19,425,402~463,严重污染,386.8,459.8,40.8,4.242,76.5,35,0
濮阳,2016-12-20,371,287~446,严重污染,324.9,414.8,24.9,4.483,58.6,22,0
濮阳,2016-12-21,283,250~348,重度污染,233.4,273,20.9,3.829,53.5,40,0
濮阳,2016-12-22,194,68~296,中度污染,152,227.4,22.5,3.025,59,67,0
濮阳,2016-12-23,197,144~240,中度污染,149.9,213.3,28,2.725,63.6,68,0
濮阳,2016-12-24,128,69~196,轻度污染,96.8,145.7,45.5,1.858,61.5,40,0
濮阳,2016-12-25,105,82~129,轻度污染,78.5,104.7,29.8,1.558,47.5,22,0
濮阳,2016-12-26,146,84~235,轻度污染,110.9,96.9,17.3,2.275,56,16,0
濮阳,2016-12-27,173,93~236,中度污染,131,164.3,26.7,2.463,58.4,43,0
濮阳,2016-12-28,205,160~232,重度污染,157.5,180.4,25,2.258,40.6,61,0
濮阳,2016-12-29,204,93~292,重度污染,160.8,205.8,41.9,2.367,44,67,0
濮阳,2016-12-30,203,180~218,重度污染,153.7,194.3,25.4,1.85,39.7,78,0
濮阳,2016-12-31,265,212~318,重度污染,215.1,266.3,31.3,2.325,52.6,66,0
濮阳,2017-01-01,249,229~286,重度污染,198.7,248.8,37.4,2.379,56,49,0
濮阳,2017-01-02,213,127~270,重度污染,166.8,217.2,33.4,4.425,70.6,20,0
濮阳,2017-01-03,216,127~306,重度污染,172,204.9,24.7,3.842,57.3,50,0
濮阳,2017-01-04,135,80~207,轻度污染,100.5,173.5,14.3,3.563,49.4,25,0
濮阳,2017-01-05,135,60~205,轻度污染,101.6,139.6,16.7,5.142,61.8,10,0
濮阳,2017-01-06,254,178~336,重度污染,204.2,308.2,20.8,4.829,71.4,12,0
濮阳,2017-01-07,275,178~405,重度污染,226.1,251,26.2,3.95,66.3,33,0
濮阳,2017-01-08,306,246~454,严重污染,257.5,294.5,42.4,3.313,80.4,58,0
濮阳,2017-01-09,172,103~246,中度污染,132.4,184.7,28.9,2.988,57.5,51,0
濮阳,2017-01-10,195,127~255,中度污染,149.8,211.2,22.6,2.879,52.9,52,0
濮阳,2017-01-11,224,155~248,重度污染,174.3,238.7,40.6,2.874,63.8,46,0
濮阳,2017-01-12,213,110~328,重度污染,169.7,263.8,49.7,3.742,78.3,40,0
濮阳,2017-01-13,113,55~228,轻度污染,84.2,133.2,43.2,2.217,60.3,63,0
濮阳,2017-01-14,78,49~108,良,52.1,94.2,37.7,1.667,53.2,71,0
濮阳,2017-01-15,93,72~124,良,67.6,122,49.1,1.754,57.5,53,0
濮阳,2017-01-16,198,104~448,中度污染,166.6,177,32.9,1.913,53.7,58,0
濮阳,2017-01-17,346,195~422,严重污染,296.7,382.2,51.2,3.396,85.3,44,0
濮阳,2017-01-18,365,314~414,严重污染,315.4,387,47.9,3.504,82.9,26,0
濮阳,2017-01-19,231,66~398,重度污染,175.9,268.3,35.3,2.458,55,77,0
濮阳,2017-01-20,74,62~109,良,39.6,98,27.3,1.221,36,72,0
濮阳,2017-01-21,96,79~132,良,69.2,130.8,43.9,1.429,43.7,71,0
濮阳,2017-01-22,121,73~211,轻度污染,91.1,146.8,52,1.838,66.6,82,0
濮阳,2017-01-23,158,118~207,中度污染,119.6,187.9,44.2,2,63.3,66,0
濮阳,2017-01-24,287,149~440,重度污染,242.6,284.6,53.1,3.263,68.7,50,0
濮阳,2017-01-25,252,148~392,重度污染,205.7,270.1,41.7,2.796,61.7,91,0
濮阳,2017-01-26,251,147~366,重度污染,204.9,265.4,35.2,2.346,38.3,92,0
濮阳,2017-01-27,220,77~443,重度污染,183.9,253.8,37,2.525,35,96,0
濮阳,2017-01-28,121,79~196,轻度污染,90.5,139.8,20.2,1.629,23.5,69,0
濮阳,2017-01-29,176,85~483,中度污染,128.8,165.9,26.1,1.996,25.9,71,0
濮阳,2017-01-30,52,30~75,良,32.2,57.7,16.5,1.425,17.7,87,0
濮阳,2017-01-31,76,58~105,良,55.4,86.2,16,1.575,21.2,88,0
