白银,2014-12-31,123,54~190,轻度污染,62.8,171.9,180.2,1,26,27,398
白银,2015-01-01,183,126~459,中度污染,106,291.5,321.8,1.95,31,26,479
白银,2015-01-02,183,128~327,中度污染,122.5,285.8,262.2,2.2,35.9,27,339
白银,2015-01-03,229,144~500,重度污染,149,330,328.5,2.521,38,31,322
白银,2015-01-04,149,112~358,轻度污染,61.9,228.3,163.8,0.908,20.7,31,185
白银,2015-01-05,71,46~114,良,27.4,83.7,90.6,0.714,17.6,35,82
白银,2015-01-06,130,86~500,轻度污染,59.2,188.9,196.7,1.4,30,18,278
白银,2015-01-07,136,90~198,轻度污染,82.7,202.7,108.8,1.771,31.5,27,308
白银,2015-01-08,115,77~187,轻度污染,63.5,175.3,69.3,1.629,28.2,34,233
白银,2015-01-09,139,79~223,轻度污染,87,221,111.3,2.183,34,36,234
白银,2015-01-10,166,88~402,中度污染,99.2,253.7,131.3,2.463,44.4,29,254
白银,2015-01-11,202,108~394,重度污染,117.8,301.6,190,3.091,49.7,41,305
白银,2015-01-12,147,119~209,轻度污染,100.7,237.2,165.1,2.88,40.3,27,295
白银,2015-01-13,111,84~150,轻度污染,74,152.4,92.8,1.613,29,24,241
白银,2015-01-14,137,94~310,轻度污染,57.7,214.8,82.1,1.796,31.7,34,255
白银,2015-01-15,87,48~230,良,37.2,119.8,21.9,0.93,22.5,36,143
白银,2015-01-16,126,78~213,轻度污染,80.6,186.1,45.6,1.832,35.5,29,227
白银,2015-01-17,88,56~129,良,42.9,122.6,13.7,0.95,20,36,157
白银,2015-01-18,86,47~135,良,38.7,119.1,18.1,1.22,23.2,31,140
白银,2015-01-19,134,111~170,轻度污染,92.5,206.7,55.4,2.257,38.3,29,293
白银,2015-01-20,98,69~137,良,48.8,143,36.7,1.342,26.1,36,198
白银,2015-01-21,122,94~173,轻度污染,64.5,190.6,77.2,1.9,34.2,35,241
白银,2015-01-22,157,97~317,中度污染,96.2,245.4,72.3,2.533,40.4,44,280
白银,2015-01-23,163,92~359,中度污染,86.2,244.1,73.8,2.15,36.8,54,237
白银,2015-01-24,104,64~296,轻度污染,43.7,150.8,87.8,1.283,26,56,136
白银,2015-01-25,126,76~175,轻度污染,55.4,198.8,100.3,1.833,33.4,65,183
白银,2015-01-26,92,48~226,良,33.7,130.7,35.1,1.064,13.1,59,121
白银,2015-01-27,90,63~162,良,37.4,127.5,58.6,1.258,21.6,55,233
白银,2015-01-28,102,72~146,轻度污染,34.4,152.3,34.5,1.252,17.2,49,314
白银,2015-01-29,117,68~180,轻度污染,39.6,180.6,102.3,1.441,21.8,51,308
白银,2015-01-30,85,63~108,良,44.5,116.6,97,1.591,21.9,58,239
白银,2015-01-31,76,63~92,良,50.4,97.4,77.8,1.621,21.5,54,212
白银,2015-02-01,96,75~117,良,65.6,130.1,80,1.992,23.3,65,235
白银,2015-02-02,99,65~137,良,60.1,143.5,86.4,1.754,23.8,70,197
白银,2015-02-03,91,67~118,良,59.3,128.7,80.1,1.657,19.9,90,161
白银,2015-02-04,79,65~105,良,49.6,103.3,117.1,1.509,20,85,164
白银,2015-02-05,87,72~106,良,55.1,119.5,99.4,1.874,24.6,83,212
白银,2015-02-06,96,60~158,良,52.1,139.8,55.7,1.604,16.1,97,199
白银,2015-02-07,89,68~144,良,49.6,126,73,1.522,17.6,99,169
白银,2015-02-08,129,86~217,轻度污染,70.8,205.3,101.5,2.225,26.8,102,308
白银,2015-02-09,114,80~178,轻度污染,60.3,175.7,69.6,1.871,28.8,106,283
白银,2015-02-10,99,74~122,良,52.8,146,76.9,1.117,22.6,101,198
白银,2015-02-11,103,78~148,轻度污染,47.7,152.9,50.4,1.148,21.3,107,187
白银,2015-02-12,101,63~147,轻度污染,46.5,148.8,73.4,1.154,25.6,102,185
白银,2015-02-13,107,70~174,轻度污染,50.7,161,86.7,1.335,30.9,133,204
白银,2015-02-14,249,128~500,重度污染,83.8,367.9,87,1.504,23.6,97,313
白银,2015-02-15,75,56~128,良,45,90.6,45.5,0.733,13.4,116,116
白银,2015-02-16,89,75~109,良,49,123.3,102.1,1.454,23.3,134,160
白银,2015-02-17,96,70~132,良,46.9,139.3,126.4,1.492,26,123,198
白银,2015-02-18,99,78~147,良,58.6,142.7,72.9,1.346,26.5,131,226
白银,2015-02-19,126,78~193,轻度污染,76.3,180.3,90.5,1.388,21.4,115,233
白银,2015-02-20,93,74~125,良,27.4,132.5,44.2,0.888,9.2,105,274
白银,2015-02-21,79,61~111,良,28.7,106.5,59.5,0.996,12.6,101,226
白银,2015-02-22,86,64~195,良,37.7,117.1,87.5,1.37,17.9,110,199
白银,2015-02-23,92,60~301,良,38.1,124.2,72.2,1.264,15.6,107,218
白银,2015-02-24,63,47~108,良,29.3,71.5,66.3,1.332,15.5,99,149
白银,2015-02-25,217,118~500,重度污染,81.9,343,79.8,1.259,15.1,105,345
白银,2015-02-26,106,76~150,轻度污染,49,159.2,83.5,1.447,19,95,294
白银,2015-02-27,142,55~275,轻度污染,51.2,221.5,48.4,1.229,11,99,342
白银,2015-02-28,55,45~74,良,22.3,55.6,70.8,1.246,12.4,100,215
白银,2015-03-01,81,71~90,良,46.1,107.9,93.1,2.371,23.3,75,274
白银,2015-03-02,277,86~500,重度污染,115.9,350.7,31.3,1.6,13.1,107,344
白银,2015-03-03,182,132~397,中度污染,81.5,294.1,52.1,1.721,20.4,98,343
白银,2015-03-04,118,82~154,轻度污染,53.3,184.3,52.4,1.791,15.7,92,340
白银,2015-03-05,114,81~164,轻度污染,69.5,174,70.5,2.004,20.7,112,331
白银,2015-03-06,101,67~161,轻度污染,62.4,148.1,77,2.054,24.5,117,270
白银,2015-03-07,84,57~117,良,37.6,116.1,51.9,1.696,16.9,117,219
白银,2015-03-08,93,83~102,良,40,133.2,47.7,1.33,14.7,123,259
白银,2015-03-09,120,89~176,轻度污染,50.3,188.2,78.3,1.35,14,114,314
白银,2015-03-10,92,77~128,良,49.9,129.4,91,1.722,18.7,123,281
白银,2015-03-11,86,68~114,良,41.5,117.7,69.4,1.773,25.3,147,252
白银,2015-03-12,88,71~102,良,36.2,123,65.8,1.731,21.1,137,221
白银,2015-03-13,106,79~149,轻度污染,42.2,159.6,44.1,1.517,14.6,127,265
白银,2015-03-14,124,99~163,轻度污染,66.3,194.8,32.6,1.613,17,116,266
白银,2015-03-15,128,97~153,轻度污染,47.1,204,29.9,2.009,20.3,129,267
白银,2015-03-16,134,76~290,轻度污染,43.7,210.3,32.2,1.865,19.9,111,277
白银,2015-03-17,147,74~340,轻度污染,45.7,229,37.1,2.038,24.5,109,296
白银,2015-03-18,80,70~96,良,27.8,107.2,41.7,1.761,17.6,132,245
白银,2015-03-19,80,57~127,良,25.9,106.5,35.7,1.865,18.6,122,206
白银,2015-03-20,92,66~159,良,32.2,131.8,28.3,1.908,22.8,120,232
白银,2015-03-21,109,78~190,轻度污染,50.9,165.6,41.8,2.504,28.8,127,271
白银,2015-03-22,105,67~192,轻度污染,45,158.4,38.7,2.408,26.5,125,257
白银,2015-03-23,85,68~111,良,34.7,116.7,31.5,1.954,20.5,133,251
白银,2015-03-24,83,52~173,良,46.2,98.7,30.3,2.322,22.1,145,187
白银,2015-03-25,91,64~146,良,45.8,120.2,65.4,2.721,26.2,170,266
白银,2015-03-26,77,61~133,良,29.8,96.3,51.1,2.721,37.3,166,214
白银,2015-03-27,105,73~150,轻度污染,37.2,153.8,46,2.826,47.1,159,278
白银,2015-03-28,100,64~152,良,35,146.9,68.7,3.005,53,106,237
白银,2015-03-29,96,72~127,良,43.2,138.4,70.7,3.422,29.2,147,204
白银,2015-03-30,87,53~123,良,30.8,120.5,59.5,2.958,11.8,155,214
白银,2015-03-31,82,59~113,良,37.5,105.2,65.1,3.208,20.2,149,226
白银,2015-04-01,223,53~500,重度污染,100.1,295.4,31.2,3.343,16.9,106,270
白银,2015-04-02,343,116~500,严重污染,119.3,481.8,79.5,3.438,14.6,113,359
白银,2015-04-03,82,49~143,良,30.5,105,31.8,3.058,10.4,101,240
白银,2015-04-04,89,44~163,良,31.7,115.3,46.2,3.463,11.7,122,237
白银,2015-04-05,61,46~77,良,15.6,53.7,42.1,3.163,9.7,132,174
白银,2015-04-06,58,47~71,良,14,38.8,57.2,3.25,10.8,121,208
白银,2015-04-07,62,39~80,良,20.6,58.8,64.3,3.367,11,135,250
白银,2015-04-08,57,45~69,良,15.8,38.4,39.9,2.505,9,124,191
白银,2015-04-09,67,55~75,良,15.4,69,39.6,2.022,10.3,132,217
白银,2015-04-10,79,61~108,良,20.5,94.3,50,2.119,13.4,135,234
白银,2015-04-11,129,65~421,轻度污染,22.7,178.5,24.8,1.914,8.4,131,269
白银,2015-04-12,77,58~130,良,18.1,92.2,27.9,1.932,8.5,129,229
白银,2015-04-13,67,48~93,良,15.2,66.2,41,2.043,13.1,133,189
白银,2015-04-14,86,58~165,良,19.3,119.8,47.1,1.458,14.8,125,217
白银,2015-04-15,120,78~182,轻度污染,31.9,188.3,38.4,1.088,14.7,136,285
白银,2015-04-16,206,134~395,重度污染,53.1,325.4,37.7,0.639,16.3,135,340
白银,2015-04-17,228,115~491,重度污染,54,323.6,61.9,0.917,25.2,155,332
白银,2015-04-18,105,58~355,轻度污染,29.3,111.1,51.3,0.5,9.8,137,184
白银,2015-04-19,63,50~71,良,10.8,59.5,60.8,0.569,15.5,129,191
白银,2015-04-20,62,53~69,良,12.3,53.5,43,0.605,11.6,125,194
白银,2015-04-21,63,46~89,良,12.3,53.5,43.3,0.686,13,146,178
白银,2015-04-22,106,45~164,轻度污染,24.9,140,74.2,0.89,17.4,152,283
白银,2015-04-23,71,47~149,良,18.8,84.3,48.1,0.925,18.8,116,149
白银,2015-04-24,86,55~150,良,24.6,105.5,116.9,1.01,17.7,153,218
白银,2015-04-25,84,58~115,良,25,98.3,76.2,0.843,15.9,157,193
白银,2015-04-26,81,57~187,良,20.2,108.2,48.4,1.014,22.4,116,158
白银,2015-04-27,95,60~189,良,17.8,137.6,16.7,1.1,27.9,118,231
白银,2015-04-28,110,55~269,轻度污染,23,146.8,113.2,1.338,21.9,162,274
白银,2015-04-29,115,57~408,轻度污染,27.8,156.5,104.1,0.952,16.7,153,248
白银,2015-04-30,163,58~500,中度污染,58,222.9,121.8,0.764,11.2,124,233
白银,2015-05-01,82,58~118,良,31.8,99.5,241.7,0.878,14.7,120,233
白银,2015-05-02,82,57~125,良,16.4,108.9,55.2,1.122,16.1,132,290
白银,2015-05-03,77,68~90,良,12.5,58.1,19.3,0.732,11.4,139,245
白银,2015-05-04,105,56~175,轻度污染,23.2,132,28.9,0.988,16.5,173,300
白银,2015-05-05,78,50~133,良,20.5,84.3,42.2,1.191,20.4,142,212
白银,2015-05-06,86,58~177,良,24.3,78,14.8,0.904,12.6,179,209
白银,2015-05-07,84,67~117,良,25.2,93.3,13.4,1.228,13.8,143,210
白银,2015-05-08,76,49~101,良,16.8,82.2,14.2,0.992,11,155,245
白银,2015-05-09,73,53~140,良,13.9,68.8,8.3,1.095,14.5,114,236
白银,2015-05-10,265,55~500,重度污染,63.7,369.7,2.3,1.07,11.2,95,316
白银,2015-05-11,83,62~156,良,24.1,98.3,10.8,1.022,11.5,147,310
白银,2015-05-12,87,64~120,良,31.1,108,61.7,1.441,22,192,296
白银,2015-05-13,95,64~130,良,42,137.6,46.7,1.732,23.8,94,272
白银,2015-05-14,72,56~107,良,25,91.7,5.7,1.324,14.6,78,191
白银,2015-05-15,119,80~175,轻度污染,48.5,186.1,21.7,1.327,12.5,80,332
白银,2015-05-16,91,56~145,良,41,129.7,38.4,1.627,18,87,257
白银,2015-05-17,147,60~500,轻度污染,61,204.8,15,1.7,24.8,121,268
白银,2015-05-18,271,119~500,重度污染,103.3,405.6,17.1,1.736,20,100,355
白银,2015-05-19,133,71~288,轻度污染,51.2,206.5,17.3,1.713,19.8,88,314
白银,2015-05-20,52,30~86,良,18.7,54.8,11.1,1.605,17.6,80,135
白银,2015-05-21,57,25~92,良,32.5,54.5,10.8,1.3,20.6,64,155
白银,2015-05-22,87,48~133,良,48.7,101.6,20.5,0.841,27.1,69,246
白银,2015-05-23,57,47~80,良,18.2,62.5,11.6,0.674,22.2,114,139
白银,2015-05-24,70,48~115,良,28.6,87.5,33.2,0.826,24.1,104,158
白银,2015-05-25,52,35~77,良,22.1,54.8,19.6,0.643,21.1,84,88
白银,2015-05-26,78,44~122,良,33.6,97.9,20.8,0.76,20.3,105,195
白银,2015-05-27,279,82~500,重度污染,104.6,406.1,17,0.6,16.8,91,326
白银,2015-05-28,48,30~98,优,26.1,40.2,14.4,0.59,14.6,82,85
白银,2015-05-29,78,45~219,良,42.6,56.6,19.3,0.674,21.8,97,219
白银,2015-05-30,62,38~99,良,24.1,69.4,16.5,0.791,21.9,112,191
白银,2015-05-31,73,31~120,良,32.3,93.4,52.4,1.119,32,90,185
白银,2015-06-01,209,44~500,重度污染,74.4,286.8,18.8,0.705,24.7,96,289
白银,2015-06-02,96,74~118,良,41.1,139.9,39.1,0.608,24.3,89,306
白银,2015-06-03,57,24~93,良,23.5,63.6,40,0.691,18.7,61,189
白银,2015-06-04,48,29~76,优,18,44.5,30.5,0.605,21.4,79,137
白银,2015-06-05,78,42~157,良,34.5,102.1,61.4,1.105,43.6,109,240
白银,2015-06-06,72,40~116,良,29.3,91.6,59.9,0.795,32.5,57,204
白银,2015-06-07,78,28~124,良,37.7,104.7,43.7,0.791,29.7,46,233
白银,2015-06-08,53,26~75,良,22.2,46.1,30,0.833,24.8,70,185
白银,2015-06-09,144,53~500,轻度污染,63.5,208.5,45.3,1.21,32.1,55,302
白银,2015-06-10,139,73~193,轻度污染,61.7,217.9,19.7,0.748,28.9,51,332
白银,2015-06-11,83,39~128,良,32.1,113.5,35.1,0.783,27.3,58,253
白银,2015-06-12,60,23~125,良,18.7,74.8,34.9,0.761,26.8,102,164
白银,2015-06-13,73,50~115,良,24.1,92.9,49.5,0.627,31.5,62,241
白银,2015-06-14,76,40~271,良,29.6,70.6,49.3,0.465,27.2,64,206
白银,2015-06-15,71,54~116,良,24.3,89.3,41,0.743,25,64,214
白银,2015-06-16,81,43~168,良,31.3,99.2,46.2,0.682,27.1,58,230
白银,2015-06-17,68,49~100,良,24.6,83.7,30.6,0.724,23.8,65,213
白银,2015-06-18,66,40~115,良,25.6,75.4,21.2,0.663,21,69,217
白银,2015-06-19,57,31~72,良,20.3,64.9,13.3,0.543,20.9,62,179
白银,2015-06-20,49,34~71,优,23.1,51.2,22.3,0.519,39,58,129
白银,2015-06-21,74,43~114,良,34.1,96.6,48.6,0.825,41.3,82,229
白银,2015-06-22,66,33~113,良,38.4,81,80.2,0.987,35.7,45,206
白银,2015-06-23,53,22~76,良,29.1,54.8,36.1,0.713,24,87,161
白银,2015-06-24,56,21~100,良,31,55.2,44.1,0.921,31.9,79,206
白银,2015-06-25,65,25~115,良,45,41.8,24.2,1.139,15.1,77,223
白银,2015-06-26,51,25~102,良,23.3,55.7,52.3,1.263,12.3,95,158
白银,2015-06-27,29,20~53,优,10,24.8,21,1.217,15.8,61,49
白银,2015-06-28,74,20~131,良,45.6,100.8,26.4,1.217,16.8,60,201
白银,2015-06-29,118,78~162,轻度污染,72.7,180.6,9.6,1.183,24.6,79,346
白银,2015-06-30,74,58~163,良,32,96,6.6,0.814,12.5,91,283
白银,2015-07-01,60,44~87,良,29.3,66.6,54.8,0.891,34.5,109,223
白银,2015-07-02,32,26~46,优,14.1,26.1,10.3,0.8,23.8,79,50
白银,2015-07-03,37,25~52,优,11.2,25.1,13.5,0.582,27.3,99,80
白银,2015-07-04,42,31~55,优,22.7,36.7,11.3,0.513,26.3,91,103
白银,2015-07-05,37,28~48,优,12,21,7.6,0.375,17.4,110,74
白银,2015-07-06,42,23~70,优,12.8,26.1,8.7,0.458,33.1,137,101
白银,2015-07-07,59,28~113,良,30.1,69.6,36.1,0.504,17,110,167
白银,2015-07-08,44,38~58,优,16.3,32.6,9.2,0.483,14,91,75
白银,2015-07-09,41,35~54,优,6,17.8,11.3,0.488,19.4,112,74
白银,2015-07-10,44,26~66,优,6.3,31.3,52.5,0.746,32,107,108
白银,2015-07-11,42,28~70,优,6.9,23.6,64,0.75,17.6,90,107
白银,2015-07-12,45,34~73,优,12,40.5,40.5,0.675,15.2,89,106
白银,2015-07-13,39,26~67,优,8,30.3,14.4,0.554,17.7,111,37
白银,2015-07-14,48,33~110,优,8.3,45,13.8,0.679,22.3,96,73
白银,2015-07-15,46,36~57,优,7,40.1,9,0.709,25.1,101,98
白银,2015-07-16,57,39~141,良,11.5,59,20.6,0.512,16.7,90,133
白银,2015-07-17,41,34~47,优,12.9,33.2,14.7,0.721,23.9,107,79
白银,2015-07-18,42,34~56,优,11.3,34.5,15.8,0.752,26.1,115,83
白银,2015-07-19,51,33~65,良,12.3,47.7,21.3,0.843,30.2,105,134
白银,2015-07-20,47,32~68,优,10.7,45.9,21.1,0.743,25.3,116,112
白银,2015-07-21,60,26~93,良,23.7,75.4,30.8,1.042,42.3,84,198
白银,2015-07-22,45,25~78,优,20,45.5,26.4,0.675,21.9,110,139
白银,2015-07-23,32,19~61,优,13.2,22.1,17.3,0.483,14.9,107,96
白银,2015-07-24,35,24~57,优,15.2,33.4,12.2,0.604,24.3,116,101
白银,2015-07-25,42,26~84,优,17.4,41.1,31.7,0.617,25.2,110,118
白银,2015-07-26,53,33~83,良,21.6,54.4,87.5,0.8,25.6,130,164
白银,2015-07-27,54,31~85,良,24.5,60.3,66.3,0.779,31,130,168
白银,2015-07-28,66,32~116,良,29.4,83.6,28.9,0.692,35.6,90,248
白银,2015-07-29,78,43~140,良,35,97.4,87,0.983,30.3,100,294
白银,2015-07-30,65,38~94,良,34.5,74.6,10.2,0.704,32.5,94,276
白银,2015-07-31,65,38~118,良,34,72.4,58,0.571,26.8,105,270
白银,2015-08-01,37,22~58,优,14.1,35.6,25.5,0.679,22.9,91,100
白银,2015-08-02,23,16~36,优,10.1,19.2,10.2,0.483,22,84,30
白银,2015-08-03,25,15~34,优,11.5,24.6,3.8,0.538,19.2,72,43
白银,2015-08-04,39,18~98,优,11,42.1,4.9,0.592,29.6,70,125
白银,2015-08-05,58,22~120,良,20,71.7,33.5,1.017,41,90,211
白银,2015-08-06,59,25~104,良,26.4,71.3,15.3,0.854,33,76,211
白银,2015-08-07,51,26~79,良,19.1,57.7,43.7,0.646,19.6,74,171
白银,2015-08-08,33,19~55,优,15.7,33.4,10.5,0.679,17.8,66,94
白银,2015-08-09,34,20~64,优,16,35.7,14.2,0.817,17.9,51,112
白银,2015-08-10,48,22~102,优,26.1,51.8,11.5,1.039,25.7,73,195
白银,2015-08-11,54,27~73,良,23.9,60.2,28,0.971,27.9,73,219
白银,2015-08-12,73,29~424,良,40.6,86.6,25,0.921,19.8,90,199
白银,2015-08-13,84,22~363,良,39.9,105.6,11.4,0.65,12.8,86,159
白银,2015-08-14,47,29~92,优,21,42.4,27.2,0.75,27.3,120,139
白银,2015-08-15,66,30~112,良,28,85.1,104.4,1.038,36.3,106,228
白银,2015-08-16,187,55~500,中度污染,65.2,248.2,53,0.829,22.5,82,285
白银,2015-08-17,95,64~155,良,51.3,139,24.1,0.764,23,86,272
白银,2015-08-18,78,50~107,良,45.5,86.3,14.4,0.725,30.7,83,247
白银,2015-08-19,61,36~112,良,27.6,72.3,15.5,0.608,40.3,90,230
白银,2015-08-20,52,32~75,良,16.1,57.8,23.8,0.567,27,90,203
白银,2015-08-21,50,30~90,良,26,54.7,14.7,0.592,29.9,99,159
白银,2015-08-22,66,30~111,良,29,83.7,37.2,0.779,33.6,110,224
白银,2015-08-23,49,32~82,优,23.3,52.7,19.3,0.617,29.8,109,150
白银,2015-08-24,68,32~112,良,27.3,88,118.2,0.767,38.3,110,247
白银,2015-08-25,64,39~101,良,29.5,79.7,93,0.748,33.3,110,234
白银,2015-08-26,71,32~157,良,28.5,76.7,149.3,0.683,37.8,99,201
白银,2015-08-27,56,34~74,良,24.8,63.3,98,0.625,23.7,112,168
白银,2015-08-28,65,40~107,良,29.8,80.8,60,0.683,29.9,132,209
白银,2015-08-29,64,32~124,良,30.7,81.3,92.3,0.704,34,106,220
白银,2015-08-30,77,42~130,良,34.7,105.3,40.5,0.758,46.1,120,254
白银,2015-08-31,57,37~88,良,21.4,65.9,46.9,0.617,14.3,118,202
白银,2015-09-01,62,44~103,良,22,74.8,25.2,0.646,20.5,101,233
白银,2015-09-02,58,37~86,良,31.1,65,64.7,0.829,16.6,91,218
白银,2015-09-03,45,17~143,优,23.4,37.6,104.3,0.813,4.9,75,140
白银,2015-09-04,43,25~69,优,16.4,43.5,33.6,0.829,12.3,97,159
白银,2015-09-05,76,42~132,良,31,104.2,13.4,0.738,13.2,93,280
白银,2015-09-06,64,43~111,良,24.3,78.5,70.5,0.821,18.4,88,284
白银,2015-09-07,53,40~64,良,22.5,57.3,28.3,0.738,17.8,78,207
白银,2015-09-08,28,23~42,优,12.5,18.9,3.8,0.792,6.7,85,44
白银,2015-09-09,30,17~50,优,11.4,22.4,10.3,0.967,17,81,70
白银,2015-09-10,34,20~52,优,10.3,30.9,39.5,0.858,17.4,74,99
白银,2015-09-11,43,25~64,优,15.1,44.5,17,0.733,22.5,84,160
白银,2015-09-12,47,25~70,优,19.8,50.3,19.7,0.808,26.6,87,175
白银,2015-09-13,48,23~79,优,18,51.5,48.9,0.833,23.1,97,149
白银,2015-09-14,72,45~139,良,37.3,95.1,52.9,1.05,34,106,240
白银,2015-09-15,60,40~82,良,25.3,64.2,111.9,1.038,19.8,69,181
白银,2015-09-16,63,35~84,良,28.8,77.9,24,0.875,21.9,68,192
白银,2015-09-17,66,52~111,良,24.9,81.4,12.1,0.758,32.8,86,201
白银,2015-09-18,78,43~131,良,36.4,104.7,55.1,1.421,38.6,93,227
白银,2015-09-19,81,67~108,良,47.5,111,98.1,1.317,51.2,28,259
白银,2015-09-20,48,31~59,优,25.8,50.3,15.8,0.825,27.4,68,135
白银,2015-09-21,143,40~500,轻度污染,42.3,193,17,0.925,22.3,88,227
白银,2015-09-22,38,26~74,优,18.8,33.5,13.2,0.746,20,94,101
白银,2015-09-23,67,43~101,良,34.5,82.2,89.8,1.296,28,44,254
白银,2015-09-24,67,46~108,良,34.4,73.5,26.6,1.004,9.4,78,252
白银,2015-09-25,86,66~134,良,34.5,122.3,20.5,0.892,19,71,316
白银,2015-09-26,78,54~121,良,40.2,105.5,61.1,1.217,30.8,90,278
白银,2015-09-27,54,29~100,良,28.8,60.7,41.8,0.767,14.8,72,168
白银,2015-09-28,40,24~76,优,20.3,40.2,30.8,0.758,15.7,64,113
白银,2015-09-29,54,33~120,良,30.1,57.9,39.2,0.8,24.3,64,192
白银,2015-09-30,106,54~421,轻度污染,32,145.3,46.3,0.721,18.2,77,295
白银,2015-10-01,97,74~129,良,36.9,143.9,17.7,0.571,28.4,94,309
白银,2015-10-02,94,50~163,良,43,137.8,63.9,0.629,27.2,88,263
白银,2015-10-03,118,66~220,轻度污染,56.8,184.1,55.8,0.729,28.9,80,297
白银,2015-10-04,78,63~114,良,36.8,105.4,20.5,0.475,21,90,233
白银,2015-10-05,78,35~141,良,38.3,107,65.2,0.658,29.5,68,229
白银,2015-10-06,51,24~86,良,19.9,57.2,27.7,0.646,19,90,149
白银,2015-10-07,83,65~114,良,31.9,116.3,21.4,0.592,20.6,73,285
白银,2015-10-08,62,44~89,良,27.1,75,48.2,0.533,13,73,259
白银,2015-10-09,64,48~106,良,26.9,77.9,15.3,0.579,18.6,80,228
白银,2015-10-10,61,36~107,良,23.2,73.5,29.6,0.585,24.3,81,218
白银,2015-10-11,60,35~101,良,26.2,72.3,71.6,0.871,28.7,72,198
白银,2015-10-12,65,39~119,良,34.8,80,57.1,0.763,30.6,74,176
白银,2015-10-13,55,45~73,良,24.5,59.6,19,0.6,21.2,92,98
白银,2015-10-14,69,46~102,良,35.4,88.4,39.6,0.954,43.3,92,116
白银,2015-10-15,83,60~136,良,46.2,115.8,49.5,1.217,48,102,155
白银,2015-10-16,79,60~113,良,39.1,103.8,75.5,0.804,20.6,96,136
白银,2015-10-17,53,27~77,良,19.5,58.3,9.8,0.471,21.4,60,72
白银,2015-10-18,67,28~190,良,33.7,88.3,17.2,0.921,40,82,144
白银,2015-10-19,95,56~181,良,56.6,137.9,57.5,1.483,55.3,93,227
白银,2015-10-20,89,58~175,良,43.3,127.4,49.1,0.817,30.8,78,195
白银,2015-10-21,64,42~124,良,20.3,78.5,6.2,0.433,9.3,64,125
白银,2015-10-22,56,38~90,良,23.2,64.9,7.2,0.625,23.9,61,100
白银,2015-10-23,75,35~129,良,46.8,99.5,43.2,1.313,32.5,61,157
白银,2015-10-24,45,20~74,优,30.6,31.6,16.8,0.833,23.4,55,73
白银,2015-10-25,53,20~115,良,19.7,63.8,8,0.729,17.7,74,129
白银,2015-10-26,45,26~83,优,22.9,46.4,7.8,0.642,22.6,62,94
白银,2015-10-27,69,46~122,良,46.9,81.1,13.5,0.95,41.7,62,234
白银,2015-10-28,75,35~107,良,43.8,98.9,68.1,1.446,38,62,232
白银,2015-10-29,64,44~132,良,28.6,78.5,68.1,1.079,32.8,65,202
白银,2015-10-30,61,34~88,良,31,72.9,49.9,0.838,21,46,211
白银,2015-10-31,45,34~66,优,29.2,40.9,27.4,0.908,24.7,66,145
白银,2015-11-01,94,56~152,良,68.4,114.8,79.1,1.675,50.8,60,279
白银,2015-11-02,101,57~186,轻度污染,73.5,125.1,101,1.829,44.1,82,237
白银,2015-11-03,74,53~109,良,42.9,93,53,1.204,25.6,76,145
白银,2015-11-04,77,60~91,良,27.8,103.5,71.7,0.646,25.9,52,163
白银,2015-11-05,60,30~85,良,34.7,70.1,73.2,0.8,22.3,36,136
白银,2015-11-06,53,39~65,良,35,53.7,18.7,0.729,24.4,38,187
白银,2015-11-07,78,66~90,良,45.1,106.7,28.5,0.754,23.9,38,287
白银,2015-11-08,123,84~183,轻度污染,92,161.1,29.6,1.296,47,62,304
白银,2015-11-09,148,75~195,轻度污染,111.1,183.8,100.9,1.885,51,75,310
白银,2015-11-10,99,72~196,良,73.2,117.3,67.8,1.221,40.5,46,247
白银,2015-11-11,115,54~204,轻度污染,85.6,123.5,66.5,1.208,46.2,34,271
白银,2015-11-12,74,43~134,良,45.7,82.8,17.2,0.996,44.7,66,189
白银,2015-11-13,93,63~152,良,63.8,124.2,90.6,1.625,49.9,55,255
白银,2015-11-14,56,33~80,良,31.1,54,89.8,0.842,29.2,68,134
白银,2015-11-15,66,40~122,良,28.4,82.6,18.5,0.492,22.5,68,164
白银,2015-11-16,87,40~229,良,41.6,121.4,26,0.808,30,66,240
白银,2015-11-17,79,59~98,良,56.3,82.8,45.9,0.813,29.3,57,270
白银,2015-11-18,82,64~104,良,60,89.9,69.6,1.004,34.1,48,308
白银,2015-11-19,83,55~119,良,60.2,101.7,76.6,1.125,38.1,62,254
白银,2015-11-20,97,69~147,良,72.3,110.8,77.7,1.413,37.5,58,294
白银,2015-11-21,93,74~129,良,68.6,109.8,100.8,1.279,40.7,42,302
白银,2015-11-22,75,49~103,良,46.9,89,41.8,0.771,25.5,58,288
白银,2015-11-23,68,50~91,良,30.9,85,65,0.563,24.6,44,292
白银,2015-11-24,43,26~58,优,25.5,43.3,26.5,0.475,19,44,194
白银,2015-11-25,57,34~74,良,34.4,64.1,31.7,0.65,30.7,50,218
白银,2015-11-26,96,68~122,良,71,112.6,54.5,1.088,42.3,65,319
白银,2015-11-27,121,82~206,轻度污染,90.6,140.4,63.5,1.467,53.3,56,315
白银,2015-11-28,92,54~145,良,67.7,110.3,35,1.125,46.8,70,204
白银,2015-11-29,140,104~188,轻度污染,106.3,158.2,47.7,1.492,57.4,72,280
白银,2015-11-30,145,105~205,轻度污染,110,162.5,65.6,1.554,60.8,61,272
白银,2015-12-01,90,59~156,良,36.7,126.6,32.7,0.588,23,56,203
白银,2015-12-02,92,32~156,良,42.7,135.8,29.8,0.496,18.3,54,223
白银,2015-12-03,76,48~137,良,46,96,58.8,0.808,35.5,40,239
白银,2015-12-04,92,55~166,良,66.3,114.9,48.5,1.025,44.8,40,288
白银,2015-12-05,113,69~173,轻度污染,85.1,134.9,40.4,1.192,50.5,54,290
白银,2015-12-06,145,79~193,轻度污染,109.7,165.9,83.9,1.546,56.5,57,306
白银,2015-12-07,149,104~261,轻度污染,113.3,173.7,99.7,1.796,53.6,41,280
白银,2015-12-08,96,55~200,良,70.1,105.3,41.3,1.196,35,48,200
白银,2015-12-09,159,113~234,中度污染,120.7,178.2,95.6,1.875,40.7,32,291
白银,2015-12-10,147,112~189,轻度污染,111.6,162.4,84.9,2.033,39.5,52,272
白银,2015-12-11,114,62~170,轻度污染,85.7,125.8,76.9,1.892,24.1,54,247
白银,2015-12-12,61,28~104,良,43.8,64.5,10.2,1.125,7.6,44,130
白银,2015-12-13,33,20~59,优,20.5,32.8,14.4,0.742,6.3,44,43
白银,2015-12-14,62,43~109,良,40.1,64.9,36.8,1.038,18.1,40,146
白银,2015-12-15,41,20~63,优,24.3,41.9,17,0.683,17.4,54,92
白银,2015-12-16,77,40~124,良,54.5,78.5,48,1.121,37.1,50,272
白银,2015-12-17,121,49~210,轻度污染,90.4,126.3,71,1.525,43.2,48,323
白银,2015-12-18,96,63~140,良,71,99.9,48.9,1.35,40,40,254
白银,2015-12-19,153,128~230,中度污染,116.5,146.7,69.5,1.863,47.3,43,299
白银,2015-12-20,164,119~244,中度污染,124.4,165.1,95.5,2.167,43.9,38,281
白银,2015-12-21,140,84~211,轻度污染,106,130.1,48.5,1.813,39.1,48,211
白银,2015-12-22,134,79~202,轻度污染,101.4,124,50.1,1.529,40,47,190
白银,2015-12-23,127,49~220,轻度污染,95.5,127.8,75.8,1.513,35.4,52,181
白银,2015-12-24,83,53~160,良,59.3,88,24.9,1.142,27.2,48,179
白银,2015-12-25,107,77~159,轻度污染,79.1,114.7,29.9,1.292,38.5,46,226
白银,2015-12-26,154,87~235,中度污染,117.2,161.9,82.5,2.058,44.8,42,291
白银,2015-12-27,112,89~137,轻度污染,75.9,160.1,96.1,1.646,36.3,41,281
白银,2015-12-28,119,93~158,轻度污染,88.3,164.3,79.9,1.804,42.3,30,259
白银,2015-12-29,122,77~189,轻度污染,91.7,136.8,41.4,1.667,49.7,48,218
白银,2015-12-30,125,69~202,轻度污染,94,138.8,49.9,1.742,56.6,51,198
白银,2015-12-31,190,139~290,中度污染,145.9,130.4,89.7,2.319,65.8,9,272
白银,2016-01-01,173,130~216,中度污染,131.4,116.5,64,2.108,67.7,43,279
白银,2016-01-02,157,107~232,中度污染,119,156.3,127,2.296,58.3,38,226
白银,2016-01-03,96,67~163,良,64.5,124.8,38.4,1.258,41.6,45,126
白银,2016-01-04,77,46~129,良,45.6,103.1,52.3,0.971,28.7,52,127
白银,2016-01-05,61,46~88,良,33.2,70,36.2,0.583,30.9,42,156
白银,2016-01-06,79,58~169,良,54.9,99.3,84.1,0.929,33.1,42,197
白银,2016-01-07,64,46~92,良,45,69.9,31.8,0.833,32.5,54,162
白银,2016-01-08,126,74~186,轻度污染,94.8,144.8,86.5,1.665,51.1,42,270
白银,2016-01-09,122,109~173,轻度污染,92.3,122.1,66.6,1.521,38.2,44,230
白银,2016-01-10,78,64~127,良,50.3,91.9,39.6,0.975,26.1,50,168
白银,2016-01-11,80,63~140,良,43.8,106.7,38.1,0.804,30.3,40,247
白银,2016-01-12,61,54~77,良,36.8,72.3,36.3,0.783,19.7,34,194
白银,2016-01-13,79,40~156,良,55.8,92,67.2,0.938,26.4,44,184
白银,2016-01-14,74,38~148,良,53.5,79.8,30.2,0.867,35.4,54,141
白银,2016-01-15,129,28~189,轻度污染,96.5,138.5,125.8,1.517,55.7,47,258
白银,2016-01-16,90,46~180,良,50.3,111.7,53.7,0.963,28.5,52,164
白银,2016-01-17,88,54~112,良,36,126.4,19.3,0.671,21.6,46,207
白银,2016-01-18,59,49~79,良,29.3,67.7,40.8,0.725,23.7,41,137
白银,2016-01-19,87,42~166,良,48.7,118.3,92.3,1.2,26.1,46,183
白银,2016-01-20,68,42~115,良,44.2,80.8,69.9,1.125,34.6,36,148
白银,2016-01-21,73,32~112,良,39.2,96.5,40.9,1.1,22.9,44,219
白银,2016-01-22,35,18~60,优,15.9,35.7,5.8,0.779,7.3,43,94
白银,2016-01-23,45,28~61,优,16,47.4,6.9,0.942,11.5,46,131
白银,2016-01-24,41,20~79,优,22.3,42.6,25.1,1.054,19.8,40,99
白银,2016-01-25,67,38~102,良,47.2,74.7,59,1.55,32.9,44,202
白银,2016-01-26,71,43~118,良,51.7,76,39,1.496,37.3,51,178
白银,2016-01-27,104,67~178,轻度污染,77.7,112,134.8,1.369,36,54,232
白银,2016-01-28,110,72~163,轻度污染,82.1,108.8,98.6,1.129,44.7,52,234
白银,2016-01-29,126,99~178,轻度污染,95,117.5,146.4,1.25,46.3,48,281
白银,2016-01-30,91,36~124,良,62.7,98.5,57.9,0.796,20.6,44,227
白银,2016-01-31,55,32~72,良,26.7,61,86.3,0.575,17.7,75,149
白银,2016-02-01,61,32~100,良,39.6,71.5,80,0.75,26.9,39,149
白银,2016-02-02,86,69~120,良,63.1,96.3,56.1,1.054,32.3,52,172
白银,2016-02-03,80,60~112,良,54.9,90.4,29.1,0.875,23.7,50,132
白银,2016-02-04,84,60~117,良,48.3,117,23,0.863,20.4,48,184
白银,2016-02-05,60,41~90,良,26.9,70.5,8.3,0.667,10.7,48,129
白银,2016-02-06,53,42~67,良,26.7,57.8,19.9,0.688,22.6,50,125
白银,2016-02-07,73,51~142,良,43.3,92,41.7,0.829,27,53,147
白银,2016-02-08,99,67~182,良,73.6,104.4,67,0.875,27.8,70,138
白银,2016-02-09,73,55~102,良,53.1,69.4,40,0.892,26.6,69,148
白银,2016-02-10,77,57~97,良,55.8,79,39.7,0.975,26.5,66,185
白银,2016-02-11,86,33~242,良,39.9,117.4,47.9,0.763,18,54,176
白银,2016-02-12,105,48~256,轻度污染,23.2,156.6,4.5,0.313,3.2,46,225
白银,2016-02-13,40,32~50,优,12.4,40.1,4.8,0.308,3.8,44,135
白银,2016-02-14,47,31~63,优,18.8,49.3,58.7,0.558,13.8,43,243
白银,2016-02-15,49,32~79,优,27,53.2,57.3,0.671,19.3,44,227
白银,2016-02-16,56,30~88,良,36,60.7,57.8,0.796,25.5,54,223
白银,2016-02-17,70,46~100,良,47.6,83.9,57.5,0.875,28.6,54,220
白银,2016-02-18,203,61~500,重度污染,79.3,264.7,36.4,0.692,19,44,268
白银,2016-02-19,304,173~500,严重污染,90.9,446.7,7.3,0.583,7.2,50,350
白银,2016-02-20,271,178~446,重度污染,91.2,397.6,30.5,0.879,20.6,47,356
白银,2016-02-21,133,70~223,轻度污染,65,215,63.9,1.05,20.4,42,275
白银,2016-02-22,159,117~305,中度污染,73.9,261.3,54.9,1.025,15.8,44,325
白银,2016-02-23,105,84~118,轻度污染,49.7,160.7,18.8,0.938,12.7,46,284
白银,2016-02-24,80,69~119,良,34.7,109.4,15,1.046,12.6,48,230
白银,2016-02-25,80,51~223,良,30.5,109.3,18,0.883,15.1,50,188
白银,2016-02-26,126,57~232,轻度污染,54.8,198.1,14.6,0.592,19,54,278
白银,2016-02-27,184,72~500,中度污染,68.2,293,13.1,0.638,18.1,56,312
白银,2016-02-28,224,95~500,重度污染,82.1,317.5,24.8,0.625,12.7,53,310
白银,2016-02-29,103,79~117,轻度污染,51.2,155.5,74.5,0.921,28.1,65,280
白银,2016-03-01,91,60~136,良,43.2,130.9,42.9,0.65,21,58,226
白银,2016-03-02,76,60~91,良,35.3,101,24,0.629,26.8,62,125
白银,2016-03-03,81,62~122,良,42.6,110.9,67.9,0.904,31.9,66,148
白银,2016-03-04,245,65~500,重度污染,83.8,380.7,19.8,0.45,7,51,282
白银,2016-03-05,129,118~157,轻度污染,57.4,208.5,69.8,0.7,21,51,226
白银,2016-03-06,125,112~166,轻度污染,50.2,200.6,35.8,0.763,18.2,60,215
白银,2016-03-07,124,88~145,轻度污染,52.6,197,26.6,0.8,17.8,59,257
白银,2016-03-08,112,78~278,轻度污染,47,169.8,60,0.929,19.1,52,305
白银,2016-03-09,230,42~500,重度污染,78.5,342.9,8.9,0.638,5.6,44,330
白银,2016-03-10,66,44~88,良,29.9,82.3,52.5,0.665,15.3,46,274
白银,2016-03-11,101,71~188,轻度污染,49.6,151.5,25.1,0.671,21,62,303
白银,2016-03-12,214,99~437,重度污染,80,301.1,10.1,0.492,8.5,50,323
白银,2016-03-13,80,69~94,良,39.2,109.5,19.3,0.65,18.2,54,214
白银,2016-03-14,96,76~123,良,47.8,140.8,66.3,0.808,20.8,60,242
白银,2016-03-15,82,67~112,良,47.1,114.3,33.9,0.625,26,62,155
白银,2016-03-16,68,59~79,良,37.4,84.9,65.3,0.758,15.4,65,121
白银,2016-03-17,88,64~116,良,43,126.8,19.8,0.671,25,68,171
白银,2016-03-18,108,58~153,轻度污染,66.4,165.3,96.3,1.083,30.8,88,202
白银,2016-03-19,97,68~185,良,58.5,140.9,54,0.875,14.4,86,201
白银,2016-03-20,105,77~148,轻度污染,72.4,143.5,38.7,1.021,24.3,75,246
白银,2016-03-21,42,23~82,优,28.9,32.5,31.6,1.421,19.4,56,65
白银,2016-03-22,89,29~150,良,50.3,129.3,24.3,0.958,10.3,65,219
白银,2016-03-23,61,32~83,良,34,72.7,3.3,1.146,9.1,62,208
白银,2016-03-24,36,20~56,优,18.9,35.3,17.4,0.679,18.3,57,86
白银,2016-03-25,49,19~77,优,24.4,54,30.4,0.688,22.5,62,115
白银,2016-03-26,57,42~74,良,26.3,65.8,37.5,0.608,22.3,64,123
白银,2016-03-27,69,47~96,良,37.4,88,53.1,0.788,30.8,64,168
白银,2016-03-28,78,45~121,良,34.1,106.5,34.4,0.721,24.3,70,172
白银,2016-03-29,73,60~108,良,35.3,95.5,50.1,1.088,26.3,66,161
白银,2016-03-30,77,56~111,良,42.7,104.7,58.5,1.283,35,79,171
白银,2016-03-31,84,52~308,良,42.5,112.1,68.3,0.892,26.4,86,171
白银,2016-04-01,105,60~187,轻度污染,48,159.6,25.3,0.429,14.8,72,251
白银,2016-04-02,61,34~83,良,22.8,74,25.9,0.408,10.7,59,133
白银,2016-04-03,83,66~95,良,34,116,35,0.6,19,70,292
白银,2016-04-04,70,57~95,良,37.5,89.8,48.6,0.675,21.7,69,236
白银,2016-04-05,66,38~102,良,38.2,82.3,52,0.842,29,57,194
白银,2016-04-06,65,27~85,良,35.4,71.1,7.4,0.538,16.2,69,217
白银,2016-04-07,58,33~76,良,34.7,66.1,11.8,0.45,16.4,100,184
白银,2016-04-08,62,25~102,良,26.4,76.8,35.8,0.521,22.1,73,178
白银,2016-04-09,53,35~82,良,34.4,49,19.8,0.633,26.9,92,144
白银,2016-04-10,57,40~85,良,33.8,64.3,43.9,0.65,27.3,98,151
白银,2016-04-11,74,43~125,良,42.5,92.3,21.8,0.658,23.6,80,202
白银,2016-04-12,63,50~84,良,29.6,76.7,26.5,0.442,18.3,77,167
白银,2016-04-13,83,59~129,良,45.3,112.1,46.6,0.954,39.7,70,211
白银,2016-04-14,77,36~114,良,36.3,98.5,41.2,0.783,32.8,219,183
白银,2016-04-15,75,25~385,良,22.2,92.9,4.7,0.354,10.3,100,125
白银,2016-04-16,52,32~212,良,21,61.5,5.1,0.338,14.7,104,126
白银,2016-04-17,42,27~85,优,21.7,39.2,8.4,0.342,18.1,104,106
白银,2016-04-18,61,36~129,良,33.5,71.5,19.4,0.625,33.9,124,207
白银,2016-04-19,65,51~86,良,26.3,78.8,40.5,0.575,18.7,114,211
白银,2016-04-20,63,46~81,良,26.7,76.2,25.1,0.5,21.5,116,236
白银,2016-04-21,58,42~81,良,25.2,66.3,27.3,0.538,20.1,152,160
白银,2016-04-22,55,36~81,良,26.2,62.9,52.4,0.692,28.5,104,125
白银,2016-04-23,37,30~55,优,19.9,33.7,5.3,0.425,16,115,81
白银,2016-04-24,56,32~104,良,35.3,55.2,11.1,0.7,32.1,124,155
白银,2016-04-25,78,38~194,良,33.5,106.1,44,0.575,16.9,106,203
白银,2016-04-26,39,27~73,优,19,38.1,4.3,0.4,13,96,82
白银,2016-04-27,52,34~87,良,27.9,53.5,11.4,0.617,32.3,140,134
白银,2016-04-28,65,34~121,良,34.1,81.6,39.8,0.546,33.3,112,170
白银,2016-04-29,67,40~92,良,32.9,85.2,24.1,0.504,31.3,136,157
白银,2016-04-30,62,41~94,良,28.6,74.2,44.9,0.425,23.6,124,123
白银,2016-05-01,150,30~350,轻度污染,48.3,220.2,6.8,0.329,15.3,87,257
白银,2016-05-02,37,25~56,优,17.3,25.7,11.7,0.275,14,104,55
白银,2016-05-03,69,37~133,良,39.5,76.7,44.9,0.475,22.7,108,228
白银,2016-05-04,100,75~131,良,51.8,147,58.4,0.638,21.1,106,317
白银,2016-05-05,93,66~158,良,32.1,136.6,31,0.429,9.1,90,280
白银,2016-05-06,76,53~120,良,36.8,102.2,23,0.596,13,74,218
白银,2016-05-07,71,45~140,良,47.3,59.8,19.7,1.217,20.1,91,216
白银,2016-05-08,98,63~186,良,51.2,139.3,123.5,1.129,26.5,115,325
白银,2016-05-09,41,29~77,优,21.2,37.8,10.2,0.675,14.5,111,88
白银,2016-05-10,83,40~223,良,50.5,62.9,19.2,0.779,24.7,152,232
白银,2016-05-11,180,50~500,中度污染,83.7,239.8,21.1,0.563,15.7,97,258
白银,2016-05-12,55,25~312,良,26.2,62.3,15.8,0.3,10.5,79,73
白银,2016-05-13,66,34~125,良,27.1,83,17,0.358,23.7,84,188
白银,2016-05-14,85,33~305,良,40.3,109.5,4.1,0.333,9.9,74,212
白银,2016-05-15,80,38~112,良,53.4,109,48.3,0.354,19.1,78,277
白银,2016-05-16,76,51~110,良,48.9,101.5,103,0.567,37.6,95,259
白银,2016-05-17,69,40~100,良,41.8,86.2,43,0.504,19.7,164,200
白银,2016-05-18,68,53~117,良,38.4,81.6,44.6,0.825,22.5,130,168
白银,2016-05-19,69,37~203,良,34.5,84,19.8,0.658,20.6,124,146
白银,2016-05-20,129,62~365,轻度污染,61,188.9,7,0.542,6.3,90,321
白银,2016-05-21,23,19~43,优,12.1,12.4,4.6,0.579,10.3,71,27
白银,2016-05-22,23,18~41,优,6.7,11.9,16.5,0.583,10.2,76,31
白银,2016-05-23,32,18~61,优,10.2,30.6,11.2,0.748,14.7,96,72
白银,2016-05-24,67,40~103,良,22.6,84.3,35.3,0.65,15.2,115,236
白银,2016-05-25,42,29~69,优,17.2,42.8,4.7,0.479,13.6,102,117
白银,2016-05-26,40,29~54,优,16.1,37.6,16.3,0.571,15.5,106,118
白银,2016-05-27,51,37~74,良,23.7,53.3,54,0.586,22.4,112,185
白银,2016-05-28,66,36~140,良,29.4,73.3,111.3,0.838,29.7,91,248
白银,2016-05-29,53,43~75,良,33.9,53.5,11.4,0.729,27.5,105,175
白银,2016-05-30,51,44~64,良,30.7,53.7,51.8,0.717,20.5,108,122
白银,2016-05-31,63,43~102,良,32.5,72.7,27.8,0.583,16.3,139,197
白银,2016-06-01,67,53~92,良,44.3,76.9,47.7,0.622,19.3,94,280
白银,2016-06-02,47,25~77,优,25.8,46.9,20.2,0.516,16.8,118,165
白银,2016-06-03,57,35~90,良,26.5,64.8,22.1,0.625,28,132,223
白银,2016-06-04,45,29~77,优,21.3,48,9.7,0.413,22.3,111,152
白银,2016-06-05,60,32~93,良,29,74.7,16.5,0.491,21.3,104,205
白银,2016-06-06,54,30~77,良,23.6,60.7,90.6,0.617,31.3,104,170
白银,2016-06-07,39,27~64,优,19.1,32.5,24.4,0.554,15,109,102
白银,2016-06-08,32,25~51,优,12.7,27.1,10.4,0.421,15.2,106,59
白银,2016-06-09,45,27~82,优,20.4,41.3,12.8,0.746,26.8,100,125
白银,2016-06-10,41,24~92,优,17,43.5,7.5,0.463,17.6,112,123
白银,2016-06-11,77,48~152,良,44.2,101,16.1,0.525,24.2,100,285
白银,2016-06-12,56,35~143,良,38.1,34.1,15.4,0.613,27.4,112,225
白银,2016-06-13,61,40~154,良,27.1,73.6,12.6,0.563,25.2,101,207
白银,2016-06-14,93,52~177,良,39.4,135.4,3.8,0.4,8.3,87,314
白银,2016-06-15,41,28~59,优,23.1,42.6,21.1,0.513,13.8,87,139
白银,2016-06-16,52,34~97,良,24.5,54.6,15.8,0.721,31.1,138,172
白银,2016-06-17,61,40~102,良,23.7,73.4,80,0.813,24,109,212
白银,2016-06-18,56,35~84,良,26.5,64.7,72.1,0.908,24.3,126,207
白银,2016-06-19,49,32~70,优,27.3,52.8,54.5,0.725,14.4,128,202
白银,2016-06-20,56,29~103,良,29.8,57.7,29.1,0.729,14.5,96,213
白银,2016-06-21,51,35~79,良,30.9,39.3,16.6,0.983,22.7,126,199
白银,2016-06-22,50,32~96,优,29.8,51.4,35.3,0.967,27.5,114,193
白银,2016-06-23,41,27~64,优,23.9,36.3,44.5,0.704,18,124,180
白银,2016-06-24,50,30~89,优,27.2,52.3,11.4,0.758,27.8,108,248
白银,2016-06-25,37,30~50,优,18.2,31.5,9.3,0.625,24,108,158
白银,2016-06-26,80,42~275,良,46.6,102.3,5,0.558,12.2,108,257
白银,2016-06-27,89,38~127,良,49.9,125.8,12.5,0.808,21.6,122,291
白银,2016-06-28,57,0~125,良,33.6,60.6,13.7,0.933,29.9,123,242
白银,2016-06-29,70,35~160,良,42.4,84.8,83.3,1.258,32.1,112,263
白银,2016-06-30,54,35~84,良,30,60.7,10.5,1.042,31.5,120,236
白银,2016-07-01,77,34~152,良,51.8,66.4,23.7,0.75,19.3,122,298
白银,2016-07-02,52,36~82,良,29.2,49.5,14.9,0.867,28,153,229
白银,2016-07-03,44,38~55,优,28.3,37.1,11.4,0.867,18,134,179
白银,2016-07-04,48,37~74,优,28.8,44.9,41.3,0.883,20.5,135,200
白银,2016-07-05,39,27~53,优,21.7,37.9,12.8,0.867,15,76,160
白银,2016-07-06,40,23~80,优,17.8,40.4,4.3,0.788,16.8,82,151
白银,2016-07-07,40,18~85,优,12.3,43.5,7.5,0.838,12.4,84,147
白银,2016-07-08,37,18~58,优,17,36.4,30.2,0.967,13.5,88,127
白银,2016-07-09,74,35~127,良,41.1,98.8,38,1.004,9.7,92,281
白银,2016-07-10,29,21~61,优,15.8,22,3.5,0.808,7.5,76,64
白银,2016-07-11,24,19~36,优,7.8,11.2,5.3,0.775,9.3,113,35
白银,2016-07-12,41,28~111,优,18.4,42.6,14,1.025,23.3,136,148
白银,2016-07-13,39,23~96,优,17.9,36.2,7.7,0.867,19.3,98,132
白银,2016-07-14,31,19~43,优,16.3,29.3,6.8,0.863,20.9,118,110
白银,2016-07-15,53,35~96,良,24.1,60.4,12.4,0.892,33.1,91,254
白银,2016-07-16,40,24~74,优,17.3,41.9,18.6,0.683,18.4,86,149
白银,2016-07-17,62,42~99,良,26.8,75,100.8,1.013,31.3,77,247
白银,2016-07-18,29,22~50,优,13,18.3,9.9,0.725,10.1,106,68
白银,2016-07-19,41,25~61,优,17.8,38.1,15.5,0.917,18.4,104,167
白银,2016-07-20,52,36~78,良,27.9,56.5,65.7,1.167,20,128,251
白银,2016-07-21,77,39~183,良,36.7,105.8,33.1,1.029,18.4,108,294
白银,2016-07-22,63,46~84,良,39.8,72.1,7.5,1.017,19.5,112,283
白银,2016-07-23,46,23~78,优,23.1,49.8,54.3,1.113,23,98,158
白银,2016-07-24,31,20~63,优,11.3,23.7,9.3,0.9,9.1,100,76
白银,2016-07-25,38,24~72,优,19.8,36.8,13.8,1.121,21.8,142,111
白银,2016-07-26,38,23~64,优,13.7,37.2,6.3,0.971,16.1,148,114
白银,2016-07-27,49,28~103,优,24.8,46.9,13.8,1.133,19.5,206,156
白银,2016-07-28,44,28~113,优,16.4,44,11.8,1.117,24.6,136,114
白银,2016-07-29,60,33~88,良,29.5,72.4,51,1.263,31.7,127,206
白银,2016-07-30,46,31~76,优,19.9,47.5,38.3,1.038,15.7,114,137
白银,2016-07-31,42,25~59,优,16.8,42.1,35.3,0.967,15.7,93,138
白银,2016-08-01,36,22~54,优,15.5,34.3,39.1,0.854,19.1,90,120
白银,2016-08-02,32,26~42,优,12.9,30.3,13.8,0.704,15.2,93,100
白银,2016-08-03,31,24~44,优,13,29.7,4.1,0.696,13.2,90,111
白银,2016-08-04,35,24~58,优,17,34.5,8.8,0.742,13.8,102,129
白银,2016-08-05,50,30~78,优,22.2,54,44.8,0.929,16.9,125,212
白银,2016-08-06,56,41~83,良,27.2,63.3,3.7,1,19.7,138,236
白银,2016-08-07,57,30~80,良,29.5,64.7,3.4,0.979,26.1,145,268
白银,2016-08-08,41,28~65,优,17.8,40.2,7,0.813,17.2,126,174
白银,2016-08-09,47,28~80,优,22.8,52,15.9,0.9,14.6,59,189
白银,2016-08-10,69,35~107,良,28.5,88.2,40.3,0.708,9.4,82,295
白银,2016-08-11,35,21~55,优,14.8,34.8,20.3,0.754,11.6,76,101
白银,2016-08-12,63,42~133,良,25.6,77.5,23,0.771,9.7,73,259
白银,2016-08-13,51,22~82,良,26.3,57.5,40.3,0.854,9.2,77,220
白银,2016-08-14,51,29~95,良,26,55.9,24.4,0.954,9.5,77,220
白银,2016-08-15,38,26~58,优,21.6,30.7,9.4,1.029,17.9,120,156
白银,2016-08-16,50,27~87,优,24.9,53.7,17.9,1.033,28.1,99,194
白银,2016-08-17,46,28~77,优,16.2,49.2,21.7,1.021,14.2,103,152
白银,2016-08-18,28,21~46,优,14.4,16.2,11.3,0.833,7.8,82,72
白银,2016-08-19,30,17~56,优,10.3,26.5,47.6,0.904,9.4,94,85
白银,2016-08-20,31,18~54,优,14.7,28.1,21.3,0.935,7.6,99,75
白银,2016-08-21,56,34~78,良,34.5,57.6,28.4,1.117,16.5,110,202
白银,2016-08-22,49,26~69,优,26.5,52,19.1,1.061,10.7,122,166
白银,2016-08-23,27,21~51,优,8.5,16.6,2.3,0.913,8.8,97,27
白银,2016-08-24,39,20~191,优,12.7,42.1,7.4,0.983,13.7,94,54
白银,2016-08-25,30,22~48,优,9.1,22.5,21.4,0.867,11.6,90,80
白银,2016-08-26,47,32~75,优,17.3,50,40.8,1.017,30.2,94,217
白银,2016-08-27,51,38~84,良,20,55.3,36.3,0.95,25.6,124,217
白银,2016-08-28,52,35~82,良,20.2,57.4,37.1,0.946,28.1,116,192
白银,2016-08-29,44,29~67,优,20.9,42.4,31.9,0.892,15.4,98,123
白银,2016-08-30,42,28~82,优,19.3,41.2,18.9,1.133,26.2,130,112
白银,2016-08-31,58,38~98,良,24.2,66.5,26.3,1.088,32.1,140,186
白银,2016-09-01,52,35~119,良,19.1,56,12.5,1.058,35,140,183
白银,2016-09-02,58,32~81,良,23.5,68.4,24.6,0.967,25.1,98,207
白银,2016-09-03,50,34~85,优,24.6,52.9,18,1.142,27.3,136,126
白银,2016-09-04,51,30~70,良,21.3,55.1,37.4,0.967,22.1,127,129
白银,2016-09-05,48,27~66,优,17,50,14.6,0.975,17.2,106,133
白银,2016-09-06,35,23~88,优,12.8,30.2,13.8,1.013,19,118,88
白银,2016-09-07,58,35~93,良,22.5,66.9,24.1,0.963,33.8,134,216
白银,2016-09-08,54,31~82,良,20.9,59.3,7.4,0.85,26.8,140,166
白银,2016-09-09,35,27~64,优,12.5,33.1,5.1,0.725,15.8,110,84
白银,2016-09-10,57,28~86,良,21.1,66.7,4.7,1.113,34.1,76,213
白银,2016-09-11,56,32~82,良,19.8,64.1,10.5,0.904,25.8,88,208
白银,2016-09-12,36,21~86,优,15.7,35,6.8,0.879,21.8,87,84
白银,2016-09-13,54,24~86,良,25.3,65.3,28,1.113,32.8,78,163
白银,2016-09-14,53,36~69,良,29.2,58.3,25.3,1.058,22.2,79,154
白银,2016-09-15,50,32~74,优,27,53.1,14.9,1.175,27.3,108,170
白银,2016-09-16,53,28~95,良,20.7,60.8,13.4,1.088,21.6,102,196
白银,2016-09-17,34,25~44,优,18.7,32.7,6.8,1.009,13.8,93,106
白银,2016-09-18,36,28~49,优,23.9,29.4,5,1.225,17.9,78,98
白银,2016-09-19,66,39~121,良,36.8,81.3,11.4,1.453,43.3,108,257
白银,2016-09-20,62,30~108,良,37.5,75.9,8.1,1.279,35.3,96,212
白银,2016-09-21,48,28~101,优,23,52.8,9.9,1.271,33.5,154,103
白银,2016-09-22,60,30~92,良,27.8,71.8,13.1,1.358,39.1,108,162
白银,2016-09-23,44,32~63,优,21.5,44.1,12.7,1.304,31.8,119,78
白银,2016-09-24,59,30~97,良,26.6,69.8,11.4,1.421,38.6,130,151
白银,2016-09-25,52,39~68,良,23.2,55.3,26.6,1.429,30.4,138,137
白银,2016-09-26,86,46~153,良,37.6,122,49.7,1.471,22.9,100,250
白银,2016-09-27,50,25~145,良,26.8,58.1,9.7,1.204,14.8,82,139
白银,2016-09-28,58,30~82,良,33.8,61.9,18.4,1.35,29.9,106,252
白银,2016-09-29,65,42~116,良,34,79.4,59,1.374,41.6,99,277
白银,2016-09-30,73,30~137,良,35.3,98.1,52.2,0.817,50.4,68,243
白银,2016-10-01,57,28~131,良,29.2,68.8,12.8,0.55,37.3,88,178
白银,2016-10-02,59,34~139,良,25,72.5,21.9,0.429,41.4,83,192
白银,2016-10-03,163,46~500,中度污染,56.5,277.7,55.2,0.588,31.5,90,302
白银,2016-10-04,77,35~187,良,33.9,103,9,0.363,18.3,68,227
白银,2016-10-05,74,50~113,良,36.8,98.5,54.9,0.729,29.8,74,261
白银,2016-10-06,51,32~68,良,23.4,54.9,48,0.558,18.3,60,148
白银,2016-10-07,55,28~76,良,20,64.9,26.7,0.325,13.6,64,194
白银,2016-10-08,70,48~134,良,30.8,89.2,61.9,0.738,29,70,269
白银,2016-10-09,53,30~74,良,31.9,51.3,16.1,0.588,27.1,72,212
白银,2016-10-10,55,29~114,良,33.8,61,13.1,0.867,34.6,70,187
白银,2016-10-11,70,36~198,良,35,79.4,105.6,1.017,37.6,72,220
白银,2016-10-12,68,29~147,良,35.5,86.7,18.2,0.975,42.4,72,212
白银,2016-10-13,77,43~138,良,37.5,102.8,59.6,1.063,36,90,227
白银,2016-10-14,49,32~74,优,26.6,51.3,86.4,0.792,25.1,54,126
白银,2016-10-15,66,51~85,良,33.9,78.9,38.4,0.904,31.1,78,228
白银,2016-10-16,65,40~159,良,25,81.5,19.7,0.538,27,76,186
白银,2016-10-17,67,45~121,良,33.8,83.3,25.3,0.75,40,88,188
白银,2016-10-18,90,56~159,良,49.4,125.9,120.3,1.083,46.3,78,259
白银,2016-10-19,92,48~137,良,54.7,127.6,86.9,0.996,45.7,54,253
白银,2016-10-20,131,59~411,轻度污染,51.3,186.7,53.3,0.867,24.7,78,286
白银,2016-10-21,73,36~151,良,34.6,96.4,32.8,0.358,12.9,70,274
白银,2016-10-22,42,22~68,优,26.3,38.8,26.5,0.563,28.3,56,195
白银,2016-10-23,58,42~78,良,38.8,57.6,32.5,0.763,32.8,56,275
白银,2016-10-24,44,15~89,优,22.6,45.5,19.6,0.588,28.3,59,155
白银,2016-10-25,56,28~85,良,31.2,66.3,67.1,0.746,28,66,193
白银,2016-10-26,57,39~84,良,27.7,64.8,38.8,0.6,27.2,64,212
白银,2016-10-27,51,17~159,良,13.7,65.9,5.6,0.379,11.3,67,168
白银,2016-10-28,35,17~65,优,18.5,36.1,35.2,0.525,28.4,57,138
白银,2016-10-29,51,35~85,良,31.5,52,40.6,0.717,33.6,69,223
白银,2016-10-30,63,44~82,良,32.2,75.6,57.6,0.85,30.2,88,236
白银,2016-10-31,80,57~125,良,40.3,108.4,44.9,0.875,39.3,82,318
白银,2016-11-01,85,54~126,良,52.7,118.3,60.5,1.079,48.3,95,304
白银,2016-11-02,97,67~156,良,59,139.5,115.7,1.163,51.9,113,283
白银,2016-11-03,113,72~190,轻度污染,83.4,148.8,115.8,1.396,60.2,120,286
白银,2016-11-04,128,73~185,轻度污染,95.8,162.2,137.4,1.754,63.9,128,287
白银,2016-11-05,114,67~193,轻度污染,82.8,143.2,170.6,1.554,61.8,105,241
白银,2016-11-06,87,63~200,良,29,122.8,12,0.55,17.1,93,153
白银,2016-11-07,93,78~150,良,45.3,134.9,26.3,0.654,23.8,126,237
白银,2016-11-08,125,88~234,轻度污染,82.7,190.6,72.5,1.388,53.3,66,340
白银,2016-11-09,103,63~500,轻度污染,52.9,144.9,53.5,1.017,38.1,100,293
白银,2016-11-10,392,0~500,严重污染,147.1,742.8,16.8,0.658,18.2,89,288
白银,2016-11-11,159,0~500,中度污染,89.1,248.1,67,0.858,29.5,138,208
白银,2016-11-12,129,79~198,轻度污染,91.3,193.8,157.2,1.509,54.8,114,310
白银,2016-11-13,134,78~170,轻度污染,92.9,191.8,107.3,1.729,50.6,100,276
白银,2016-11-14,82,57~157,良,41.4,114,50.6,1.125,39.3,98,166
白银,2016-11-15,111,75~146,轻度污染,72.9,165,182.6,1.526,60.5,102,257
白银,2016-11-16,101,66~205,轻度污染,62.4,150.7,49.7,1.287,56,112,239
白银,2016-11-17,132,92~193,轻度污染,92.6,198,164.9,1.7,72.8,118,285
白银,2016-11-18,237,102~500,重度污染,109.7,419.5,136.3,1.443,50.3,122,306
白银,2016-11-19,127,82~203,轻度污染,66.2,203,100,0.913,39.9,84,0
白银,2016-11-20,120,91~147,轻度污染,65.6,189.7,49.6,1.146,48.3,96,0
白银,2016-11-21,74,28~146,良,26.9,100,23.3,0.608,16.2,80,0
白银,2016-11-22,58,32~75,良,22.5,67.1,89.3,0.679,26.5,84,0
白银,2016-11-23,75,55~133,良,35.5,99.2,111.3,1.029,36.7,68,0
白银,2016-11-24,97,51~153,良,58.3,143.4,176.8,1.429,39.5,106,0
白银,2016-11-25,130,50~243,轻度污染,63.3,202.3,38.7,0.921,24.5,80,0
白银,2016-11-26,173,112~252,中度污染,106.8,281.2,48.6,1.379,44,81,0
白银,2016-11-27,149,110~174,轻度污染,106,238.1,176,1.767,56.8,76,0
白银,2016-11-28,109,73~173,轻度污染,66.9,160.4,104.8,1.479,38.2,86,0
白银,2016-11-29,93,61~118,良,47.9,135.1,47.5,1.05,32.3,92,0
白银,2016-11-30,104,79~152,轻度污染,67.4,155.1,80.8,1.292,47.5,82,0
白银,2016-12-01,128,102~168,轻度污染,94.3,179.7,160.3,1.346,63.3,91,0
白银,2016-12-02,108,88~144,轻度污染,81.4,135,68.5,1.229,51.6,69,0
白银,2016-12-03,102,67~155,轻度污染,72.4,130.7,62.2,1.192,50.2,104,0
白银,2016-12-04,120,100~163,轻度污染,90.3,150.3,80,1.421,61.2,93,0
白银,2016-12-05,73,46~150,良,31.4,95.1,37.1,0.55,28.3,96,0
白银,2016-12-06,97,80~129,良,64.9,136.6,137.8,1.183,54.3,80,0
白银,2016-12-07,69,38~127,良,43.2,85.8,30.8,1.008,43.3,86,0
白银,2016-12-08,91,64~129,良,66.5,114.5,72.3,1.417,55.7,85,0
白银,2016-12-09,78,42~102,良,53.7,96.9,62.5,1.263,46,98,0
白银,2016-12-10,110,69~172,轻度污染,81,134.2,130.9,1.817,61.9,120,0
白银,2016-12-11,116,76~153,轻度污染,86.3,127.1,85.5,1.679,45.9,117,0
白银,2016-12-12,74,60~84,良,42,97.7,42.3,1.067,28.8,83,0
白银,2016-12-13,72,0~104,良,43,95.3,67,1.048,33.2,82,0
白银,2016-12-14,67,40~98,良,40.8,83.7,44.5,0.775,38.2,102,0
白银,2016-12-15,56,35~85,良,31.3,63.3,28,0.517,32.9,88,0
白银,2016-12-16,100,68~139,良,73.3,119.8,83.5,1.188,56.8,90,0
白银,2016-12-17,101,69~130,轻度污染,75.5,113.1,68,1.196,53.1,80,0
白银,2016-12-18,135,94~190,轻度污染,101.8,143.5,182.8,1.525,61.8,87,0
白银,2016-12-19,114,98~132,轻度污染,86,116.5,112.9,1.317,48.6,91,0
白银,2016-12-20,200,77~500,重度污染,71.3,242.4,67,1.079,34.7,90,0
白银,2016-12-21,139,105~191,轻度污染,61.3,227.2,28.3,0.696,32.2,76,0
白银,2016-12-22,111,93~147,轻度污染,71.6,166,42.8,1.063,47.7,169,0
白银,2016-12-23,100,80~147,良,71.1,135.1,167.2,1.4,52.9,80,0
白银,2016-12-24,89,62~156,良,65.5,110.6,101.4,1.229,46.2,72,0
白银,2016-12-25,93,55~333,良,29.4,123.7,16.6,0.458,15.4,78,0
白银,2016-12-26,54,28~72,良,23.5,61.6,9.7,0.475,16.8,86,0
白银,2016-12-27,76,51~102,良,46.8,100.1,28.9,0.913,41.3,92,0
白银,2016-12-28,57,38~85,良,35.4,59.5,44.4,0.679,29.3,96,0
白银,2016-12-29,63,47~82,良,36.2,75.3,67.3,1.025,45.8,72,0
白银,2016-12-30,91,62~132,良,66.8,108.8,96.9,1.421,58.9,73,0
白银,2016-12-31,76,50~119,良,54.1,86.7,134.9,1.317,48.7,110,0
白银,2017-01-01,54,38~73,良,32.9,58.8,35.3,0.85,38.3,85,0
白银,2017-01-02,80,57~129,良,57.1,90.7,53,1.263,54.1,79,0
白银,2017-01-03,88,54~134,良,64.3,96.8,104.3,1.513,50.7,92,0
白银,2017-01-04,116,97~144,轻度污染,87.2,117.2,92,1.721,57.3,86,0
白银,2017-01-05,111,87~147,轻度污染,80.6,123.2,80.9,1.6,49.1,101,0
白银,2017-01-06,47,28~84,优,26.4,50.7,30.5,0.708,18.6,114,0
白银,2017-01-07,50,24~87,良,29.9,57.1,73.9,0.942,30.1,94,0
白银,2017-01-08,35,27~53,优,19.8,32.5,41,0.725,18.9,105,0
白银,2017-01-09,33,24~52,优,16.6,31.6,22.1,0.696,16.4,97,0
白银,2017-01-10,31,24~41,优,14.7,27,19.4,0.733,11.3,90,0
白银,2017-01-11,54,38~89,良,33.1,58.5,25.1,1.048,28.6,87,0
白银,2017-01-12,116,56~199,轻度污染,85.5,103.7,40.3,1.446,44.1,87,0
白银,2017-01-13,154,97~230,中度污染,117.3,161.2,148.5,2.196,60.3,92,0
白银,2017-01-14,97,44~199,良,67.9,108.3,184.6,1.654,41.8,120,0
白银,2017-01-15,61,41~100,良,29.8,69.8,44.5,1.058,30.3,102,0
白银,2017-01-16,62,30~107,良,32.9,74.6,81.2,1.158,30.5,106,0
白银,2017-01-17,62,38~118,良,38.7,66.4,91,1.17,37,79,0
白银,2017-01-18,111,51~500,轻度污染,46.7,143,180.7,0.863,24.6,114,0
白银,2017-01-19,139,54~500,轻度污染,46,207.8,39.6,0.375,19.7,96,0
白银,2017-01-20,104,59~163,轻度污染,61,156.9,118.8,0.854,38.7,90,0
白银,2017-01-21,74,47~94,良,43.3,97.8,76.5,0.738,33.4,98,0
白银,2017-01-22,56,36~95,良,29,64.4,43.3,0.592,33.4,106,0
白银,2017-01-23,96,73~127,良,70.2,130.5,137.4,1.217,54.1,90,0
白银,2017-01-24,103,62~166,轻度污染,75.5,119.7,125.3,1.363,56.1,103,0
白银,2017-01-25,212,105~500,重度污染,176.3,720.2,196,1.421,42.5,98,0
白银,2017-01-26,294,67~500,重度污染,237.6,1179.8,42.6,0.575,16.9,92,0
白银,2017-01-27,141,93~203,轻度污染,75.3,231.1,84.5,0.779,26.2,80,0
白银,2017-01-28,113,79~162,轻度污染,43.5,174.8,26.2,0.521,10.9,91,0
白银,2017-01-29,76,66~97,良,27.7,99,55.4,0.6,13,82,0
白银,2017-01-30,83,71~98,良,37.2,115.4,151.1,0.988,19.4,84,0
白银,2017-01-31,76,65~82,良,38.5,101.2,75.2,0.954,23.3,88,0
