蓬莱,2013-12-31,133,128~135,轻度污染,60,183.6,23.6,0.6,35.2,61,107
蓬莱,2014-01-01,124,118~131,轻度污染,76.3,195.8,90.8,1.057,48.3,70,91
蓬莱,2014-01-02,115,82~128,轻度污染,79.8,150.7,54.9,1.326,44,63,69
蓬莱,2014-01-03,87,32~169,良,60.4,112.5,38.8,0.671,27.1,68,45
蓬莱,2014-01-04,48,20~121,优,23.9,42.4,24.5,0.564,22.5,59,16
蓬莱,2014-01-05,94,36~169,良,64.5,111.3,50.4,1.162,33.6,44,41
蓬莱,2014-01-06,138,78~229,轻度污染,101.5,175,46.5,1.648,40.6,42,74
蓬莱,2014-01-07,123,60~214,轻度污染,92.3,144.8,33.3,1.71,32.5,47,94
蓬莱,2014-01-08,60,32~480,良,37,33,18.7,0.787,18.8,75,40
蓬莱,2014-01-09,57,35~109,良,28.2,51,33.8,1.35,65.1,74,43
蓬莱,2014-01-10,95,52~143,良,68.5,114.3,83.3,1.917,44,58,73
蓬莱,2014-01-11,215,149~340,重度污染,166.3,285.5,127.8,2.741,69.6,54,149
蓬莱,2014-01-12,108,27~246,轻度污染,74.1,116.4,41.9,1.539,27.6,82,72
蓬莱,2014-01-13,65,31~123,良,41.4,65.7,45.1,1.625,35,63,52
蓬莱,2014-01-14,105,60~190,轻度污染,74.8,128.4,61.6,1.97,37.8,53,83
蓬莱,2014-01-15,245,135~360,重度污染,193.6,312.7,125.3,2.92,62.3,71,144
蓬莱,2014-01-16,263,178~318,重度污染,212.5,277.5,93.8,2.481,48.2,87,157
蓬莱,2014-01-17,120,53~209,轻度污染,88.6,140.4,40.8,1.976,32.8,64,57
蓬莱,2014-01-18,100,32~192,良,71.3,110.3,34.5,2.078,35,73,43
蓬莱,2014-01-19,107,34~232,轻度污染,78.6,129,40.3,2.091,37.7,62,50
蓬莱,2014-01-20,108,32~303,轻度污染,68.3,141.7,21.9,1.762,30,71,56
蓬莱,2014-01-21,46,34~129,优,22.5,28.9,13.7,1.287,13.5,71,26
蓬莱,2014-01-22,79,39~140,良,53.7,87.4,64.5,1.885,35.1,66,51
蓬莱,2014-01-23,92,51~124,良,65.8,114.5,41.6,1.774,35.5,88,54
蓬莱,2014-01-24,96,50~143,良,69.8,117.6,28.3,1.692,35.5,84,69
蓬莱,2014-01-25,59,40~111,良,30.4,58.5,15.1,1.3,17.9,82,35
蓬莱,2014-01-26,60,30~185,良,30.4,50.5,21.5,1.486,25,76,44
蓬莱,2014-01-27,56,26~116,良,33.7,60.8,27.8,1.65,23.7,76,42
蓬莱,2014-01-28,73,36~478,良,46.3,46.8,20.1,1.345,19.1,82,43
蓬莱,2014-01-29,50,31~83,良,27.3,52.7,21.4,1.616,17.6,89,25
蓬莱,2014-01-30,124,56~203,轻度污染,91,147.3,35.9,2.082,26.7,71,73
蓬莱,2014-01-31,91,56~176,良,63.4,109.8,35.7,1.761,28,74,28
蓬莱,2014-02-01,47,34~63,优,22.8,45.5,16.1,1.565,20.6,58,20
蓬莱,2014-02-02,74,30~139,良,46.7,81.5,30.3,2.027,33.9,69,41
蓬莱,2014-02-03,53,36~76,良,16.4,58.4,17.1,1.605,22.8,80,52
蓬莱,2014-02-04,44,34~62,优,17.7,36.2,17.2,1.722,18.9,83,53
蓬莱,2014-02-05,39,32~58,优,19.6,32.5,26,1.786,19.5,74,54
蓬莱,2014-02-06,47,28~100,优,24.2,34.1,33.8,1.772,21.7,90,89
蓬莱,2014-02-07,46,42~49,优,16.7,44.7,15.7,1.3,16.3,75,75
蓬莱,2014-02-08,42,37~57,优,19.9,36.4,15.5,1.325,17,88,44
蓬莱,2014-02-09,41,39~53,优,14.9,34,14,1.458,16.6,88,71
蓬莱,2014-02-10,51,40~218,良,19.7,22.7,13.9,1.486,15.2,89,66
蓬莱,2014-02-11,63,41~171,良,36.7,51,26.6,1.935,18.8,98,49
蓬莱,2014-02-12,101,61~133,轻度污染,74.8,108.8,46.3,2.65,27.9,99,100
蓬莱,2014-02-13,53,39~88,良,27.3,53.1,21.9,1.7,21.4,96,44
蓬莱,2014-02-14,113,44~500,轻度污染,80.6,131.5,53.9,2.275,35.8,85,73
蓬莱,2014-02-15,160,94~216,中度污染,121.1,181.9,54.5,2.329,34,121,117
蓬莱,2014-02-16,113,83~158,轻度污染,84.8,123.4,26.2,2.029,23,126,118
蓬莱,2014-02-17,59,41~91,良,31,60.7,15.8,1.578,15.8,100,69
蓬莱,2014-02-18,70,45~110,良,47.3,71,28.6,1.829,26.4,87,105
蓬莱,2014-02-19,82,44~119,良,59.8,88.1,27.4,2.091,30.5,98,94
蓬莱,2014-02-20,63,46~110,良,39,60.4,15.8,1.276,18.5,111,47
蓬莱,2014-02-21,195,135~229,中度污染,147.7,239.1,63.2,2.41,45.4,76,152
蓬莱,2014-02-22,153,110~207,中度污染,115.8,173,47.6,1.935,31.2,100,115
蓬莱,2014-02-23,107,66~178,轻度污染,80.1,117,35.4,1.87,38.8,101,69
蓬莱,2014-02-24,144,107~211,轻度污染,108.6,156.2,37,1.846,29.3,110,89
蓬莱,2014-02-25,158,110~211,中度污染,119.6,170.5,28.7,1.817,30.2,127,119
蓬莱,2014-02-26,167,122~448,中度污染,116.7,193.2,33.1,2.021,34.1,133,137
蓬莱,2014-02-27,100,23~476,良,74.2,81.3,19.8,1.457,19.2,110,86
蓬莱,2014-02-28,49,38~59,优,13.4,47.9,12.5,1.25,18,86,48
蓬莱,2014-03-01,55,33~83,良,26.5,60.2,21.6,1.713,25.3,65,64
蓬莱,2014-03-02,97,59~164,良,66.3,115.8,32.8,2.27,32.5,86,103
蓬莱,2014-03-03,116,76~180,轻度污染,77,153.2,31.5,1.942,27.1,110,130
蓬莱,2014-03-04,74,56~127,良,48.9,84.8,18.9,1.717,16.5,111,98
蓬莱,2014-03-05,69,47~106,良,43.6,71.8,18.4,1.941,24,102,79
蓬莱,2014-03-06,58,39~80,良,34.3,59.5,26.4,1.817,24,89,77
蓬莱,2014-03-07,68,32~250,良,42,63.6,20.9,1.87,23.1,89,85
蓬莱,2014-03-08,130,72~206,轻度污染,96.5,147.5,44.3,2.539,42.5,74,136
蓬莱,2014-03-09,109,39~211,轻度污染,74.9,107.4,16.4,2.009,24,91,99
蓬莱,2014-03-10,64,31~155,良,35.7,70.8,14.2,2.058,21.5,102,51
蓬莱,2014-03-11,100,47~193,轻度污染,67.4,119.5,15.6,2.067,23.2,155,88
蓬莱,2014-03-12,66,39~166,良,34.9,69.7,10.6,1.795,16.3,98,54
蓬莱,2014-03-13,50,34~65,良,18,52,11,1.913,17.4,90,30
蓬莱,2014-03-14,95,58~138,良,64.8,132.5,45.3,3.022,47.8,80,106
蓬莱,2014-03-15,120,88~193,轻度污染,73.5,185.8,39,2.39,48.2,100,125
蓬莱,2014-03-16,126,88~155,轻度污染,91.6,174.7,24.1,2.092,42.7,150,133
蓬莱,2014-03-17,193,95~500,中度污染,97,246.4,22.1,2.035,24.2,166,119
蓬莱,2014-03-18,93,51~211,良,53.6,131.7,9.5,1.6,21.5,128,61
蓬莱,2014-03-19,66,51~82,良,40.3,77.6,10.2,1.541,21.9,111,38
蓬莱,2014-03-20,52,38~75,良,18.1,52.7,9.4,1.479,13.6,91,35
蓬莱,2014-03-21,91,54~152,良,57.8,124.3,28.9,2.196,42.5,92,124
蓬莱,2014-03-22,101,80~119,轻度污染,61.3,148.4,42.3,1.879,39.3,122,132
蓬莱,2014-03-23,131,88~173,轻度污染,96.9,172.3,15.5,2.139,49.2,117,145
蓬莱,2014-03-24,80,53~132,良,49,108.3,15.5,1.78,26.6,150,71
蓬莱,2014-03-25,99,45~171,良,70.9,123.7,11.6,2.089,36.8,95,83
蓬莱,2014-03-26,104,34~237,轻度污染,70,130.9,13.1,2.386,41.2,110,71
蓬莱,2014-03-27,218,99~277,重度污染,167.5,293.8,26.3,3.045,28.7,104,164
蓬莱,2014-03-28,76,52~112,良,22.8,96.6,13.5,1.839,27,129,85
蓬莱,2014-03-29,69,43~102,良,42.3,73.1,9.8,2.067,23.5,100,68
蓬莱,2014-03-30,125,66~233,轻度污染,93.9,156.7,23.6,2.704,28.6,182,118
蓬莱,2014-03-31,153,58~254,中度污染,113.5,199.9,20.2,2.905,37.5,139,154
蓬莱,2014-04-01,85,48~124,良,48.7,115.7,19,2.3,27.1,153,99
蓬莱,2014-04-02,95,67~139,良,61.4,135.5,19.8,2.475,24,132,117
蓬莱,2014-04-03,67,42~106,良,26.9,83.5,11,2.223,20,94,73
蓬莱,2014-04-04,80,42~149,良,34.7,108.2,28.7,2.404,44.9,106,75
蓬莱,2014-04-05,66,44~102,良,21,80.8,31,1.546,32.3,108,56
蓬莱,2014-04-06,107,90~127,轻度污染,48.2,161.5,74.9,1.809,42.1,137,154
蓬莱,2014-04-07,112,101~132,轻度污染,76.2,171.3,36.5,1.348,32.7,141,154
蓬莱,2014-04-08,90,61~121,良,56,127.3,21.5,1.054,28.9,186,80
蓬莱,2014-04-09,89,58~115,良,56.6,122,12.3,0.95,22.6,182,77
蓬莱,2014-04-10,74,64~91,良,52.7,89,8.7,0.963,26.8,112,61
蓬莱,2014-04-11,88,59~107,良,62,116.4,13.6,1.15,38.6,118,107
蓬莱,2014-04-12,77,51~96,良,54.6,90.7,10.2,1.076,33.9,116,94
蓬莱,2014-04-13,58,28~116,良,34.2,66.2,6.8,1.236,28.5,105,47
蓬莱,2014-04-14,155,88~227,中度污染,117.3,198.2,42.4,1.358,37.3,178,156
蓬莱,2014-04-15,158,102~227,中度污染,104,204.8,19.6,1.265,26.2,159,168
蓬莱,2014-04-16,91,59~158,良,58.2,121.6,13,0.991,30.2,160,117
蓬莱,2014-04-17,60,47~82,良,34.9,64.7,8.8,1.058,30.4,104,52
蓬莱,2014-04-18,69,36~100,良,41.9,76.5,7.9,0.873,26.5,136,83
蓬莱,2014-04-19,60,42~74,良,28.3,70,7.2,0.939,21.9,126,92
蓬莱,2014-04-20,101,72~162,轻度污染,64,134,25.6,1.167,30.4,192,146
蓬莱,2014-04-21,104,73~166,轻度污染,72.9,142.7,23.8,1.357,36.9,190,138
蓬莱,2014-04-22,137,71~213,轻度污染,100,187.5,42,1.146,32.6,283,148
蓬莱,2014-04-23,147,98~228,轻度污染,96.3,181.4,23.1,1.109,20.8,188,164
蓬莱,2014-04-24,89,68~107,良,23.8,63.8,4.9,0.691,16.3,192,114
蓬莱,2014-04-25,83,67~106,良,28.3,55.9,5.2,1,19.1,175,121
蓬莱,2014-04-26,66,54~76,良,40.4,74.4,10.5,1.223,33.8,121,110
蓬莱,2014-04-27,53,46~58,良,9.5,18.1,7.9,1.023,20,112,61
蓬莱,2014-04-28,63,45~83,良,29.1,66.3,8.1,1.257,41.3,101,75
蓬莱,2014-04-29,68,48~88,良,31.4,84.8,8.8,1.604,47,113,48
蓬莱,2014-04-30,111,76~197,轻度污染,72.7,152.7,29.9,1.825,60.8,235,118
蓬莱,2014-05-01,104,83~132,轻度污染,59.2,122.7,17,1.509,32.5,207,103
蓬莱,2014-05-02,85,38~135,良,44.5,86.7,10.4,1.368,24.2,213,90
蓬莱,2014-05-03,65,41~82,良,22.8,78.4,10.4,1.271,25.6,139,68
蓬莱,2014-05-04,58,42~73,良,21,56.8,9,1.629,29.9,120,69
蓬莱,2014-05-05,58,39~86,良,25.9,64.8,19.4,1.243,35.5,108,72
蓬莱,2014-05-06,79,40~128,良,34.5,100.8,9.4,0.613,27.1,196,94
蓬莱,2014-05-07,86,66~118,良,52.2,95.1,10.2,0.886,35.5,157,110
蓬莱,2014-05-08,60,44~88,良,34.8,52.2,12.1,0.852,37.9,132,48
蓬莱,2014-05-09,66,51~87,良,39.2,75.1,13,0.71,45.2,139,74
蓬莱,2014-05-10,66,46~86,良,31.4,59.6,11.2,0.542,37,156,117
蓬莱,2014-05-11,65,48~80,良,22.2,28.7,9.5,0.532,21.6,152,127
蓬莱,2014-05-12,85,56~126,良,42.6,71,35,0.909,47,186,128
蓬莱,2014-05-13,88,57~118,良,46.3,90,25.5,0.826,51.7,194,107
蓬莱,2014-05-14,94,52~141,良,50.3,119.3,12.5,0.842,35.1,159,125
蓬莱,2014-05-15,72,36~107,良,42.4,92.8,34.1,1.071,54.1,131,84
蓬莱,2014-05-16,101,78~129,轻度污染,68.3,137.1,25.5,1.164,52,185,119
蓬莱,2014-05-17,69,43~108,良,37.3,64.5,13,0.935,50.1,144,66
蓬莱,2014-05-18,48,30~61,优,23.1,46.4,9.5,0.836,51.6,123,35
蓬莱,2014-05-19,79,60~99,良,48.4,84.4,6.1,0.882,24.6,158,94
蓬莱,2014-05-20,79,49~141,良,54.6,84.8,11.7,0.988,42.9,105,74
蓬莱,2014-05-21,113,57~168,轻度污染,83.7,146.4,16.3,1.39,51.2,139,110
蓬莱,2014-05-22,118,92~141,轻度污染,88.1,162.1,31.1,1.514,51.4,201,133
蓬莱,2014-05-23,86,52~126,良,56.7,104.6,13,1.1,46.7,187,117
蓬莱,2014-05-24,47,38~56,优,13.3,30.8,9.4,0.767,23.4,107,56
蓬莱,2014-05-25,90,33~192,良,39,128.7,13.4,1.317,35.4,175,94
蓬莱,2014-05-26,108,83~173,轻度污染,33.6,154.2,34.4,1.127,42.3,191,113
蓬莱,2014-05-27,107,80~153,轻度污染,60.1,160.4,46.6,1.253,45.5,220,101
蓬莱,2014-05-28,53,36~75,良,18.4,51.2,9.4,1,40.7,113,33
蓬莱,2014-05-29,103,50~171,轻度污染,51.4,121.2,16.1,1.181,39.6,257,91
蓬莱,2014-05-30,109,83~149,轻度污染,75,141.8,17.1,1.341,50,191,99
蓬莱,2014-05-31,95,66~135,良,68.2,128.3,12.3,1.419,57.3,169,99
蓬莱,2014-06-01,67,51~90,良,38,81.9,8.1,1.071,35.1,116,94
蓬莱,2014-06-02,61,50~69,良,24.7,52.2,7.9,0.971,28.6,124,93
蓬莱,2014-06-03,56,49~67,良,25.4,41.7,7.7,0.993,31.5,117,69
蓬莱,2014-06-04,54,36~70,良,30.5,50.7,8.5,1.142,44.3,128,50
蓬莱,2014-06-05,51,31~72,良,26.5,44.1,11.9,1.179,46,98,44
蓬莱,2014-06-06,69,48~99,良,42,79.8,12.8,1.319,51.7,102,85
蓬莱,2014-06-07,46,32~79,优,17.6,42.2,8,1.147,25.6,99,44
蓬莱,2014-06-08,57,42~74,良,27.4,56.9,16.6,1.381,39.2,137,53
蓬莱,2014-06-09,65,57~72,良,20.2,36.1,7.4,1.189,29.6,134,96
蓬莱,2014-06-10,48,41~62,优,26.8,48,6.9,1.214,30.1,65,50
蓬莱,2014-06-11,55,32~66,良,31.9,55.7,8,1.28,33.3,120,57
蓬莱,2014-06-12,69,55~108,良,40.7,64.9,10,1.671,38,123,65
蓬莱,2014-06-13,49,37~63,优,21.9,37.5,9,1.264,35.3,107,26
蓬莱,2014-06-14,51,39~70,良,24.2,40.8,10.3,1.295,43.8,111,20
蓬莱,2014-06-15,116,51~182,轻度污染,83.5,131.1,24.2,1.848,45.5,217,114
蓬莱,2014-06-16,129,94~178,轻度污染,96.8,155.2,30,2.065,35.2,134,140
蓬莱,2014-06-17,95,71~135,良,70.1,114.8,11,1.768,34,168,138
蓬莱,2014-06-18,59,42~102,良,29.8,55.7,13.1,1.605,33.7,202,67
蓬莱,2014-06-19,75,48~100,良,48.7,82.1,10.7,1.879,33.7,167,115
蓬莱,2014-06-20,53,39~89,良,31.9,54.5,5.8,1.595,33.9,98,86
蓬莱,2014-06-21,46,35~55,优,26.3,44.6,5.7,1.455,28.7,78,60
蓬莱,2014-06-22,48,22~60,优,25.1,41.9,6.1,1.473,28,122,66
蓬莱,2014-06-23,65,37~83,良,31.8,51.7,6.8,1.65,28,157,93
蓬莱,2014-06-24,70,53~86,良,40.1,72.8,23,1.705,35.4,156,94
蓬莱,2014-06-25,72,63~78,良,35.1,63,5.5,1.564,25.4,137,123
蓬莱,2014-06-26,95,55~140,良,60.5,102.5,9.7,1.823,29.3,221,139
蓬莱,2014-06-27,66,53~103,良,16,33,6.5,1.555,27.8,140,111
蓬莱,2014-06-28,77,37~123,良,22.7,39.2,22.3,1.761,33.5,235,98
蓬莱,2014-06-29,74,41~112,良,22.6,38.2,12.1,1.657,31.3,184,98
蓬莱,2014-06-30,81,49~111,良,29.4,50.3,10.9,1.641,31.6,188,106
蓬莱,2014-07-01,101,76~136,轻度污染,67.4,104.5,10.9,2.015,31.3,187,130
蓬莱,2014-07-02,85,60~121,良,52.4,95.6,6.9,1.918,28.5,143,135
蓬莱,2014-07-03,72,50~91,良,44,74.6,16.6,1.855,30.5,167,104
蓬莱,2014-07-04,78,51~107,良,45.7,86.7,11.2,1.925,36.2,189,117
蓬莱,2014-07-05,66,52~79,良,27.6,52.7,7.3,1.765,30.4,149,107
蓬莱,2014-07-06,61,41~76,良,14.9,26.7,6.9,1.583,27,135,95
蓬莱,2014-07-07,64,33~93,良,23,42.3,11.6,1.732,35.4,180,74
蓬莱,2014-07-08,59,45~82,良,16,28.6,7.5,1.604,25.4,148,64
蓬莱,2014-07-09,55,35~87,良,25.2,45.1,11,1.759,26.9,166,73
蓬莱,2014-07-10,84,46~130,良,30.7,63,14.1,2.141,26.1,216,118
蓬莱,2014-07-11,116,74~172,轻度污染,69.1,108.3,40.1,2.19,33.7,270,137
蓬莱,2014-07-12,94,51~146,良,50.7,93.7,17.2,2.019,33.9,194,133
蓬莱,2014-07-13,87,42~120,良,46.7,53.5,22.1,2.245,22.5,201,138
蓬莱,2014-07-14,125,91~161,轻度污染,66.9,53.8,34.3,2.227,26.6,317,166
蓬莱,2014-07-15,79,57~107,良,38.3,58.5,10.2,2.057,27.4,169,135
蓬莱,2014-07-16,79,60~101,良,36.9,60.1,8.3,2.068,27.4,180,131
蓬莱,2014-07-17,78,56~98,良,38.4,68.3,7.4,2.1,22.5,176,129
蓬莱,2014-07-18,89,60~138,良,52.6,91,12.2,2.218,24.9,215,135
蓬莱,2014-07-19,94,48~133,良,46.3,82,15.6,2.31,29.6,207,143
蓬莱,2014-07-20,63,31~96,良,23.2,42.6,9.5,1.848,22.1,144,97
蓬莱,2014-07-21,62,34~91,良,28,45.3,6.4,1.821,18.8,163,100
蓬莱,2014-07-22,55,35~76,良,17.8,33.9,8.8,1.9,21.8,135,79
蓬莱,2014-07-23,69,36~231,良,26.6,33.2,11.2,2.304,29.1,189,106
蓬莱,2014-07-24,49,27~72,优,19.7,42.9,8.5,2.125,28.9,117,71
蓬莱,2014-07-25,63,56~70,良,7.5,17.8,5.9,1.827,13,131,109
蓬莱,2014-07-26,94,61~138,良,55.7,83,11.4,2.79,25.3,221,109
蓬莱,2014-07-27,112,86~132,轻度污染,79.3,118.1,25,2.743,53.8,231,136
蓬莱,2014-07-28,118,93~147,轻度污染,75.9,114.1,8.6,2.63,29.5,244,146
蓬莱,2014-07-29,98,74~108,良,51.2,76.7,5.3,2.318,24,180,126
蓬莱,2014-07-30,47,26~69,优,21.2,39.6,5.8,2.105,27.4,109,56
蓬莱,2014-07-31,43,27~55,优,19.5,41.4,7.2,2.148,30.3,75,45
蓬莱,2014-08-01,31,20~48,优,13.2,29.5,7.1,2.035,23.7,69,40
蓬莱,2014-08-02,41,25~55,优,19,29.8,7.7,2.009,26.9,111,45
蓬莱,2014-08-03,49,24~99,优,17.4,29.4,6.7,2.1,15.3,196,49
蓬莱,2014-08-04,82,59~107,良,19.3,37.6,5.5,1.983,16.4,151,117
蓬莱,2014-08-05,37,30~49,优,8.5,19.7,6.8,2.043,23.8,84,31
蓬莱,2014-08-06,41,23~61,优,18.2,33.7,10.1,2.435,32.8,138,51
蓬莱,2014-08-07,74,49~118,良,26.5,49.3,8.9,2.687,31.3,187,127
蓬莱,2014-08-08,82,67~104,良,32.1,54.6,9,2.581,26.7,161,150
蓬莱,2014-08-09,50,38~63,良,15,30.9,8.8,2.31,27.6,117,79
蓬莱,2014-08-10,55,35~85,良,19.4,36.1,14.7,2.31,34.3,151,73
蓬莱,2014-08-11,89,53~127,良,44.1,70.7,14.2,2.609,28.2,157,128
蓬莱,2014-08-12,74,52~100,良,24.5,43.1,11.8,2.413,19.8,176,125
蓬莱,2014-08-13,64,49~82,良,29.9,57.3,11.5,2.532,33.8,147,122
蓬莱,2014-08-14,72,46~112,良,33,50.8,15.7,2.4,34.5,182,136
蓬莱,2014-08-15,101,46~144,轻度污染,53.2,76,12.1,2.33,24.6,218,147
蓬莱,2014-08-16,118,101~133,轻度污染,72.6,112.5,15.1,2.996,25.6,213,166
蓬莱,2014-08-17,80,54~95,良,53.5,89.8,8.7,2.8,27.2,150,143
蓬莱,2014-08-18,55,40~71,良,26.4,38.6,9.9,2.376,20.6,134,87
蓬莱,2014-08-19,77,50~131,良,38.5,55.6,10.8,2.868,17.4,212,121
蓬莱,2014-08-20,97,56~128,良,60.6,98.5,23.1,3.533,30.1,184,141
蓬莱,2014-08-21,107,68~163,轻度污染,79.1,122,25,3.027,25.6,206,131
蓬莱,2014-08-22,122,102~141,轻度污染,88.9,148.3,23,3.308,24.4,210,161
蓬莱,2014-08-23,89,67~104,良,59.2,93.5,11.8,3.005,21,182,135
蓬莱,2014-08-24,60,47~78,良,35,55.2,8.9,2.862,20.8,124,107
蓬莱,2014-08-25,52,48~59,良,16.7,26.1,7,2.517,18.3,112,69
蓬莱,2014-08-26,63,33~102,良,26,40,16.5,2.848,25.3,178,82
蓬莱,2014-08-27,73,43~104,良,39.3,65.7,23,2.926,40.4,190,116
蓬莱,2014-08-28,69,49~96,良,37.9,63.3,12.5,2.832,24.9,153,112
蓬莱,2014-08-29,47,39~56,优,23,34.8,8.7,2.65,25.6,111,52
蓬莱,2014-08-30,46,28~63,优,24,36.4,12.3,2.664,23.5,121,54
蓬莱,2014-08-31,47,36~54,优,22.7,38.8,8.3,2.675,22.7,112,60
蓬莱,2014-09-01,54,37~91,良,27.3,41.2,9.2,2.741,28.1,141,86
蓬莱,2014-09-02,40,32~56,优,19.3,34.7,7.8,2.681,25.5,97,54
蓬莱,2014-09-03,49,36~55,优,10.3,17.2,5.7,2.57,17.3,113,103
蓬莱,2014-09-04,54,30~77,良,25.6,42.9,25.4,2.805,32.8,146,64
蓬莱,2014-09-05,123,72~173,轻度污染,76.1,103.5,21.4,3.364,26.2,252,155
蓬莱,2014-09-06,103,76~141,轻度污染,68.3,99.5,11.3,3.213,22.7,191,147
蓬莱,2014-09-07,71,53~94,良,41.5,61.3,8.9,3.065,25.5,170,88
蓬莱,2014-09-08,74,45~125,良,37.7,60.4,10.5,3.057,21.2,124,107
蓬莱,2014-09-09,49,30~70,优,17,29.2,9.5,2.838,32.3,132,63
蓬莱,2014-09-10,60,36~87,良,25,39.8,9.7,3.013,34.8,152,82
蓬莱,2014-09-11,57,45~72,良,26,43.1,10.5,2.982,29.6,132,95
蓬莱,2014-09-12,55,29~76,良,24.8,42.7,11.9,3.079,35.7,148,108
蓬莱,2014-09-13,64,38~81,良,28.3,44.4,8.3,3.113,26.6,152,127
蓬莱,2014-09-14,59,48~76,良,29.7,54,17,3.171,29.2,137,123
蓬莱,2014-09-15,45,31~61,优,24,35.6,12.5,3.643,24.4,139,84
蓬莱,2014-09-16,53,31~92,良,27,44.9,9.6,3.473,30.2,120,103
蓬莱,2014-09-17,50,39~92,良,26.4,34.3,8.4,3.314,22.5,116,101
蓬莱,2014-09-18,81,50~122,良,42.7,69.6,13.5,4.235,28.5,204,143
蓬莱,2014-09-19,103,75~202,轻度污染,69.7,92.3,19.3,4.1,28.5,186,163
蓬莱,2014-09-20,84,63~99,良,50,72.3,10.9,3.613,21.3,175,143
蓬莱,2014-09-21,64,45~81,良,21.6,31,7.7,3.436,19.7,140,107
蓬莱,2014-09-22,65,49~86,良,31,49.5,10.8,3.536,32,160,106
蓬莱,2014-09-23,54,38~71,良,20.7,33.7,8.1,3.413,19.8,140,86
蓬莱,2014-09-24,47,34~60,优,16.6,25.3,7.8,3.161,15.3,113,55
蓬莱,2014-09-25,52,45~64,良,11.7,19.9,7.7,2.652,17.3,119,36
蓬莱,2014-09-26,59,30~87,良,37.9,55,11,2.996,25.7,149,47
蓬莱,2014-09-27,76,61~97,良,54.4,69.9,13.2,3.352,21.9,142,91
蓬莱,2014-09-28,45,32~65,优,20.6,33.5,10.2,2.974,20.9,109,48
蓬莱,2014-09-29,44,33~65,优,23.9,37.3,7.5,2.917,18.5,116,57
蓬莱,2014-09-30,35,31~40,优,10.2,18,7.6,2.65,16.1,82,33
蓬莱,2014-10-01,45,33~67,优,26.5,38.2,10.2,3.159,26.8,81,34
蓬莱,2014-10-02,49,34~91,优,29.1,34.7,8,3.09,16.3,80,47
蓬莱,2014-10-03,40,34~60,优,16,20.8,7,2.839,21,100,19
蓬莱,2014-10-04,57,48~65,良,38.5,56.6,10.3,3.585,43.5,51,69
蓬莱,2014-10-05,49,30~64,优,25.1,33.4,8.3,3.013,21.6,121,38
蓬莱,2014-10-06,53,43~64,良,22,28.4,6.6,2.877,20.6,117,40
蓬莱,2014-10-07,69,40~100,良,44,56.7,19.8,3.236,27.9,180,57
蓬莱,2014-10-08,99,77~131,良,73,90.7,14.9,3.514,28.9,160,109
蓬莱,2014-10-09,68,47~88,良,42.2,59,12.3,3.268,24.5,148,60
蓬莱,2014-10-10,75,50~105,良,52.3,67.3,9.1,3.4,30.4,143,71
蓬莱,2014-10-11,89,54~135,良,64.9,90.3,12.9,3.61,30.1,162,103
蓬莱,2014-10-12,63,36~120,良,36.2,63,7,3.071,15.2,126,80
蓬莱,2014-10-13,37,33~42,优,13,29,8,2.968,12.3,88,17
蓬莱,2014-10-14,45,35~69,优,22.4,30.8,11.5,3.218,22.7,108,10
蓬莱,2014-10-15,84,43~141,良,57.5,78.3,25.5,3.632,24.9,163,57
蓬莱,2014-10-16,44,38~60,优,15.1,33,12.6,3.071,22.5,81,16
蓬莱,2014-10-17,73,33~121,良,49.7,84,18.8,3.509,31.5,149,57
蓬莱,2014-10-18,137,85~211,轻度污染,102.1,137.8,21.3,3.933,27.9,197,126
蓬莱,2014-10-19,52,33~92,良,17.9,32.2,7.9,3.248,18.2,137,41
蓬莱,2014-10-20,39,33~55,优,16.3,17.6,7.6,3.328,18.7,98,15
蓬莱,2014-10-21,74,49~96,良,53.2,74.3,12.4,2.255,21.7,124,87
蓬莱,2014-10-22,86,70~116,良,63.4,78.7,14.1,1.368,28,143,98
蓬莱,2014-10-23,123,83~179,轻度污染,92.1,127.6,20.9,1.58,35.4,158,128
蓬莱,2014-10-24,128,80~184,轻度污染,92.6,103.2,14.6,1.636,23.6,180,137
蓬莱,2014-10-25,96,71~125,良,59.9,81.1,14.3,1.479,25.7,172,103
蓬莱,2014-10-26,65,39~107,良,28.9,62.1,11,1.091,14.7,146,47
蓬莱,2014-10-27,43,32~64,优,12.3,34.8,9.8,1.015,13.7,82,17
蓬莱,2014-10-28,59,33~105,良,38.8,54.2,15.3,1.484,41.8,91,52
蓬莱,2014-10-29,77,56~117,良,55.5,80.7,22.2,1.586,53.4,98,111
蓬莱,2014-10-30,46,29~74,优,29.9,41.6,10.9,1.348,40.5,79,41
蓬莱,2014-10-31,45,33~59,优,20.1,22.7,9.3,1.233,21.3,116,45
蓬莱,2014-11-01,96,39~192,良,69.1,79.7,12.9,1.678,22.7,104,103
蓬莱,2014-11-02,39,33~58,优,12.6,27.4,10.8,1.21,16.5,83,37
蓬莱,2014-11-03,47,31~94,优,24.1,38,19.3,1.37,27.5,87,37
蓬莱,2014-11-04,79,65~119,良,57.5,76.4,37.7,1.532,39.4,105,83
蓬莱,2014-11-05,107,68~175,轻度污染,79.5,110.3,26.2,1.721,43.8,106,111
蓬莱,2014-11-06,56,27~157,良,33.9,53.6,11.8,1.332,18.2,79,40
蓬莱,2014-11-07,35,30~40,优,16.1,22.2,9.9,1.241,14,81,16
蓬莱,2014-11-08,51,34~76,良,33.7,43.4,21.9,1.762,31.5,82,65
蓬莱,2014-11-09,97,46~148,良,72,66.7,35.3,1.761,36.4,120,119
蓬莱,2014-11-10,224,177~275,重度污染,173.5,206.7,85,2.296,50.8,145,174
蓬莱,2014-11-11,186,39~246,中度污染,142.5,172.1,52,2.125,45.7,104,154
蓬莱,2014-11-12,39,29~55,优,10.9,33.7,12.5,1.422,16,82,33
蓬莱,2014-11-13,43,35~78,优,13,28.7,15.9,1.533,24.3,85,29
蓬莱,2014-11-14,60,25~91,良,28.1,67.5,46.3,1.921,51.5,72,44
蓬莱,2014-11-15,79,35~142,良,48.5,76,50.5,2.13,57.1,72,68
蓬莱,2014-11-16,103,53~160,轻度污染,76.1,78.4,35.3,2.017,34.6,90,95
蓬莱,2014-11-17,94,48~217,良,69,48.3,19.4,2.258,36.3,98,85
蓬莱,2014-11-18,84,59~136,良,61.7,69.1,29.1,2.25,40.1,81,64
蓬莱,2014-11-19,123,64~188,轻度污染,92,99.3,43.8,2.181,46.3,100,112
蓬莱,2014-11-20,131,88~184,轻度污染,98.6,97.5,23.7,2.191,33.8,120,118
蓬莱,2014-11-21,248,198~293,重度污染,196.6,232.3,44.6,2.977,56,84,161
蓬莱,2014-11-22,172,99~266,中度污染,132.5,184.9,27.1,3.295,49.1,88,121
蓬莱,2014-11-23,111,55~175,轻度污染,83.1,121.7,28.7,2.629,67,45,106
蓬莱,2014-11-24,92,33~154,良,66.4,86.2,23.9,2.657,38.7,78,113
蓬莱,2014-11-25,49,32~113,优,32,40.2,14,1.876,26.9,80,40
蓬莱,2014-11-26,64,39~116,良,44.2,57.1,25.6,2.053,45.1,78,53
蓬莱,2014-11-27,139,104~203,轻度污染,104.3,126.7,29.1,2.7,49.1,49,158
蓬莱,2014-11-28,50,22~117,优,34.2,43.8,13.6,2.117,29.1,73,48
蓬莱,2014-11-29,78,48~97,良,56.3,72.3,28.4,2.286,32.6,65,81
蓬莱,2014-11-30,49,29~92,优,31.8,42.2,16.9,2.183,25.2,76,53
蓬莱,2014-12-01,80,32~285,良,21.5,104.4,7.9,1.735,15.3,72,72
蓬莱,2014-12-02,35,33~36,优,9,16.9,7.4,1.536,17.7,69,15
蓬莱,2014-12-03,39,32~46,优,18.9,33.1,12.5,1.98,23.5,74,19
蓬莱,2014-12-04,38,34~52,优,12.3,29.5,8.3,1.692,16.9,76,44
蓬莱,2014-12-05,35,33~36,优,14,20.4,11.7,1.84,19.6,74,22
蓬莱,2014-12-06,43,33~92,优,24.5,28.2,14.5,1.839,26,76,17
蓬莱,2014-12-07,75,36~171,良,54.4,58.8,27.8,2.171,45.2,63,61
蓬莱,2014-12-08,42,32~83,优,26.8,31.3,16.5,2.071,27.6,73,16
蓬莱,2014-12-09,87,35~161,良,63.5,67.7,43.4,2.979,49.8,70,84
蓬莱,2014-12-10,100,60~200,良,70.4,85.5,29,2.508,38.8,69,103
蓬莱,2014-12-11,42,32~74,优,20.3,31.2,11.1,1.809,29.4,75,24
蓬莱,2014-12-12,37,28~67,优,19.3,32.3,13.2,1.838,21.6,69,15
蓬莱,2014-12-13,38,29~71,优,21.1,31,17.3,2.008,27.8,66,8
蓬莱,2014-12-14,99,39~203,良,72,85.4,85.1,2.743,58.6,58,76
蓬莱,2014-12-15,146,50~233,轻度污染,110.1,133.3,68.1,3.135,67.1,54,126
蓬莱,2014-12-16,40,24~94,优,12.1,19,10.3,1.873,66.4,64,32
蓬莱,2014-12-17,51,32~108,良,28.7,35.6,28.3,2.178,33.7,68,47
蓬莱,2014-12-18,91,80~114,良,67.2,83,41.7,2.575,48.3,56,98
蓬莱,2014-12-19,119,51~245,轻度污染,88.9,98.3,35.4,2.787,49,60,119
蓬莱,2014-12-20,30,26~48,优,14.2,20.4,10.6,1.946,21.6,59,10
蓬莱,2014-12-21,29,24~43,优,15.3,21,12.8,2.042,20.6,63,11
蓬莱,2014-12-22,97,54~213,良,70.8,92.3,76.7,2.788,53.1,44,97
蓬莱,2014-12-23,134,82~158,轻度污染,101.6,119.4,67.7,2.996,63.7,39,124
蓬莱,2014-12-24,68,20~181,良,41.9,52.9,24.4,2.335,31.9,76,41
蓬莱,2014-12-25,45,26~96,优,26.3,28,19,2.283,27.2,80,19
蓬莱,2014-12-26,67,26~186,良,47.9,52.7,35.3,2.958,44.8,67,49
蓬莱,2014-12-27,139,49~257,轻度污染,105.3,123.1,120.6,3.37,65.4,46,105
蓬莱,2014-12-28,218,182~285,重度污染,167.6,196.5,129.9,3.613,68.1,50,152
蓬莱,2014-12-29,176,104~297,中度污染,133.9,181.5,133.7,3.546,73.9,53,133
蓬莱,2014-12-30,103,27~235,轻度污染,74.8,102.2,50.3,3.117,42.3,74,72
蓬莱,2014-12-31,35,29~43,优,11.9,25.3,10.3,2.313,17.6,71,24
蓬莱,2015-01-01,35,30~49,优,17.5,20.7,15.4,2.425,18.8,64,37
蓬莱,2015-01-02,52,24~91,良,33.5,36.9,34.9,2.608,30.6,77,61
蓬莱,2015-01-03,82,34~142,良,59.5,70.8,31.4,2.983,38.8,59,109
蓬莱,2015-01-04,275,153~326,重度污染,225.4,255.8,94,4.292,92.5,45,327
蓬莱,2015-01-05,181,31~257,中度污染,137.8,169,35.6,3.641,52.8,64,242
蓬莱,2015-01-06,41,30~60,优,12.9,25.6,9.5,2.414,14.6,77,59
蓬莱,2015-01-07,37,25~70,优,18.3,27.2,13.5,2.625,21.4,74,36
蓬莱,2015-01-08,62,31~124,良,41.8,46.4,41.3,2.914,34.5,67,88
蓬莱,2015-01-09,145,29~231,轻度污染,109.7,123.9,87.1,3.722,67.6,49,221
蓬莱,2015-01-10,96,29~188,良,71,85.7,80.7,3.429,52.4,63,145
蓬莱,2015-01-11,53,26~210,良,30.9,37.2,13.8,2.622,18.6,69,61
蓬莱,2015-01-12,36,31~74,优,16.4,22.2,12.8,2.59,19.2,69,44
蓬莱,2015-01-13,65,42~85,良,46.4,54.1,34.8,3.175,52.2,52,137
蓬莱,2015-01-14,89,56~133,良,65.2,62.1,35.2,3.252,47.5,49,183
蓬莱,2015-01-15,101,76~136,轻度污染,75.1,88.1,24.5,3.37,27.8,56,186
蓬莱,2015-01-16,118,33~224,轻度污染,88.5,100.3,39.5,3.636,35.7,63,191
蓬莱,2015-01-17,79,32~142,良,56.7,69.6,34.4,3.346,32.8,69,137
蓬莱,2015-01-18,124,98~158,轻度污染,93.7,121.4,44.4,3.83,53.8,57,245
蓬莱,2015-01-19,44,31~82,优,23,38.1,14,2.991,26.1,73,36
蓬莱,2015-01-20,53,35~83,良,35,50.8,17.4,3.308,31.2,76,44
蓬莱,2015-01-21,55,31~126,良,37.6,47.7,17.4,3.478,29.6,66,73
蓬莱,2015-01-22,49,31~89,优,31,41.5,22.7,3.463,25.8,65,39
蓬莱,2015-01-23,104,48~154,轻度污染,77.3,87.6,38.7,2.355,36,66,136
蓬莱,2015-01-24,144,82~220,轻度污染,109,151.3,31.1,1.222,38.5,30,215
蓬莱,2015-01-25,71,32~111,良,51.2,69.3,14.3,0.604,27,59,81
蓬莱,2015-01-26,78,22~121,良,55.3,78.6,22.3,0.882,22.3,52,91
蓬莱,2015-01-27,28,25~32,优,8.5,25.3,9.6,0.238,15.7,55,18
蓬莱,2015-01-28,28,24~39,优,11.7,25,12.8,0.296,18.7,54,32
蓬莱,2015-01-29,47,24~88,优,27.1,44.8,24.6,0.709,31.6,55,106
蓬莱,2015-01-30,45,23~106,优,24.8,41.4,14,0.539,22.6,57,86
蓬莱,2015-01-31,36,26~65,优,14.5,34.5,14.3,0.538,25.4,74,37
蓬莱,2015-02-01,66,42~109,良,44.7,69.8,38.6,1.404,48.5,71,128
蓬莱,2015-02-02,103,64~184,轻度污染,76.7,111.7,48.1,1.871,56.6,71,195
蓬莱,2015-02-03,129,93~177,轻度污染,96.9,144.6,52.3,1.535,54.9,84,230
蓬莱,2015-02-04,125,31~267,轻度污染,90.7,138.5,35.3,1.261,40.7,69,183
蓬莱,2015-02-05,37,31~57,优,12.8,31.7,14.7,0.587,19.3,77,32
蓬莱,2015-02-06,68,30~125,良,45.9,70.2,69.5,1.017,54.4,66,93
蓬莱,2015-02-07,84,38~135,良,44.7,99.5,35.6,0.865,36.6,80,147
蓬莱,2015-02-08,43,35~77,优,13.8,33,9.4,0.383,17.8,73,54
蓬莱,2015-02-09,65,32~116,良,43.6,71.5,64.8,0.958,48.7,58,118
蓬莱,2015-02-10,140,94~296,轻度污染,107.4,145.7,92.4,1.725,77.8,86,260
蓬莱,2015-02-11,124,32~215,轻度污染,90,136.1,31,1.426,61.1,79,201
蓬莱,2015-02-12,51,35~109,良,26.2,46.4,12.8,0.804,25.7,79,53
蓬莱,2015-02-13,57,26~125,良,37.8,58.6,26.6,1.178,49.6,80,69
蓬莱,2015-02-14,102,82~121,轻度污染,75.5,121.5,24.6,1.125,37.4,127,167
蓬莱,2015-02-15,71,49~85,良,49.3,81.2,13.7,0.942,46.3,126,106
蓬莱,2015-02-16,118,37~192,轻度污染,87.9,123.6,16.7,1.767,46.8,90,208
蓬莱,2015-02-17,79,39~167,良,50.6,91.6,17.8,1.196,39,86,125
蓬莱,2015-02-18,41,37~54,优,17,30.9,14,0.558,14.7,85,37
蓬莱,2015-02-19,48,36~74,优,27,33.1,21.2,0.65,22.3,85,42
蓬莱,2015-02-20,66,53~78,良,46.3,63.2,18.4,0.841,23,75,193
蓬莱,2015-02-21,57,35~150,良,40.1,44,12.7,0.783,32.3,74,134
蓬莱,2015-02-22,243,74~500,重度污染,54.9,333,9.8,0.7,17.7,76,295
蓬莱,2015-02-23,75,65~95,良,34.3,98.4,19.9,0.991,27.9,75,200
蓬莱,2015-02-24,85,69~112,良,55,115.9,27.8,1.345,36.9,78,230
蓬莱,2015-02-25,102,39~148,轻度污染,76.2,119.2,9,1.227,26.9,72,268
蓬莱,2015-02-26,38,35~42,优,17,30.3,13.1,0.707,16.6,81,75
蓬莱,2015-02-27,38,35~54,优,11.2,26.9,12.6,0.717,13.3,77,104
蓬莱,2015-02-28,40,31~77,优,20.3,35.1,31,0.917,29.2,71,134
蓬莱,2015-03-01,117,79~217,轻度污染,67.8,171.1,33.3,1.254,35.1,86,308
蓬莱,2015-03-02,96,81~130,良,65.2,133,37.7,1.213,41.2,99,274
蓬莱,2015-03-03,62,28~125,良,32.3,68.3,12.8,0.883,20.3,83,134
蓬莱,2015-03-04,38,34~52,优,11.3,22.8,9.2,0.732,16.5,74,62
蓬莱,2015-03-05,53,28~104,良,34.5,53.6,24.1,1.229,37.7,83,140
蓬莱,2015-03-06,72,37~96,良,51.5,78.6,42.5,1.125,38.5,85,196
蓬莱,2015-03-07,93,75~120,良,68.9,105.4,23.1,1.274,46.1,101,251
蓬莱,2015-03-08,87,65~115,良,64,94.8,13.6,1.074,29.3,97,236
蓬莱,2015-03-09,44,32~70,优,12.7,37.8,9.7,0.775,16.6,81,76
蓬莱,2015-03-10,48,29~70,优,18.9,46.2,19.9,1.035,32,79,92
蓬莱,2015-03-11,62,27~108,良,33.2,70.3,43.1,1.136,40.4,89,153
蓬莱,2015-03-12,71,60~85,良,45.6,90.1,19.5,1.154,50.5,80,165
蓬莱,2015-03-13,63,36~113,良,42.3,68.8,20.7,1.225,47.3,94,131
蓬莱,2015-03-14,62,46~91,良,37.6,66.4,18.1,1.213,47.7,87,93
蓬莱,2015-03-15,104,48~158,轻度污染,62.4,151.3,29.5,1.409,40.7,118,195
蓬莱,2015-03-16,100,50~160,良,61.5,122,15.5,1.313,25.2,118,195
蓬莱,2015-03-17,56,41~70,良,36.4,58.6,11.3,1.15,34.3,87,110
蓬莱,2015-03-18,61,36~80,良,41,64.3,15.1,1.287,41.1,85,157
蓬莱,2015-03-19,90,45~185,良,62.9,123.7,43,1.735,56.7,90,217
蓬莱,2015-03-20,187,139~237,中度污染,141.1,278.5,82.6,2.675,69,162,339
蓬莱,2015-03-21,144,56~207,轻度污染,88.3,230.1,47.9,1.988,50.5,93,288
蓬莱,2015-03-22,118,40~500,轻度污染,22.9,153,17,1.038,21.9,85,140
蓬莱,2015-03-23,60,42~86,良,29.8,67.8,27.4,1.5,42.8,79,129
蓬莱,2015-03-24,65,46~87,良,36.8,74.1,21.4,1.456,50.8,86,176
蓬莱,2015-03-25,94,58~113,良,65.7,131.5,38.2,1.55,48.2,126,289
蓬莱,2015-03-26,79,52~118,良,42.4,105.4,33.5,1.296,38.3,119,227
蓬莱,2015-03-27,80,60~105,良,39.2,106.5,28.3,1.109,30.7,155,216
蓬莱,2015-03-28,94,53~150,良,62.7,126.3,20.8,1.333,32.3,140,212
蓬莱,2015-03-29,87,46~174,良,54.7,116.3,12.3,1.335,65.8,121,167
蓬莱,2015-03-30,98,78~146,良,58,128.2,10,1.221,23.5,163,244
蓬莱,2015-03-31,52,32~82,良,26,36.7,6.8,1.175,25.7,107,96
蓬莱,2015-04-01,58,47~76,良,36.5,61.5,12.7,1.3,28.9,91,162
蓬莱,2015-04-02,45,31~65,优,27,34.7,10.1,1.396,24.1,76,111
蓬莱,2015-04-03,51,32~91,良,30.3,39.3,9.2,1.217,25.6,113,118
蓬莱,2015-04-04,79,43~103,良,57.4,76.1,14.7,1.546,46.5,85,234
蓬莱,2015-04-05,55,26~87,良,37.8,54.4,12.3,1.325,44,112,137
蓬莱,2015-04-06,52,39~89,良,17.9,52.1,7.2,1.063,11.8,91,157
蓬莱,2015-04-07,44,40~52,优,16.5,32.2,9.1,1.138,17.2,98,143
蓬莱,2015-04-08,65,53~86,良,41.8,69.3,28.7,1.61,35.1,138,233
蓬莱,2015-04-09,63,46~84,良,36.6,71.8,21.8,1.317,31.7,113,191
蓬莱,2015-04-10,82,46~124,良,55.4,97.6,27.2,1.362,35.1,137,224
蓬莱,2015-04-11,80,65~106,良,48.6,92.1,16.7,1.309,23.1,139,223
蓬莱,2015-04-12,58,32~71,良,33.5,52.5,12.6,1.291,20,128,132
蓬莱,2015-04-13,53,33~67,良,34.9,54,10.1,0.895,19.9,87,103
蓬莱,2015-04-14,68,48~84,良,45.3,79.5,26.6,1.153,32.2,131,149
蓬莱,2015-04-15,88,65~125,良,56.8,109.3,31.7,1.171,38.6,139,201
蓬莱,2015-04-16,62,35~114,良,21.9,75.1,14.4,0.852,19.3,78,83
蓬莱,2015-04-17,93,47~138,良,31.1,133.3,16.2,0.878,23.1,109,176
蓬莱,2015-04-18,71,48~89,良,29.7,90.2,12.6,0.865,27.9,84,152
蓬莱,2015-04-19,72,32~100,良,42.8,90.9,8.9,0.931,16.6,82,229
蓬莱,2015-04-20,81,63~109,良,52.1,107.4,26.2,1.614,36.4,92,277
蓬莱,2015-04-21,75,34~107,良,42.1,98.5,31.8,1.164,30.4,134,230
蓬莱,2015-04-22,61,47~90,良,31,65.5,17,0.976,33,130,138
蓬莱,2015-04-23,91,64~139,良,59.7,119.5,21.6,0.917,31,209,233
蓬莱,2015-04-24,90,59~119,良,44.9,126.6,23,0.8,29.8,136,232
蓬莱,2015-04-25,107,63~150,轻度污染,62,138.6,42.6,1.019,37.8,233,247
蓬莱,2015-04-26,104,71~134,轻度污染,60.5,127.2,26,0.932,46.5,224,261
蓬莱,2015-04-27,106,74~138,轻度污染,40.3,83.1,14.7,0.725,37.7,194,285
蓬莱,2015-04-28,64,46~75,良,33.6,63.1,12,0.667,32.6,126,136
蓬莱,2015-04-29,49,29~79,优,26.7,49,9.3,0.724,36.6,91,64
蓬莱,2015-04-30,58,33~80,良,31.2,60.7,12.8,0.841,56.6,70,84
蓬莱,2015-05-01,57,34~74,良,18.9,37.7,8.4,0.696,24.1,140,134
蓬莱,2015-05-02,47,36~57,优,20.2,37.3,9.5,0.743,36.8,90,113
蓬莱,2015-05-03,50,22~87,优,30.6,53.2,9.3,1.023,27.5,132,102
蓬莱,2015-05-04,58,38~99,良,19.1,66.8,15.6,0.767,24.5,99,135
蓬莱,2015-05-05,82,43~105,良,39.2,105.5,21.5,0.739,34.3,178,224
蓬莱,2015-05-06,86,67~110,良,40,118.5,17.6,0.743,25.9,125,226
蓬莱,2015-05-07,68,45~91,良,39.2,80.2,16.6,0.772,37.9,123,141
蓬莱,2015-05-08,73,36~98,良,49.3,78.4,18.3,0.885,42.6,129,231
蓬莱,2015-05-09,40,32~51,优,20,36,13.7,0.645,21.2,86,65
蓬莱,2015-05-10,45,30~63,优,23.4,43.9,18.7,0.643,35.6,100,85
蓬莱,2015-05-11,43,28~61,优,23.4,30.3,20.1,1.157,30.7,104,112
蓬莱,2015-05-12,56,40~76,良,31.4,52.3,26.7,0.814,28.7,120,144
蓬莱,2015-05-13,81,65~111,良,33.5,99.7,24.5,0.75,38.8,187,237
蓬莱,2015-05-14,94,60~165,良,56.6,127.1,18.4,0.89,26.3,152,255
蓬莱,2015-05-15,58,45~71,良,35,61.2,14.6,0.632,37,116,167
蓬莱,2015-05-16,76,43~96,良,39.8,81.5,28.5,0.818,78.8,169,216
蓬莱,2015-05-17,88,67~115,良,43.5,112,15,0.833,67.2,188,242
蓬莱,2015-05-18,88,57~121,良,54.6,97.8,20.5,1.055,64.1,197,242
蓬莱,2015-05-19,95,54~174,良,38.6,132.7,18,0.77,27.2,138,243
蓬莱,2015-05-20,47,34~66,优,15,42,13.1,0.627,29.4,102,110
蓬莱,2015-05-21,85,40~130,良,45.9,91.2,42,1.133,34.7,228,263
蓬莱,2015-05-22,71,54~90,良,38.1,72.9,22.5,0.877,39.3,154,208
蓬莱,2015-05-23,56,47~65,良,23,43.1,13,0.683,37.7,141,138
蓬莱,2015-05-24,59,36~82,良,28.5,54.7,16.4,0.765,41.7,158,125
蓬莱,2015-05-25,71,51~96,良,32.7,61.6,12.1,0.809,27.3,173,166
蓬莱,2015-05-26,90,49~145,良,53.2,94.8,9.3,0.885,36.9,237,211
蓬莱,2015-05-27,58,44~90,良,23.4,42.6,7.4,0.735,32.5,145,124
蓬莱,2015-05-28,53,43~74,良,29,53.2,6.4,0.648,32.6,122,112
蓬莱,2015-05-29,44,36~56,优,22.5,33.3,6.5,0.691,24.3,91,79
蓬莱,2015-05-30,51,21~80,良,27.2,47.5,8.1,0.818,48.7,127,144
蓬莱,2015-05-31,82,40~128,良,32.2,78.5,7.8,0.824,38.2,204,221
蓬莱,2015-06-01,78,53~105,良,27,68.5,8.2,0.81,37.7,176,209
蓬莱,2015-06-02,58,41~88,良,35.1,55,12,0.758,22.9,120,183
蓬莱,2015-06-03,70,42~95,良,29,76,16.7,0.939,28.7,169,268
蓬莱,2015-06-04,89,47~157,良,41.6,86.4,20.3,0.995,26.3,247,263
蓬莱,2015-06-05,82,53~115,良,38.9,75,17.6,0.982,26.4,218,264
蓬莱,2015-06-06,104,65~159,轻度污染,49.9,152.9,11.9,0.96,22.7,226,283
蓬莱,2015-06-07,87,55~119,良,47.8,92.8,9.1,0.943,23.7,170,291
蓬莱,2015-06-08,59,33~83,良,31,49.2,11,0.9,23.5,150,211
蓬莱,2015-06-09,81,52~117,良,37,65.9,10,0.945,19.6,197,242
蓬莱,2015-06-10,79,58~103,良,38.8,59.6,5,0.914,15.5,173,247
蓬莱,2015-06-11,66,50~89,良,26.6,41.9,9.4,0.952,18.5,160,218
蓬莱,2015-06-12,68,52~91,良,25.2,58.9,16.8,1.026,30,163,207
蓬莱,2015-06-13,60,40~81,良,35.2,61,10.8,1.032,28.2,151,191
蓬莱,2015-06-14,72,52~89,良,43.3,58.3,12,1.03,17.8,145,238
蓬莱,2015-06-15,65,57~80,良,42.1,61.7,10.8,1.078,28.6,135,204
蓬莱,2015-06-16,114,64~163,轻度污染,69.4,125.6,16.5,0.909,30.3,245,311
蓬莱,2015-06-17,111,84~141,轻度污染,72,125.1,13,0.962,26.6,196,310
蓬莱,2015-06-18,81,72~92,良,36.4,58.3,9.5,0.616,23.9,146,294
蓬莱,2015-06-19,54,40~75,良,28.5,49.1,11.4,0.6,28,117,163
蓬莱,2015-06-20,53,43~81,良,17.7,27.1,9.8,0.519,16.6,138,146
蓬莱,2015-06-21,68,49~80,良,32.3,48.7,12.3,0.663,21.4,145,209
蓬莱,2015-06-22,67,55~76,良,28.8,48.3,9.1,0.604,17.4,144,224
蓬莱,2015-06-23,59,48~72,良,32.8,53.7,7.9,0.621,18.8,137,190
蓬莱,2015-06-24,55,43~66,良,32.9,51.5,9.5,0.596,20.6,155,212
蓬莱,2015-06-25,43,33~56,优,26.3,40,8.4,0.552,24.6,90,159
蓬莱,2015-06-26,42,31~54,优,21.1,30.4,7.8,0.488,19.4,108,124
蓬莱,2015-06-27,67,52~83,良,37.7,60.7,10,0.663,23.1,151,264
蓬莱,2015-06-28,63,48~81,良,29.7,46.6,9.6,0.542,16.5,147,244
蓬莱,2015-06-29,48,42~58,优,22.7,40.5,9.1,0.513,16.2,109,182
蓬莱,2015-06-30,46,36~63,优,22.4,37.9,8.7,0.695,14.3,130,165
蓬莱,2015-07-01,73,43~125,良,46,64.8,11.7,0.961,20.3,180,262
蓬莱,2015-07-02,77,56~111,良,35.4,50.1,9.7,1.004,23.5,163,287
蓬莱,2015-07-03,42,29~66,优,12.9,26,8,0.682,18.8,104,107
蓬莱,2015-07-04,60,33~89,良,27.1,46.3,9.3,0.796,23.3,163,195
蓬莱,2015-07-05,53,35~80,良,19.2,36.3,9.1,0.821,24.4,133,177
蓬莱,2015-07-06,57,44~75,良,31.4,53.2,9.2,0.883,24.4,125,192
蓬莱,2015-07-07,49,40~65,优,26.9,45.4,9.4,0.879,21.3,125,126
蓬莱,2015-07-08,62,41~89,良,32.6,57,12.2,0.835,29.3,155,176
蓬莱,2015-07-09,57,37~66,良,22.8,46.6,10.7,0.725,23.5,128,164
蓬莱,2015-07-10,49,16~67,优,23.2,52.1,9.8,0.829,31.9,89,141
蓬莱,2015-07-11,42,24~61,优,22.7,38.4,9.3,0.742,23.5,130,112
蓬莱,2015-07-12,37,20~59,优,19.2,21.8,6.9,0.688,17.1,131,73
蓬莱,2015-07-13,81,41~125,良,38.9,58.4,10.6,1.3,26.5,202,196
蓬莱,2015-07-14,78,39~109,良,40.2,65.3,13.7,1.05,45.3,188,193
蓬莱,2015-07-15,82,59~115,良,43.8,78,14.1,0.914,31,194,259
蓬莱,2015-07-16,65,45~99,良,38.8,75.6,11.1,0.794,28.4,100,204
蓬莱,2015-07-17,44,31~56,优,15.4,38.9,9.8,0.613,24,116,98
蓬莱,2015-07-18,49,34~65,优,20.5,51.1,11.1,0.69,29.2,113,131
蓬莱,2015-07-19,43,30~55,优,20.8,36.7,7.7,0.648,19.7,123,83
蓬莱,2015-07-20,41,32~54,优,23.1,36.9,9,0.713,25.7,90,83
蓬莱,2015-07-21,36,20~55,优,20.5,35.3,10.8,0.767,24.3,118,90
蓬莱,2015-07-22,36,22~53,优,20.8,36.3,8.3,0.663,26.1,84,102
蓬莱,2015-07-23,35,14~58,优,17.7,35,8,0.738,27.4,108,122
蓬莱,2015-07-24,41,27~56,优,20.8,41.8,9,0.779,29.6,78,143
蓬莱,2015-07-25,61,32~94,良,42.6,64.6,10.2,0.871,25,174,211
蓬莱,2015-07-26,104,61~123,轻度污染,77.6,125.8,12.5,1.167,29.5,192,322
蓬莱,2015-07-27,72,59~89,良,51.3,84.7,8.5,0.988,25.5,169,263
蓬莱,2015-07-28,51,22~73,良,32.3,54,8,0.967,20.5,118,178
蓬莱,2015-07-29,82,54~114,良,59.2,97,11.4,1.008,28.3,202,311
蓬莱,2015-07-30,40,28~82,优,20.9,39.5,9.3,0.717,20,122,136
蓬莱,2015-07-31,42,23~61,优,23.8,41.6,9.3,0.733,24.9,133,163
蓬莱,2015-08-01,52,36~69,良,31,56.3,8.6,0.763,29.3,124,197
蓬莱,2015-08-02,66,37~87,良,41.5,80.1,7.5,0.808,20.1,134,270
蓬莱,2015-08-03,41,23~68,优,24,41.3,8,0.746,23,130,136
蓬莱,2015-08-04,33,19~58,优,14.2,25.8,10.1,0.733,20.4,116,89
蓬莱,2015-08-05,48,26~63,优,30.3,49.7,9.1,0.913,29,114,165
蓬莱,2015-08-06,31,16~48,优,14.6,28.3,7.4,0.667,19.9,88,65
蓬莱,2015-08-07,32,17~55,优,16.5,30.4,8.8,0.792,29.8,93,71
蓬莱,2015-08-08,42,24~60,优,23.3,42.8,7.3,0.613,28.3,88,147
蓬莱,2015-08-09,36,20~55,优,20.4,35.1,10.3,0.513,21,72,124
蓬莱,2015-08-10,45,25~60,优,27.3,46.8,10.4,0.596,23.4,118,196
蓬莱,2015-08-11,68,50~102,良,45.3,70.9,7.8,0.821,23.2,199,271
蓬莱,2015-08-12,76,36~127,良,50.2,84,12,1.017,20.1,214,247
蓬莱,2015-08-13,108,79~132,轻度污染,81.3,125.7,15.2,1.283,27.9,212,326
蓬莱,2015-08-14,111,54~147,轻度污染,83.2,127.3,22.9,1.246,28.8,234,323
蓬莱,2015-08-15,68,52~95,良,47.8,74.3,12.5,0.85,22.9,158,265
蓬莱,2015-08-16,99,84~112,良,73.5,107.8,9.4,0.996,21.5,222,316
蓬莱,2015-08-17,95,79~112,良,69.5,109.1,12.1,1.123,27.3,198,282
蓬莱,2015-08-18,86,68~97,良,63.2,99.6,9.3,1.146,27.3,181,279
蓬莱,2015-08-19,70,53~82,良,49.4,79,8.3,0.925,24.5,106,286
蓬莱,2015-08-20,74,46~115,良,53.3,76.1,12.6,1.004,26.9,152,292
蓬莱,2015-08-21,65,26~122,良,43.3,69,9.5,0.929,24.3,143,189
蓬莱,2015-08-22,46,32~53,优,20.3,45.3,8.5,0.7,26.8,159,128
蓬莱,2015-08-23,43,34~55,优,20.8,39.2,7.9,0.742,24.6,141,121
蓬莱,2015-08-24,54,38~78,良,33.9,54.1,8.8,0.967,26.2,182,189
蓬莱,2015-08-25,27,20~45,优,12.7,25.4,7.4,0.678,19.3,110,39
蓬莱,2015-08-26,33,26~44,优,15,26.8,7.4,0.709,21.2,108,52
蓬莱,2015-08-27,34,26~40,优,13.5,26.1,7.5,0.7,21.7,128,64
蓬莱,2015-08-28,45,30~59,优,22.2,41.1,9.1,0.808,28,159,124
蓬莱,2015-08-29,60,40~103,良,38.2,60.6,12.8,0.883,20,205,209
蓬莱,2015-08-30,57,38~84,良,38.9,59.8,10.2,0.875,24.4,144,184
蓬莱,2015-08-31,52,36~67,良,32.3,53.3,8.8,0.842,26.6,158,170
蓬莱,2015-09-01,44,29~64,优,26,43,8.6,0.708,23.7,108,144
蓬莱,2015-09-02,40,31~50,优,15,25.3,7.6,0.692,21.3,157,134
蓬莱,2015-09-03,48,29~80,优,31.9,27.5,8.8,0.838,27.8,151,182
蓬莱,2015-09-04,47,38~65,优,27.8,44.5,8.7,0.846,26.6,135,187
蓬莱,2015-09-05,53,40~63,良,33.4,51.5,9.3,0.858,24.5,158,252
蓬莱,2015-09-06,50,38~64,良,25.8,49.1,8.8,0.825,27.5,154,221
蓬莱,2015-09-07,48,32~67,优,18.8,41.1,9.5,0.7,28.5,173,171
蓬莱,2015-09-08,49,32~59,优,27.6,49.2,11.5,0.783,28.8,160,160
蓬莱,2015-09-09,38,23~55,优,14.1,32.3,9,1.004,26.2,142,115
蓬莱,2015-09-10,37,25~50,优,15.9,32.8,8.4,0.583,22.2,150,118
蓬莱,2015-09-11,30,24~40,优,10.3,21.5,9.2,0.613,19.7,112,86
蓬莱,2015-09-12,26,20~40,优,10,22,8.4,0.533,19.6,90,65
蓬莱,2015-09-13,55,27~93,良,25.8,59.1,23.5,0.979,34,194,194
蓬莱,2015-09-14,76,53~112,良,48,80.3,20.8,1.079,35.1,223,262
蓬莱,2015-09-15,48,29~71,优,28.7,50,15.3,0.833,29.3,146,121
蓬莱,2015-09-16,59,44~84,良,37.5,63,15.7,0.848,30.6,154,173
蓬莱,2015-09-17,62,43~92,良,38,70.9,17.6,0.829,35.6,166,182
蓬莱,2015-09-18,79,56~104,良,49,98.5,21.4,1.088,42,203,248
蓬莱,2015-09-19,110,87~139,轻度污染,82.9,128.9,15.7,1.15,29,142,312
蓬莱,2015-09-20,51,40~59,良,22.8,51.9,11.3,0.65,48.3,152,150
蓬莱,2015-09-21,48,27~62,优,24.1,48,12.3,0.608,24.3,160,133
蓬莱,2015-09-22,40,30~51,优,19,36.4,8.9,0.571,17.8,140,118
蓬莱,2015-09-23,42,26~59,优,24,42.3,13.7,0.675,24.9,138,131
蓬莱,2015-09-24,57,40~84,良,39.8,59.8,13.8,0.796,26.5,140,213
蓬莱,2015-09-25,57,40~84,良,36.2,55.2,12.9,1.129,28.6,150,205
蓬莱,2015-09-26,47,25~71,优,22,50.2,13.7,1.017,37.3,120,146
蓬莱,2015-09-27,64,23~110,良,31.8,64.8,16.1,0.954,31.8,219,212
蓬莱,2015-09-28,45,30~62,优,23.8,46.2,12.3,0.704,24.9,147,140
蓬莱,2015-09-29,31,20~49,优,9.8,29.3,9,0.521,16.5,86,77
蓬莱,2015-09-30,37,20~65,优,12.8,38.6,11.6,0.654,26.3,83,110
蓬莱,2015-10-01,31,22~63,优,17.1,31.1,9,0.7,14.6,117,86
蓬莱,2015-10-02,70,23~133,良,42.9,92.9,30.3,0.963,30.6,189,201
蓬莱,2015-10-03,65,30~148,良,37.3,78,14.8,0.788,24.5,144,145
蓬莱,2015-10-04,46,26~60,优,18.6,48.1,12.2,0.746,21.8,124,117
蓬莱,2015-10-05,76,46~102,良,52.4,97.2,11.8,0.971,22.1,173,236
蓬莱,2015-10-06,82,51~138,良,60.1,96.3,18.6,1.058,26.7,190,238
蓬莱,2015-10-07,44,34~55,优,24.8,43.4,12.2,0.779,19.5,116,144
蓬莱,2015-10-08,46,26~92,优,21.9,47.8,10.5,0.7,17.3,85,164
蓬莱,2015-10-09,67,24~112,良,28.6,88.8,24.8,0.983,28.6,114,224
蓬莱,2015-10-10,31,16~46,优,11,30.4,10.8,0.65,13.6,74,83
蓬莱,2015-10-11,24,18~42,优,8,22.6,11.2,0.771,16.2,76,42
蓬莱,2015-10-12,43,20~66,优,17.8,42.8,12.1,0.892,27.8,102,86
蓬莱,2015-10-13,79,27~129,良,41,109.1,44.3,1.529,45.5,194,202
蓬莱,2015-10-14,89,62~127,良,54.7,116,17.7,1.258,37.7,187,186
蓬莱,2015-10-15,122,104~169,轻度污染,92,146,13.5,1.308,34.3,188,265
蓬莱,2015-10-16,153,124~205,中度污染,116,180.6,17.5,1.513,39,197,299
蓬莱,2015-10-17,95,68~139,良,70.6,111.5,12.3,1.171,28.5,184,204
蓬莱,2015-10-18,66,45~97,良,37.7,71.1,12,0.838,19.8,131,148
蓬莱,2015-10-19,83,44~145,良,58.1,99.5,14.4,1.108,38.9,118,194
蓬莱,2015-10-20,131,108~149,轻度污染,99.1,165.5,13,1.408,32.8,96,306
蓬莱,2015-10-21,99,46~149,良,73.8,109.7,10.5,1.2,22.8,148,243
蓬莱,2015-10-22,44,22~59,优,27.6,44.2,10.5,0.846,23.7,76,59
蓬莱,2015-10-23,129,62~186,轻度污染,97.2,134.5,13.4,1.463,31.5,84,280
蓬莱,2015-10-24,67,32~139,良,42.7,57,12.1,1.204,21.1,92,135
蓬莱,2015-10-25,48,32~65,优,29.1,47.1,13.2,0.829,23.9,88,106
蓬莱,2015-10-26,60,48~83,良,39.1,65.1,14.3,0.971,33.6,81,161
蓬莱,2015-10-27,71,42~104,良,20,91.8,11.1,0.733,17.6,75,227
蓬莱,2015-10-28,49,21~89,优,26.9,55,14,1,33,69,115
蓬莱,2015-10-29,33,22~50,优,15.6,32,12.4,0.679,21.3,72,60
蓬莱,2015-10-30,34,22~64,优,15.3,34.3,14.6,0.596,22.6,66,77
蓬莱,2015-10-31,61,26~104,良,39.1,67.3,24.8,0.867,37.3,88,210
蓬莱,2015-11-01,101,52~149,轻度污染,75.4,108.5,38.4,1.079,46.2,75,289
蓬莱,2015-11-02,112,74~172,轻度污染,83.9,111.1,41.9,1.138,40.9,106,266
蓬莱,2015-11-03,120,69~189,轻度污染,90.6,113,22.8,0.95,30.5,144,262
蓬莱,2015-11-04,74,46~89,良,54,75.3,12.5,0.871,36.1,100,156
蓬莱,2015-11-05,62,43~79,良,41.9,62.5,10.8,0.733,26.5,92,150
蓬莱,2015-11-06,82,59~104,良,59.8,78.8,8.3,0.942,22.7,49,279
蓬莱,2015-11-07,103,19~233,轻度污染,77,76.8,7.9,1.113,20.3,69,225
蓬莱,2015-11-08,208,89~361,重度污染,166.4,171,7.5,1.175,20.6,80,335
蓬莱,2015-11-09,91,54~175,良,65.2,77.6,9.1,0.755,12.6,90,213
蓬莱,2015-11-10,109,84~158,轻度污染,81.5,90.8,10.4,0.513,16.4,113,268
蓬莱,2015-11-11,141,92~189,轻度污染,106.7,120.3,12.2,1.317,46.7,94,303
蓬莱,2015-11-12,137,77~200,轻度污染,102.8,124.3,17,1.325,37.3,105,288
蓬莱,2015-11-13,76,26~124,良,55.9,68.6,11.7,0.863,31.2,87,204
蓬莱,2015-11-14,77,46~104,良,56.3,68.6,13.2,1.354,32.7,38,203
蓬莱,2015-11-15,144,102~180,轻度污染,109.4,117.5,17.3,1.988,29.1,70,312
蓬莱,2015-11-16,100,70~124,良,74.4,85.8,12,1.171,22.7,79,295
蓬莱,2015-11-17,92,35~222,良,67.2,59.5,16.2,0.767,19.5,61,217
蓬莱,2015-11-18,63,49~77,良,44.3,45.7,11.7,0.558,17,74,247
蓬莱,2015-11-19,71,46~103,良,50.9,64.5,11,0.808,19,70,211
蓬莱,2015-11-20,57,43~70,良,40,46.6,12.7,0.821,28.5,48,141
蓬莱,2015-11-21,70,40~112,良,50.6,61.5,17.2,1.208,48.8,36,218
蓬莱,2015-11-22,47,35~62,优,32.7,35.9,14.7,0.817,44.7,58,169
蓬莱,2015-11-23,35,26~49,优,22.2,31.4,12.2,0.746,39.5,66,106
蓬莱,2015-11-24,35,20~73,优,11.7,36.7,11.9,0.721,28.2,68,141
蓬莱,2015-11-25,26,20~33,优,13.3,24.8,11.2,0.767,12.9,74,63
蓬莱,2015-11-26,34,21~74,优,9.5,34.9,13,0.829,29.7,72,87
蓬莱,2015-11-27,65,20~123,良,47.4,62.8,25.8,1.346,31.8,74,166
蓬莱,2015-11-28,124,62~214,轻度污染,93.5,119.7,42.5,1.192,54.4,68,257
蓬莱,2015-11-29,154,105~221,中度污染,117,147.4,43.7,1.308,48,67,287
蓬莱,2015-11-30,61,23~134,良,41.5,59.9,22.9,0.771,38.5,67,107
蓬莱,2015-12-01,111,40~204,轻度污染,82.1,98.1,20.1,1.013,41.2,62,213
蓬莱,2015-12-02,108,28~215,轻度污染,77.9,109.7,19.9,1.442,36.2,61,245
蓬莱,2015-12-03,46,28~58,优,15.8,47,11.7,0.554,14.1,65,117
蓬莱,2015-12-04,42,19~60,优,22.8,43.8,15.2,0.8,23.8,62,103
蓬莱,2015-12-05,37,20~62,优,22.8,33.3,14.3,0.708,21.7,72,100
蓬莱,2015-12-06,58,20~160,良,40.5,57.5,24.9,1.563,46.1,67,146
蓬莱,2015-12-07,70,35~148,良,49.8,69.7,27.7,1.442,53.5,66,152
蓬莱,2015-12-08,137,82~244,轻度污染,103.6,133.3,35.1,1.713,56.9,49,253
蓬莱,2015-12-09,96,54~156,良,71.2,91.7,14.6,1.446,44.1,80,218
蓬莱,2015-12-10,86,22~203,良,63.4,69.1,11.1,1.288,31,68,178
蓬莱,2015-12-11,35,23~52,优,22,33.3,10.3,0.617,18.5,70,55
蓬莱,2015-12-12,71,52~137,良,51,65.8,13.8,1.308,35.6,66,158
蓬莱,2015-12-13,109,64~175,轻度污染,81.2,99.7,18,1.642,42.5,46,232
蓬莱,2015-12-14,98,57~202,良,72.8,88.3,24.3,1.383,31.8,60,213
蓬莱,2015-12-15,72,28~220,良,41.3,69.6,14.5,0.871,21.5,64,142
蓬莱,2015-12-16,27,19~44,优,12.3,26.5,12.1,0.738,16.8,60,43
蓬莱,2015-12-17,32,15~59,优,16.4,32.2,19.1,0.921,25.5,60,45
蓬莱,2015-12-18,98,64~169,良,72.5,109.8,60.8,1.613,57,47,250
蓬莱,2015-12-19,101,54~219,轻度污染,75.1,92,28.3,1.971,57.3,49,200
蓬莱,2015-12-20,115,87~186,轻度污染,86.8,104.3,19.8,1.433,43,60,219
蓬莱,2015-12-21,299,208~388,重度污染,244.8,301,68.2,3.433,97.2,45,326
蓬莱,2015-12-22,268,203~364,重度污染,218.3,291.8,62.6,2.892,75.7,36,313
蓬莱,2015-12-23,241,186~364,重度污染,191.6,233.8,29.5,2.167,54.5,69,279
蓬莱,2015-12-24,125,34~284,轻度污染,96,126.4,22.3,1.321,28.9,70,180
蓬莱,2015-12-25,131,45~278,轻度污染,100.4,126.3,24.2,1.367,41.3,66,214
蓬莱,2015-12-26,127,24~272,轻度污染,97.3,132.3,33.9,1.338,41.1,62,179
蓬莱,2015-12-27,26,18~40,优,13,23.9,10.2,0.342,17.5,58,26
蓬莱,2015-12-28,71,21~127,良,50.3,71.8,24.3,1.096,37.9,52,137
蓬莱,2015-12-29,159,112~189,中度污染,120.3,156.8,46.3,1.692,57.5,56,275
蓬莱,2015-12-30,153,67~233,中度污染,116.2,160.8,28.5,2.104,52.3,57,240
蓬莱,2015-12-31,65,25~134,良,47.2,67.6,31.5,1.021,38.3,62,92
蓬莱,2016-01-01,109,74~139,轻度污染,82,110.6,28.2,1.338,43.5,76,167
蓬莱,2016-01-02,167,98~274,中度污染,128.5,165.3,43.1,2.25,61.4,72,231
蓬莱,2016-01-03,211,64~270,重度污染,165,216.5,24,2.529,49.7,56,273
蓬莱,2016-01-04,39,30~60,优,25.3,37.2,14.9,0.629,19,66,43
蓬莱,2016-01-05,45,26~67,优,30.2,44.3,26.3,1.104,38.4,61,97
蓬莱,2016-01-06,44,20~66,优,29.5,44.5,20.6,1.017,31.6,66,91
蓬莱,2016-01-07,29,18~66,优,16.3,26.8,14.5,0.646,21.2,66,36
蓬莱,2016-01-08,38,21~65,优,23.1,36.4,15.9,0.988,30.5,61,50
蓬莱,2016-01-09,119,36~272,轻度污染,90.6,126.6,61.9,1.708,57.4,58,192
蓬莱,2016-01-10,134,24~270,轻度污染,101.6,141.4,61,1.654,48.5,70,196
蓬莱,2016-01-11,26,21~36,优,15.2,23.3,10.5,0.671,14.7,71,45
蓬莱,2016-01-12,31,18~59,优,20.4,29.5,16.6,0.942,24.4,69,49
蓬莱,2016-01-13,41,25~61,优,19.3,41.8,14.8,0.979,27.7,68,65
蓬莱,2016-01-14,140,46~212,轻度污染,105.1,158,64.8,2.063,67.4,44,263
蓬莱,2016-01-15,168,112~274,中度污染,129,211.7,85.1,2.342,76.7,74,300
蓬莱,2016-01-16,187,74~231,中度污染,141.5,229.3,38,2.171,57.4,64,306
蓬莱,2016-01-17,63,24~138,良,42.5,72.2,12,0.996,32.2,77,125
蓬莱,2016-01-18,34,24~51,优,14.7,31.9,12.1,0.863,17,78,41
蓬莱,2016-01-19,26,22~49,优,10.3,19.3,9.2,0.692,15,78,16
蓬莱,2016-01-20,27,21~36,优,15.5,25,11.8,0.796,21.4,78,20
蓬莱,2016-01-21,41,26~54,优,27.1,40.2,15.1,0.958,20.1,70,100
蓬莱,2016-01-22,35,28~53,优,22,33.5,13.8,0.867,20.4,76,97
蓬莱,2016-01-23,40,21~93,优,12.8,34.5,16.3,0.913,57.2,75,112
蓬莱,2016-01-24,42,20~74,优,9,32.4,17,1,56.6,74,104
蓬莱,2016-01-25,58,30~93,良,37,61.6,30.2,1.521,44.2,76,148
蓬莱,2016-01-26,86,54~134,良,62.8,105.3,68.1,1.975,49.5,71,233
蓬莱,2016-01-27,72,57~104,良,48.6,87.1,37.3,2.125,47.7,69,142
蓬莱,2016-01-28,103,59~175,轻度污染,77.1,115.8,30.5,2.442,50.5,76,224
蓬莱,2016-01-29,56,31~123,良,35.3,58.5,13,1.242,23.7,76,125
蓬莱,2016-01-30,24,20~46,优,12,22.5,10.4,0.613,12.8,72,16
蓬莱,2016-01-31,46,23~87,优,29.2,46.6,20,1.208,26.7,76,114
蓬莱,2016-02-01,44,26~89,优,28.3,41.7,20.4,1.075,24,82,98
蓬莱,2016-02-02,76,43~129,良,54.3,78.2,47.7,1.654,47.5,65,145
蓬莱,2016-02-03,105,49~158,轻度污染,78.2,112.5,68,1.913,56.6,90,199
蓬莱,2016-02-04,76,30~142,良,52.8,79.8,36.8,1.463,40.1,76,138
蓬莱,2016-02-05,41,26~63,优,24.6,40.1,24.3,1.108,29.3,87,64
蓬莱,2016-02-06,42,26~60,优,23.9,40.7,20.7,1.088,29,84,68
蓬莱,2016-02-07,82,40~210,良,56.6,94.5,55.4,1.567,37.3,95,161
蓬莱,2016-02-08,141,107~175,轻度污染,106.3,179,51.6,1.692,43.2,107,206
蓬莱,2016-02-09,68,42~109,良,47.7,72.5,25.3,1.325,36.2,90,125
蓬莱,2016-02-10,54,34~84,良,31.5,57.2,14.3,1.096,23.4,114,101
蓬莱,2016-02-11,62,46~97,良,42.6,53.5,11,1.313,31.7,82,150
蓬莱,2016-02-12,40,23~97,优,24.4,31.2,10.5,1.217,48.3,88,61
蓬莱,2016-02-13,38,20~59,优,16.6,31.9,14.8,0.946,28,94,122
蓬莱,2016-02-14,31,24~51,优,9,29.4,10.3,1.129,17,88,108
蓬莱,2016-02-15,31,22~52,优,11.2,27.5,12,1.333,13.3,86,96
蓬莱,2016-02-16,58,44~67,良,21.3,66.7,17.5,1.433,24.4,83,245
蓬莱,2016-02-17,54,32~77,良,29.9,59,27.2,1.654,32.3,80,132
蓬莱,2016-02-18,72,32~122,良,47.9,80.2,27.8,1.596,31.4,73,182
蓬莱,2016-02-19,47,30~62,优,29.3,47.4,21.6,1.438,34.6,66,59
蓬莱,2016-02-20,45,26~90,优,25.3,43.1,15.8,1.321,22,84,68
蓬莱,2016-02-21,53,35~67,良,31.5,56.7,34,1.417,25.5,88,66
蓬莱,2016-02-22,108,42~230,轻度污染,79.1,126,21.7,1.688,26.8,92,200
蓬莱,2016-02-23,57,28~210,良,36.1,61.6,15,1.267,14.2,90,132
蓬莱,2016-02-24,55,28~80,良,34.1,61.2,34,1.646,29.6,89,141
蓬莱,2016-02-25,73,37~142,良,53,77.6,34.2,1.742,32.4,84,170
蓬莱,2016-02-26,87,52~242,良,64,89.2,38.3,1.921,43.8,82,213
蓬莱,2016-02-27,96,59~178,良,70.8,106.5,30.2,2.208,46.1,65,251
蓬莱,2016-02-28,60,42~84,良,42,55.9,15.4,1.471,19,112,136
蓬莱,2016-02-29,35,23~67,优,12.6,33.3,11.6,1.425,11.1,87,50
蓬莱,2016-03-01,59,20~113,良,36.1,73.1,25.2,1.575,28.7,114,105
蓬莱,2016-03-02,127,85~186,轻度污染,95.7,138.3,27.2,1.888,39.2,145,259
蓬莱,2016-03-03,149,132~175,轻度污染,113.3,171.2,22.1,1.879,29.4,205,292
蓬莱,2016-03-04,117,64~206,轻度污染,87.3,123,15.5,1.642,34.2,180,218
蓬莱,2016-03-05,94,52~182,良,61.1,121.9,14.5,1.846,24.6,104,152
蓬莱,2016-03-06,139,89~193,轻度污染,59.5,228.8,24.9,1.779,27.3,106,238
蓬莱,2016-03-07,95,78~110,良,50.5,139.3,15.3,1.463,25.8,82,201
蓬莱,2016-03-08,38,26~77,优,20.3,40.7,13.8,1.292,13.9,86,87
蓬莱,2016-03-09,36,24~56,优,14,35.2,14.3,1.254,12,82,137
蓬莱,2016-03-10,47,33~66,优,24.1,48.2,25.2,1.761,26,80,179
蓬莱,2016-03-11,83,45~130,良,56.1,99.8,44.7,2.033,43.7,83,250
蓬莱,2016-03-12,113,74~165,轻度污染,85.3,125.8,25.8,1.858,35.7,106,285
蓬莱,2016-03-13,87,54~132,良,63.1,85.8,15,1.779,27.3,102,222
蓬莱,2016-03-14,71,51~91,良,41.6,89.7,41.3,1.933,42.9,103,156
蓬莱,2016-03-15,75,54~95,良,40.5,99.3,19.4,1.571,26,114,133
蓬莱,2016-03-16,65,39~97,良,43.6,74,17.7,1.542,26.8,154,111
蓬莱,2016-03-17,66,49~95,良,47.4,63,10.8,1.571,19.4,168,116
蓬莱,2016-03-18,98,28~208,良,73.2,103,20.1,1.883,31.4,198,168
蓬莱,2016-03-19,66,23~216,良,44.3,68.3,13.1,1.721,31.7,102,99
蓬莱,2016-03-20,66,40~94,良,46.1,69.8,17,1.696,31.7,148,129
蓬莱,2016-03-21,92,54~238,良,67.8,108.9,29.1,2.158,50.6,144,217
蓬莱,2016-03-22,84,40~320,良,45.9,110.3,13.3,1.704,22,120,181
蓬莱,2016-03-23,41,29~57,优,19.3,40.9,10.6,1.588,15.8,91,106
蓬莱,2016-03-24,37,26~50,优,17.2,35,12.4,1.738,28.3,85,86
蓬莱,2016-03-25,44,23~67,优,24.4,45.4,20.7,1.946,35.1,92,80
蓬莱,2016-03-26,89,55~156,良,65.5,98.8,52,2.754,51.1,112,247
蓬莱,2016-03-27,78,30~127,良,52.5,100.5,44.3,2.408,49.9,92,217
蓬莱,2016-03-28,91,57~139,良,57.4,124.1,27.7,1.954,28,135,239
蓬莱,2016-03-29,71,44~104,良,40.1,92.8,18.1,1.921,28.4,99,152
蓬莱,2016-03-30,64,46~97,良,36.9,76.6,24.2,1.883,31.6,106,119
蓬莱,2016-03-31,70,56~101,良,34.3,87.7,12.7,1.725,19.8,165,144
蓬莱,2016-04-01,108,76~139,轻度污染,78.9,132.6,16,2.267,27.3,157,268
蓬莱,2016-04-02,75,38~134,良,46.9,77.1,10.6,2.05,22.3,155,163
蓬莱,2016-04-03,52,38~70,良,29.8,56.1,13.2,1.954,38.8,88,158
蓬莱,2016-04-04,67,54~85,良,33,84.8,24.1,2.038,31.3,138,228
蓬莱,2016-04-05,100,59~139,良,72.7,120.2,31.3,2.317,30.7,170,296
蓬莱,2016-04-06,65,48~97,良,36.7,72.7,11.3,1.792,18.2,138,222
蓬莱,2016-04-07,93,32~155,良,63.6,123.6,24.1,2.333,41.5,114,251
蓬莱,2016-04-08,93,58~150,良,52.5,129.5,19.9,2.333,33,117,257
蓬莱,2016-04-09,138,85~236,轻度污染,86,201.5,30.3,2.433,32.8,170,313
蓬莱,2016-04-10,75,50~114,良,38.6,95.3,10.5,1.946,20.9,108,219
蓬莱,2016-04-11,57,48~69,良,27,64.1,10.8,1.854,20.7,110,143
蓬莱,2016-04-12,71,56~103,良,30.7,92,11.3,1.992,16.3,130,200
蓬莱,2016-04-13,96,55~232,良,71.1,103.6,13.6,2.408,37.4,162,231
蓬莱,2016-04-14,95,49~200,良,68.2,108.8,13.2,2.242,30.5,138,212
蓬莱,2016-04-15,80,43~121,良,40.6,110.9,10.6,2.119,20.6,164,220
蓬莱,2016-04-16,48,32~64,优,27.6,46.7,9.6,2.052,17.7,134,148
蓬莱,2016-04-17,50,36~69,优,26,50.3,12,2.175,25.6,120,160
蓬莱,2016-04-18,45,36~52,优,23.3,44,11.2,2.113,23.9,108,139
蓬莱,2016-04-19,51,36~65,良,29.4,53.7,10.9,2.175,19.1,158,116
蓬莱,2016-04-20,48,34~63,优,27.3,50,12.5,1.658,21.3,127,144
蓬莱,2016-04-21,85,50~145,良,60.8,92.1,20.3,0.858,36.8,250,242
蓬莱,2016-04-22,239,78~500,重度污染,96.9,319,15.5,0.783,27.9,158,329
蓬莱,2016-04-23,154,125~205,中度污染,73.3,257,13.7,0.571,33.8,90,337
蓬莱,2016-04-24,184,104~289,中度污染,87.5,301.3,13.8,0.621,31.2,126,346
蓬莱,2016-04-25,112,97~141,轻度污染,72.8,165.1,19.5,0.754,33.2,150,326
蓬莱,2016-04-26,78,60~98,良,53,100.2,16,0.717,50.9,111,265
蓬莱,2016-04-27,79,66~104,良,56.8,94.6,12.9,0.8,37.5,110,268
蓬莱,2016-04-28,64,50~74,良,37.3,69.3,11.5,0.592,27.3,134,187
蓬莱,2016-04-29,77,52~148,良,41.7,103,14.2,0.779,37.5,176,190
蓬莱,2016-04-30,92,72~104,良,65.9,111.1,17.5,0.904,29.6,196,267
蓬莱,2016-05-01,85,64~103,良,55.9,103.5,13.1,0.867,20.8,189,250
蓬莱,2016-05-02,56,43~69,良,37,60.8,11.1,0.688,27.2,160,158
蓬莱,2016-05-03,44,32~52,优,15.5,44.3,9.4,0.55,18.2,110,94
蓬莱,2016-05-04,54,38~70,良,32.7,51,14.6,0.867,26.2,134,123
蓬莱,2016-05-05,61,36~79,良,39.9,69,7.5,0.825,27.5,160,175
蓬莱,2016-05-06,92,51~340,良,47,118,8.2,0.913,22.6,104,205
蓬莱,2016-05-07,52,30~73,良,24.3,56.9,10.1,0.7,28.3,104,148
蓬莱,2016-05-08,61,46~80,良,28.8,72.5,8.1,0.654,28.6,102,230
蓬莱,2016-05-09,39,26~58,优,17.9,35.7,7.7,0.613,24.8,106,73
蓬莱,2016-05-10,85,26~152,良,62.1,83.1,15.2,1.167,29.3,140,243
蓬莱,2016-05-11,77,52~116,良,50.3,92.1,14.4,0.988,24.8,184,197
蓬莱,2016-05-12,73,20~124,良,53.2,81.9,8.5,0.95,15.3,166,184
蓬莱,2016-05-13,46,20~74,优,30.8,40.4,14.2,0.85,19.8,134,109
蓬莱,2016-05-14,52,38~61,良,28,55.3,10.8,0.754,31.4,82,151
蓬莱,2016-05-15,56,19~87,良,40,48,10.3,1.314,23,113,217
蓬莱,2016-05-16,57,34~77,良,31,65.9,23.6,1,26,149,182
蓬莱,2016-05-17,64,44~80,良,38,75.1,16.7,0.883,26.9,167,175
蓬莱,2016-05-18,62,45~77,良,39.9,65.8,12,0.833,23.1,176,146
蓬莱,2016-05-19,49,37~60,优,26.2,50.3,8.8,0.763,27,146,83
蓬莱,2016-05-20,50,27~68,良,32.3,50.7,11.1,0.829,38.6,132,144
蓬莱,2016-05-21,51,38~68,良,33.8,52.7,11.4,0.8,45.9,118,197
蓬莱,2016-05-22,54,40~75,良,34.5,57.1,12.3,0.8,37.9,136,220
蓬莱,2016-05-23,68,40~82,良,47.8,71.8,11.4,0.917,37.2,132,255
蓬莱,2016-05-24,59,34~109,良,32.9,61.8,13.4,0.913,23.8,127,187
蓬莱,2016-05-25,71,32~125,良,45,80.5,14,1.013,27,146,219
蓬莱,2016-05-26,64,31~99,良,35,80.6,21.2,1.083,35.5,166,223
蓬莱,2016-05-27,79,53~99,良,50.1,107,15.4,1.214,40.9,125,293
蓬莱,2016-05-28,98,60~165,良,72.5,116.1,23.2,1.375,27.9,149,315
蓬莱,2016-05-29,71,38~134,良,50.6,80.3,14.9,1.221,22.9,175,250
蓬莱,2016-05-30,104,68~149,轻度污染,74.6,133.3,21.2,1.633,27.7,224,314
蓬莱,2016-05-31,66,26~99,良,38.5,84.1,11.5,1.008,21.5,139,203
蓬莱,2016-06-01,41,22~77,优,21.5,37.2,12.7,0.683,28.8,142,135
蓬莱,2016-06-02,47,35~64,优,29.9,45.4,14.1,0.795,28.8,150,165
蓬莱,2016-06-03,46,39~58,优,22.8,45.6,7.5,0.563,16.6,136,165
蓬莱,2016-06-04,34,26~40,优,14.5,26.2,7.9,0.525,16.5,126,84
蓬莱,2016-06-05,37,28~56,优,20.4,36.4,9.2,0.626,21.8,116,91
蓬莱,2016-06-06,39,30~51,优,19.5,39,8.8,0.6,19.6,145,86
蓬莱,2016-06-07,49,32~69,优,29.1,50.5,10.9,0.625,19.8,108,160
蓬莱,2016-06-08,63,52~79,良,41.6,68,10.3,0.775,20.3,130,225
蓬莱,2016-06-09,74,50~105,良,50.3,82,10.8,0.917,20.4,181,269
蓬莱,2016-06-10,40,23~59,优,18.8,40.7,6.5,0.558,11.9,100,121
蓬莱,2016-06-11,54,34~87,良,35.7,57.4,10.2,1.021,16.9,152,212
蓬莱,2016-06-12,42,27~54,优,25.5,39.2,9.3,0.746,17.6,130,162
蓬莱,2016-06-13,57,37~71,良,29.8,59.8,15.8,0.783,26.3,176,215
蓬莱,2016-06-14,41,27~66,优,22.9,39.9,8.9,0.696,16.3,120,122
蓬莱,2016-06-15,41,24~57,优,22.5,38.8,8.3,0.817,17.8,122,144
蓬莱,2016-06-16,60,30~118,良,29.3,49.6,18.3,0.954,22.4,236,206
蓬莱,2016-06-17,76,56~109,良,42.7,92,13,0.875,21.1,199,278
蓬莱,2016-06-18,86,65~103,良,59.7,91.8,11.7,0.929,20.3,205,320
蓬莱,2016-06-19,46,28~76,优,24.1,40.9,11.3,0.613,23.8,167,187
蓬莱,2016-06-20,63,49~79,良,43.2,72.2,9.8,0.792,22.7,156,273
蓬莱,2016-06-21,35,18~62,优,22,34.3,6.4,0.617,15.2,134,107
蓬莱,2016-06-22,44,32~70,优,25.5,42.4,7.7,0.688,20.9,114,161
蓬莱,2016-06-23,33,16~52,优,18.4,31.9,7.5,0.738,18.1,93,129
蓬莱,2016-06-24,34,23~54,优,18.8,29.8,9.4,0.733,18.8,120,155
蓬莱,2016-06-25,51,30~69,良,24.3,54.5,18.1,1.338,32.4,116,246
蓬莱,2016-06-26,57,24~102,良,25.5,61.8,16.1,0.788,25.8,204,213
蓬莱,2016-06-27,73,52~94,良,48.8,78.9,10.5,0.942,18.3,189,281
蓬莱,2016-06-28,47,0~70,优,28,40.9,8.1,0.689,16.3,114,190
蓬莱,2016-06-29,38,24~55,优,20.2,33.7,7.2,0.829,15,136,140
蓬莱,2016-06-30,48,30~89,优,27.9,44.5,7.5,0.971,16.9,118,198
蓬莱,2016-07-01,34,23~51,优,15.8,26.5,6.7,0.75,18.2,121,159
蓬莱,2016-07-02,44,35~67,优,28.1,36,7.3,0.813,17.7,142,189
蓬莱,2016-07-03,47,33~57,优,24.8,47,8.5,0.933,19.5,158,198
蓬莱,2016-07-04,51,34~85,良,33.4,52.5,7.8,0.958,17.9,98,215
蓬莱,2016-07-05,35,23~51,优,19,29.6,7.6,0.858,14.4,88,129
蓬莱,2016-07-06,37,23~54,优,17,36.1,9.7,0.85,23.4,106,144
蓬莱,2016-07-07,36,19~62,优,18.1,31.3,8.7,0.838,19.1,99,132
蓬莱,2016-07-08,25,9~58,优,13.6,23,7.8,0.733,17,70,60
蓬莱,2016-07-09,34,20~61,优,16.8,34.3,7.9,0.754,21.3,66,110
蓬莱,2016-07-10,44,26~57,优,23.7,44.3,9.8,0.808,25.3,147,161
蓬莱,2016-07-11,35,22~52,优,15.3,34.8,9.4,0.754,19.3,106,104
蓬莱,2016-07-12,29,18~44,优,14.5,28.8,8.8,0.771,16.4,110,84
蓬莱,2016-07-13,32,20~41,优,15.6,28,9,0.813,18.1,127,108
蓬莱,2016-07-14,42,25~62,优,21.2,37.2,10.1,0.875,20.3,160,186
蓬莱,2016-07-15,44,27~61,优,23.3,43.9,7.7,0.963,25.3,112,198
蓬莱,2016-07-16,27,22~35,优,6.9,14.2,6.5,0.763,12.2,112,65
蓬莱,2016-07-17,33,18~55,优,14.8,30.9,9.7,0.9,17.7,110,88
蓬莱,2016-07-18,66,39~84,良,44.6,80.2,8.1,1.179,17.5,148,265
蓬莱,2016-07-19,48,27~64,优,28.5,50.2,8.5,0.992,16.3,106,213
蓬莱,2016-07-20,27,16~38,优,14.5,26.8,7.3,0.817,14.2,68,82
蓬莱,2016-07-21,45,30~60,优,27.8,40.8,6.8,0.813,14.9,131,204
蓬莱,2016-07-22,43,28~59,优,22.1,41.5,8,0.771,19,135,162
蓬莱,2016-07-23,38,27~59,优,20,33.8,6.5,0.754,17.5,121,113
蓬莱,2016-07-24,61,35~100,良,32.2,65.1,8.7,0.896,20.3,200,222
蓬莱,2016-07-25,52,40~65,良,30.7,55.4,8.8,0.713,15.8,139,191
蓬莱,2016-07-26,55,21~500,良,58.2,23.1,9.5,0.65,17.4,114,109
蓬莱,2016-07-27,42,29~60,优,25.1,37.5,9.5,0.817,17.3,153,129
蓬莱,2016-07-28,56,38~79,良,31.5,59.3,8.8,1,20.8,183,197
蓬莱,2016-07-29,72,57~90,良,49.1,88.8,7,1.021,23.1,161,280
蓬莱,2016-07-30,57,40~68,良,32.5,64.5,8.4,0.954,28.8,128,210
蓬莱,2016-07-31,41,22~62,优,21.6,33,7.2,0.742,16.6,140,140
蓬莱,2016-08-01,31,20~43,优,16.5,27.5,7.3,0.679,17.1,107,91
蓬莱,2016-08-02,30,22~49,优,13.1,25.7,8.6,0.671,17.6,143,83
蓬莱,2016-08-03,25,15~35,优,16.3,17.1,8.5,0.608,14.8,78,72
蓬莱,2016-08-04,34,20~68,优,19,28.7,9.4,0.583,16,82,119
蓬莱,2016-08-05,36,20~52,优,19.8,33.8,8.7,0.604,19.2,138,127
蓬莱,2016-08-06,41,25~64,优,23.7,37.7,8.5,0.642,19.3,160,145
蓬莱,2016-08-07,33,20~53,优,18.9,31.5,7.5,0.633,13.2,104,117
蓬莱,2016-08-08,24,15~40,优,13.6,23.7,6.5,0.583,14.4,74,53
蓬莱,2016-08-09,38,29~54,优,21.1,37.4,9.3,0.667,17.6,118,130
蓬莱,2016-08-10,42,24~74,优,26.8,37,10.2,0.542,15.5,134,164
蓬莱,2016-08-11,49,26~92,优,27.2,37.9,13,0.292,18.6,133,197
蓬莱,2016-08-12,45,24~63,优,23.9,47.4,11.3,0.496,16.4,160,177
蓬莱,2016-08-13,57,32~84,良,37.5,67.2,12.1,0.675,25.9,169,245
蓬莱,2016-08-14,66,50~95,良,42.6,77.6,15.5,0.746,22.4,176,294
蓬莱,2016-08-15,45,23~64,优,26,47.3,10.9,0.846,19.7,126,191
蓬莱,2016-08-16,47,25~100,优,20.2,38,12.8,1.438,21,200,175
蓬莱,2016-08-17,52,44~60,良,25.5,51.7,13.1,0.904,24.4,168,190
蓬莱,2016-08-18,43,23~61,优,20,43.5,12,0.592,21.7,137,158
蓬莱,2016-08-19,30,22~51,优,15.9,28.3,9.5,0.45,16.7,84,91
蓬莱,2016-08-20,30,22~56,优,15.3,27.9,9,0.504,24.2,112,72
蓬莱,2016-08-21,37,17~50,优,18.1,33,10.8,0.6,31.1,160,93
蓬莱,2016-08-22,45,29~68,优,19.2,34.1,11.1,0.509,22.1,174,134
蓬莱,2016-08-23,43,25~64,优,16.2,31.3,11.9,0.421,22,171,113
蓬莱,2016-08-24,61,35~108,良,26.7,60.3,16.8,0.625,23.3,216,178
蓬莱,2016-08-25,40,23~68,优,19.3,37.6,10,0.371,17.6,132,128
蓬莱,2016-08-26,32,22~76,优,13.8,27.8,11.8,0.338,13.2,126,111
蓬莱,2016-08-27,37,28~44,优,13.5,27.1,12,0.508,17.8,140,119
蓬莱,2016-08-28,38,31~45,优,12.8,24.5,11.8,0.513,14.6,144,103
蓬莱,2016-08-29,40,32~53,优,14.4,29,12.6,0.571,13.1,150,92
蓬莱,2016-08-30,40,31~62,优,12.5,35.9,11.5,0.438,10.3,132,105
蓬莱,2016-08-31,56,24~120,良,20,42.8,14.5,0.792,17.6,240,163
蓬莱,2016-09-01,31,20~53,优,12.3,26.2,13,0.5,18.2,106,92
蓬莱,2016-09-02,37,23~50,优,14.6,29,11.7,0.763,18.7,148,100
蓬莱,2016-09-03,39,32~46,优,19.5,33.1,13.1,0.779,17.2,146,73
蓬莱,2016-09-04,45,32~70,优,25.4,41.2,12.5,0.725,16.5,138,101
蓬莱,2016-09-05,56,43~75,良,32.5,59.3,12.4,0.829,18.8,180,170
蓬莱,2016-09-06,68,49~95,良,44.5,70.9,22.6,1.017,26.4,196,249
蓬莱,2016-09-07,47,35~69,优,24.4,43.3,11,0.821,17.7,162,162
蓬莱,2016-09-08,68,38~114,良,37.3,50.5,11.7,1.096,20.9,228,217
蓬莱,2016-09-09,89,53~126,良,55.5,86.8,17.2,1.217,23.5,251,274
蓬莱,2016-09-10,57,40~68,良,36,57,12.5,0.925,21.7,174,218
蓬莱,2016-09-11,51,38~69,良,30.2,48,11,0.938,20.8,150,190
蓬莱,2016-09-12,47,39~53,优,26.3,43.1,10,0.871,21.1,160,145
蓬莱,2016-09-13,44,30~54,优,24.8,39.2,10.5,0.883,20.4,162,106
蓬莱,2016-09-14,54,43~79,良,33.6,51.5,12.5,0.933,22.7,161,157
蓬莱,2016-09-15,80,58~107,良,55.5,93.2,15,1.238,19.4,214,288
蓬莱,2016-09-16,46,35~53,优,28,46.3,12,0.788,20.4,126,178
蓬莱,2016-09-17,44,31~69,优,24.9,42.7,10.2,0.735,14.8,134,160
蓬莱,2016-09-18,25,20~32,优,10,23.8,8.9,0.542,13,90,40
蓬莱,2016-09-19,33,28~39,优,8.9,26.1,9.8,0.507,11.6,124,66
蓬莱,2016-09-20,40,0~60,优,15.9,31,10.1,0.725,17.6,135,99
蓬莱,2016-09-21,38,25~53,优,15.7,34.9,11.2,0.758,22.4,130,60
蓬莱,2016-09-22,63,28~131,良,19.8,58.5,18.3,0.979,19.9,262,154
蓬莱,2016-09-23,87,31~500,良,98.7,49.1,11.5,0.896,23.8,146,138
蓬莱,2016-09-24,46,29~59,优,14.8,48.1,9.5,0.763,15.8,158,96
蓬莱,2016-09-25,51,40~70,良,20,49.5,9.8,0.771,17.4,154,131
蓬莱,2016-09-26,44,31~53,优,21.2,43.1,9.1,0.833,17.3,142,88
蓬莱,2016-09-27,43,24~56,优,20.2,42.1,11.4,0.892,16.5,120,128
蓬莱,2016-09-28,28,22~33,优,10.8,27.3,6.9,0.617,10,88,86
蓬莱,2016-09-29,29,22~49,优,11.4,25.3,9.3,0.774,16.8,106,92
蓬莱,2016-09-30,42,26~60,优,17.2,43.5,12,1,30.3,111,140
蓬莱,2016-10-01,47,28~61,优,20.8,48.1,11.4,0.992,27.3,162,144
蓬莱,2016-10-02,38,21~53,优,19.8,37,9.9,1.113,31.3,86,108
蓬莱,2016-10-03,53,28~89,良,34.2,61.5,13.7,1.208,34.8,153,175
蓬莱,2016-10-04,44,24~69,优,21.8,45.5,9.6,0.971,23.3,107,120
蓬莱,2016-10-05,33,21~58,优,15.8,29.8,8.5,0.85,14.5,96,61
蓬莱,2016-10-06,25,17~41,优,13.1,20.8,9.7,0.817,15,96,30
蓬莱,2016-10-07,31,21~44,优,15.4,30.6,10.8,0.917,18.4,89,65
蓬莱,2016-10-08,30,21~62,优,11,25.4,8.2,0.754,10.5,90,80
蓬莱,2016-10-09,31,18~51,优,12.5,28.6,10.3,0.796,15.5,86,80
蓬莱,2016-10-10,53,42~64,良,27,57.7,15,0.958,24.8,134,192
蓬莱,2016-10-11,59,38~79,良,40.1,65.6,15.4,1.142,22.8,110,216
蓬莱,2016-10-12,41,27~67,优,22.5,40.3,9.8,0.813,22.6,92,105
蓬莱,2016-10-13,65,25~104,良,44.1,77.3,11.9,0.829,23.5,162,200
蓬莱,2016-10-14,97,85~115,良,71.9,116,13.8,0.971,26.1,182,317
蓬莱,2016-10-15,60,45~88,良,37.6,67.4,7.9,0.713,20.3,127,196
蓬莱,2016-10-16,40,25~64,优,25.1,39.9,7,0.754,17.8,96,86
蓬莱,2016-10-17,56,29~80,良,38.5,53.8,8.7,1.067,16.1,131,153
蓬莱,2016-10-18,57,51~66,良,32.5,63.8,10.3,1.358,28.2,161,152
蓬莱,2016-10-19,88,60~139,良,64,106.6,11.9,1.588,29.4,151,245
蓬莱,2016-10-20,73,28~117,良,46.7,90.4,10,1.283,20.7,124,220
蓬莱,2016-10-21,46,25~63,优,23.6,48.9,10,0.954,24.2,86,191
蓬莱,2016-10-22,38,24~64,优,23.4,36.3,8,0.704,15.2,96,171
蓬莱,2016-10-23,35,22~62,优,18.4,35.3,9.6,0.808,21.5,62,135
蓬莱,2016-10-24,37,17~52,优,18.9,36.4,9.3,0.983,27.6,54,119
蓬莱,2016-10-25,47,20~83,优,30.9,43.4,11.7,1.133,26.2,102,156
蓬莱,2016-10-26,55,22~89,良,31,60.3,11.5,1.15,25.8,82,193
蓬莱,2016-10-27,31,22~54,优,13.3,28.4,10,0.708,21.5,84,101
蓬莱,2016-10-28,27,22~36,优,10,22.3,8.5,0.571,10.6,101,93
蓬莱,2016-10-29,37,21~64,优,13.2,36.5,10,0.604,19.6,76,142
蓬莱,2016-10-30,58,32~87,良,33.7,64.3,15.5,0.867,30.2,92,226
蓬莱,2016-10-31,25,19~43,优,9.5,20.6,8.5,0.442,12.3,75,48
蓬莱,2016-11-01,30,19~54,优,15.7,28.6,12.4,0.85,26.6,64,68
蓬莱,2016-11-02,72,32~112,良,50.9,73.1,22.3,1.238,39.1,99,208
蓬莱,2016-11-03,101,65~155,轻度污染,74.7,114.1,14.1,1.354,37.1,94,252
蓬莱,2016-11-04,91,68~119,良,65.8,112,11,1.508,39.4,92,217
蓬莱,2016-11-05,133,70~340,轻度污染,102.4,157,12.2,1.55,37.1,154,220
蓬莱,2016-11-06,84,59~119,良,61.7,86.4,12.9,1.071,27.5,109,150
蓬莱,2016-11-07,64,33~95,良,44.5,66.3,9.6,0.992,24.2,76,147
蓬莱,2016-11-08,27,20~47,优,12.9,25.3,7.7,0.6,10.9,68,63
蓬莱,2016-11-09,33,19~62,优,15,33.8,10.4,0.95,25.7,75,100
蓬莱,2016-11-10,52,27~80,良,27.8,56.5,10.5,1.067,26.9,72,163
蓬莱,2016-11-11,90,69~129,良,61.4,113.8,14.3,1.446,31.8,98,262
蓬莱,2016-11-12,75,61~95,良,46.3,99.2,11.9,1.378,30.4,75,188
蓬莱,2016-11-13,88,60~118,良,62.2,117.2,11.6,1.688,36.9,94,194
蓬莱,2016-11-14,78,40~151,良,45.5,105,11.7,1.533,22.8,96,144
蓬莱,2016-11-15,43,36~54,优,27,40.6,10.6,0.852,18.6,64,60
蓬莱,2016-11-16,54,40~83,良,34.2,59.5,12.9,1.135,35.3,81,95
蓬莱,2016-11-17,66,50~109,良,41.1,79.3,14.1,1.608,39.6,102,141
蓬莱,2016-11-18,58,20~95,良,37.8,69,7.7,1.213,33.2,78,153
蓬莱,2016-11-19,34,20~47,优,19.3,33.5,7.7,0.804,16.8,64,0
蓬莱,2016-11-20,39,24~52,优,14.7,39.4,7.9,0.533,14.5,72,0
蓬莱,2016-11-21,27,17~38,优,10,22.3,10,0.517,13.4,73,0
蓬莱,2016-11-22,22,20~33,优,7.2,18.7,9.1,0.513,12.1,71,0
蓬莱,2016-11-23,25,20~44,优,13.2,23,8.5,0.833,16.5,69,0
蓬莱,2016-11-24,54,20~109,良,36.7,54.5,15.1,1.158,29.5,66,0
蓬莱,2016-11-25,81,55~115,良,59.3,87.3,24.9,1.563,48,60,0
蓬莱,2016-11-26,95,65~142,良,70.4,113.8,22.4,1.579,51.7,60,0
蓬莱,2016-11-27,121,73~171,轻度污染,83.9,157.3,18.4,1.392,29.5,75,0
蓬莱,2016-11-28,78,34~143,良,54.9,35.9,14.8,0.992,28.8,75,0
蓬莱,2016-11-29,80,34~183,良,56.3,81.5,18.5,1.767,40.9,65,0
蓬莱,2016-11-30,149,95~230,轻度污染,113.2,158.9,16.4,2.004,47.8,58,0
蓬莱,2016-12-01,46,22~179,优,27.6,45.9,10.7,1.021,21.9,76,0
蓬莱,2016-12-02,72,26~155,良,50.2,76.4,22,1.479,44,66,0
蓬莱,2016-12-03,149,114~190,轻度污染,112.8,167.7,18.9,1.596,39.4,110,0
蓬莱,2016-12-04,135,99~208,轻度污染,101.8,152,14.7,1.675,39.9,72,0
蓬莱,2016-12-05,34,20~82,优,16.8,33.2,11.5,0.7,14.4,74,0
蓬莱,2016-12-06,51,18~102,良,30.1,53.8,13.4,1.108,32.5,68,0
蓬莱,2016-12-07,72,24~137,良,49.5,82.3,17.2,1.4,33.9,61,0
蓬莱,2016-12-08,93,36~185,良,64.5,103.1,13.1,1.442,31.9,74,0
蓬莱,2016-12-09,24,20~48,优,8.1,18.4,8.8,0.863,11.4,127,0
蓬莱,2016-12-10,46,20~82,优,30,43,14.2,1.125,31.4,66,0
蓬莱,2016-12-11,66,42~122,良,46.8,67,12.5,1.35,34,74,0
蓬莱,2016-12-12,66,38~118,良,46,67.4,11.8,1.588,28.2,58,0
蓬莱,2016-12-13,25,0~34,优,9.9,24.3,9.3,0.617,11.2,70,0
蓬莱,2016-12-14,24,19~29,优,7,22,9,0.713,11.8,66,0
蓬莱,2016-12-15,29,19~54,优,17.4,25.8,10.3,0.938,16.5,68,0
蓬莱,2016-12-16,65,26~97,良,45.9,66.6,19,1.375,37.8,68,0
蓬莱,2016-12-17,115,90~150,轻度污染,86.8,120.3,18.6,1.454,40.8,90,0
蓬莱,2016-12-18,186,102~280,中度污染,143.2,193.1,18,2.238,48.2,72,0
蓬莱,2016-12-19,186,122~250,中度污染,142,203.3,13.8,2.092,35.7,80,0
蓬莱,2016-12-20,184,160~229,中度污染,139.6,187.4,15.5,1.933,31,88,0
蓬莱,2016-12-21,146,87~192,轻度污染,109.9,158.2,14.4,1.804,30.1,70,0
蓬莱,2016-12-22,45,21~110,优,26.2,46.5,9.6,1,14.8,66,0
蓬莱,2016-12-23,23,21~26,优,9,19.6,8.7,0.8,12.2,72,0
蓬莱,2016-12-24,47,20~94,优,30.4,48.2,12.5,1.333,30.6,68,0
蓬莱,2016-12-25,65,32~118,良,46.1,64,13.4,1.675,35.4,54,0
蓬莱,2016-12-26,48,24~102,优,30.8,42.6,10.9,1.229,20.6,61,0
蓬莱,2016-12-27,25,20~40,优,10.5,23,10.2,0.954,12.8,70,0
蓬莱,2016-12-28,70,26~114,良,48.6,62.8,17.1,1.621,31.4,63,0
蓬莱,2016-12-29,41,23~95,优,25.1,34.9,13.5,1.183,21.7,62,0
蓬莱,2016-12-30,88,58~158,良,64.7,86.1,19.3,1.883,41.8,60,0
蓬莱,2016-12-31,175,115~255,中度污染,133.3,175.3,22.2,2.388,46,78,0
蓬莱,2017-01-01,232,145~314,重度污染,185.1,246.6,23.6,2.708,47.4,83,0
蓬莱,2017-01-02,207,135~293,重度污染,160.2,225.4,16.2,3.338,45.5,52,0
蓬莱,2017-01-03,143,52~266,轻度污染,106.7,152.8,16.8,2.85,41.8,77,0
蓬莱,2017-01-04,154,89~206,中度污染,116.3,162.2,13.7,2.683,32.6,83,0
蓬莱,2017-01-05,47,24~82,优,30.6,48,12.1,1.396,26.5,66,0
蓬莱,2017-01-06,68,30~148,良,45,67,15.8,2.146,34.8,62,0
蓬莱,2017-01-07,56,43~74,良,39.2,51.3,11.9,1.367,29.8,62,0
蓬莱,2017-01-08,57,48~69,良,40.2,48,12.2,1.646,19.7,70,0
蓬莱,2017-01-09,51,20~119,良,34.8,41.8,12.1,1.421,18.9,74,0
蓬莱,2017-01-10,38,21~65,优,21.6,35.9,15.8,1.092,19.1,70,0
蓬莱,2017-01-11,72,32~163,良,51,69.3,22,1.561,33.7,70,0
蓬莱,2017-01-12,119,31~226,轻度污染,88.8,111.8,20.2,2.121,43,66,0
蓬莱,2017-01-13,49,19~211,优,30.5,49.6,13.1,1.367,22.3,70,0
蓬莱,2017-01-14,53,18~500,良,52.8,31.1,11.3,0.967,11.7,71,0
蓬莱,2017-01-15,31,18~102,优,18.6,22.9,10.5,1.192,17,66,0
蓬莱,2017-01-16,79,42~202,良,56.1,69.1,15.8,2.154,37,52,0
蓬莱,2017-01-17,127,64~248,轻度污染,96.1,124.4,22.3,2.287,40.2,56,0
蓬莱,2017-01-18,137,74~253,轻度污染,104.1,147.4,21.7,2.413,33.8,60,0
蓬莱,2017-01-19,99,69~169,良,73.6,103,15.1,2.067,32.5,57,0
蓬莱,2017-01-20,55,20~79,良,36.1,23.8,17,1.225,12.5,66,0
蓬莱,2017-01-21,50,30~83,优,27.5,55.1,20.3,1.679,25.4,66,0
蓬莱,2017-01-22,23,20~52,优,10.4,19,11.3,1.117,10.2,66,0
蓬莱,2017-01-23,56,20~119,良,38.3,51.5,27.1,1.9,30.2,64,0
蓬莱,2017-01-24,66,21~124,良,47,61.1,20.1,2.196,29,69,0
蓬莱,2017-01-25,124,72~186,轻度污染,93.8,135.5,27.3,2.571,41.3,73,0
蓬莱,2017-01-26,112,78~220,轻度污染,82.1,128.1,16.8,1.85,22.5,89,0
蓬莱,2017-01-27,68,20~240,良,38.2,77.1,21.7,1.058,14.1,74,0
蓬莱,2017-01-28,62,27~132,良,43.5,65,17.5,1.267,16.5,60,0
蓬莱,2017-01-29,44,18~77,优,28.7,43.5,10.8,1.229,15.5,66,0
蓬莱,2017-01-30,27,20~62,优,8.8,22.2,10.6,1.175,10.8,78,0
蓬莱,2017-01-31,56,26~107,良,36,55.3,26.7,1.779,26,76,0
