衡水,2013-12-02,245,216~278,重度污染,253.7,418,183.1,2.86,119.6,51,96
衡水,2013-12-03,336,285~371,严重污染,297.7,449.7,136.5,3.345,129.1,94,103
衡水,2013-12-04,307,283~345,严重污染,242.6,391.7,150,3.104,112.3,29,94
衡水,2013-12-05,282,206~322,重度污染,167.9,286.3,82.9,2.263,76.9,48,90
衡水,2013-12-06,124,88~203,轻度污染,104.6,182.9,79.1,1.15,66.1,55,50
衡水,2013-12-07,212,141~269,重度污染,217.1,353.1,38.4,1.916,68.2,24,69
衡水,2013-12-08,295,273~320,重度污染,226,378.8,38,2.527,62,28,81
衡水,2013-12-09,268,149~350,重度污染,120,199.5,41,1.541,53.8,58,89
衡水,2013-12-10,110,85~129,轻度污染,89,207.1,74.2,1.552,55.2,67,60
衡水,2013-12-11,110,95~124,轻度污染,56.5,156.6,51.5,0.945,39.7,64,59
衡水,2013-12-12,136,108~152,轻度污染,104.3,241.4,72.9,1.627,58.4,57,84
衡水,2013-12-13,118,105~142,轻度污染,81.2,186.9,123,1.639,64.1,100,59
衡水,2013-12-14,190,122~258,中度污染,208.2,370.8,136.4,2.692,95.1,33,89
衡水,2013-12-15,245,212~267,重度污染,161.1,298.3,166.7,2.5,96.3,37,94
衡水,2013-12-16,244,207~317,重度污染,265.9,433.1,179,3.254,120.5,10,99
衡水,2013-12-17,402,319~450,严重污染,267.6,391.2,123.5,2.481,86.7,187,111
衡水,2013-12-18,214,193~306,重度污染,159.5,230.1,86.6,1.541,61.9,96,99
衡水,2013-12-19,235,207~281,重度污染,238.7,349.4,90.2,1.943,82,24,102
衡水,2013-12-20,379,288~495,严重污染,475.6,595,74.6,2.161,98.4,24,108
衡水,2013-12-21,470,365~500,严重污染,322.6,432.2,55.1,0,88.6,25,112
衡水,2013-12-22,266,207~356,重度污染,178,279.8,131.6,0,89.2,34,98
衡水,2013-12-23,355,232~500,严重污染,481,622.1,177.1,0,128.8,11,104
衡水,2013-12-24,500,500~500,严重污染,529.6,711.2,188.3,0,162.9,22,112
衡水,2013-12-25,500,500~500,严重污染,694.3,580.8,170.9,4.287,179,21,109
衡水,2013-12-26,429,187~500,严重污染,147,212.8,38.2,1.448,49,65,106
衡水,2013-12-27,115,97~140,轻度污染,98.1,179.7,100.3,1.741,59,53,64
衡水,2013-12-28,152,137~158,中度污染,110.9,195.3,86.8,1.95,57.9,63,91
衡水,2013-12-29,131,123~140,轻度污染,102.3,221,102.4,1.874,66.5,56,82
衡水,2013-12-30,147,136~164,轻度污染,94,274.9,120.5,1.729,69.6,78,90
衡水,2013-12-31,165,162~174,中度污染,77.1,289.5,87.4,1.429,56.8,63,120
衡水,2014-01-01,169,153~179,中度污染,85.4,254.3,115.7,1.709,61.5,57,160
衡水,2014-01-02,191,144~309,中度污染,170.8,326.8,151.2,2.639,92.6,63,139
衡水,2014-01-03,290,80~500,重度污染,206.2,363,126.3,3.054,87.7,50,148
衡水,2014-01-04,114,69~232,轻度污染,77.4,162.5,117.9,1.336,57.3,44,82
衡水,2014-01-05,235,100~343,重度污染,190.5,297.2,100,2.919,82.3,54,135
衡水,2014-01-06,251,141~453,重度污染,203.8,297.2,81.2,2.448,66.8,13,131
衡水,2014-01-07,283,124~406,重度污染,235,329.3,90.7,2.69,69.4,22,167
衡水,2014-01-08,142,58~279,轻度污染,99.8,174.8,71.6,1.857,50,86,147
衡水,2014-01-09,161,99~264,中度污染,123.5,194.5,95.8,1.863,56.8,40,169
衡水,2014-01-10,297,228~428,重度污染,246.3,354.6,125.3,2.852,84.3,27,184
衡水,2014-01-11,418,303~459,严重污染,375.7,456.3,77.4,4.395,76.5,12,185
衡水,2014-01-12,243,79~500,重度污染,211.2,298.4,75.5,3.306,67.2,58,147
衡水,2014-01-13,173,123~246,中度污染,131.4,214.5,106.5,2.55,64.9,107,158
衡水,2014-01-14,339,246~433,严重污染,287.1,391.1,125,3.925,91.9,60,184
衡水,2014-01-15,364,256~414,严重污染,312,439,72.4,3.085,73.4,78,177
衡水,2014-01-16,393,291~500,严重污染,345.9,456.8,67.8,3.324,82.4,36,177
衡水,2014-01-17,364,217~500,严重污染,326.4,443.5,78.2,3.514,79.9,13,175
衡水,2014-01-18,364,157~500,严重污染,324.9,426,114.2,3.704,93.3,65,172
衡水,2014-01-19,372,289~500,严重污染,308,432.5,85,2.474,74.1,33,177
衡水,2014-01-20,130,59~500,轻度污染,26.5,203.7,23.5,0.443,29.9,70,77
衡水,2014-01-21,88,54~134,良,61.5,107.7,51.9,1.32,45.3,61,81
衡水,2014-01-22,140,108~193,轻度污染,101.8,211,74.9,1.21,53.5,55,149
衡水,2014-01-23,183,138~286,中度污染,141.1,253.2,72.4,1.426,65.9,70,156
衡水,2014-01-24,345,265~427,严重污染,295.9,424.6,129.4,4.125,110.5,14,183
衡水,2014-01-25,156,82~246,中度污染,117.4,194.1,76.6,2.078,66.6,65,123
衡水,2014-01-26,101,64~159,轻度污染,59.3,150.4,81.6,0.995,38,78,108
衡水,2014-01-27,143,88~307,轻度污染,104,196.6,64.1,1.305,44.7,52,130
衡水,2014-01-28,204,92~433,重度污染,156.8,260.4,103.4,2.02,62.9,59,143
衡水,2014-01-29,191,88~348,中度污染,138.2,280.2,68.9,1.574,42.2,93,148
衡水,2014-01-30,294,84~440,重度污染,248.7,363.4,89.4,2.686,54.8,84,150
衡水,2014-01-31,312,223~466,严重污染,264.9,362.7,88.7,2.574,45.1,21,145
衡水,2014-02-01,210,186~287,重度污染,155.2,299.2,38.9,3.059,39.4,7,143
衡水,2014-02-02,263,138~353,重度污染,211.7,337.9,48.1,2.514,36.9,69,153
衡水,2014-02-03,93,66~281,良,48.3,122.9,28.2,0.695,17,72,124
衡水,2014-02-04,70,56~113,良,34.1,86.4,40.1,0.778,17.8,67,131
衡水,2014-02-05,103,69~149,轻度污染,76.2,115.2,98.8,0.927,29.3,54,165
衡水,2014-02-06,166,121~327,中度污染,127.9,162.2,70.2,1.122,27.4,61,183
衡水,2014-02-07,107,91~123,轻度污染,80.3,94.3,30.7,0.967,17,59,147
衡水,2014-02-08,143,99~216,轻度污染,107.5,130.9,47.9,1.067,24.8,62,164
衡水,2014-02-09,49,24~114,优,31.4,44.2,26.2,0.488,12.8,76,80
衡水,2014-02-10,97,59~165,良,69.3,106,57.1,1.162,32.3,79,154
衡水,2014-02-11,116,76~200,轻度污染,85.3,126.7,66.5,1.391,29.5,113,143
衡水,2014-02-12,208,154~290,重度污染,160.6,211.7,83.9,2.042,39.8,110,171
衡水,2014-02-13,246,102~373,重度污染,200.6,264.8,119.1,2.517,55.9,102,172
衡水,2014-02-14,294,187~372,重度污染,243.7,319,139.6,2.271,64.5,85,180
衡水,2014-02-15,248,128~361,重度污染,199.4,264.2,52.5,1.492,36.1,108,163
衡水,2014-02-16,340,225~492,严重污染,296.8,381.7,75,2.971,73.7,58,178
衡水,2014-02-17,109,76~226,轻度污染,76.1,128.5,45.1,1.317,37.2,89,130
衡水,2014-02-18,99,68~150,良,69.5,129.7,55.1,1.308,39.1,105,144
衡水,2014-02-19,180,130~302,中度污染,137.8,185.8,80.3,1.448,44.7,82,175
衡水,2014-02-20,223,164~290,重度污染,175.2,235.2,100.6,1.582,53,96,173
衡水,2014-02-21,197,119~308,中度污染,153.6,238,56.6,1.291,44.7,116,140
衡水,2014-02-22,247,186~335,重度污染,196.3,274.8,73,1.657,68.6,105,166
衡水,2014-02-23,357,299~455,严重污染,308.7,409.6,65.7,2.857,73.7,27,183
衡水,2014-02-24,368,309~447,严重污染,280.6,446.7,74.3,3.346,83.9,31,184
衡水,2014-02-25,408,275~500,严重污染,269.7,506.9,99,3.178,89.7,113,183
衡水,2014-02-26,190,110~489,中度污染,148.9,220.3,51.8,1.463,57.3,102,148
衡水,2014-02-27,109,53~425,轻度污染,66.5,102,23.5,0.871,26.2,214,112
衡水,2014-02-28,84,56~140,良,59.1,109.1,135.5,0.841,46.3,80,131
衡水,2014-03-01,149,87~223,轻度污染,113.2,191.1,83.1,1.147,41.6,90,169
衡水,2014-03-02,225,105~352,重度污染,176.9,265.3,91.6,1.839,66.3,77,175
衡水,2014-03-03,188,123~260,中度污染,136.8,240.8,36.3,0.954,24.8,109,170
衡水,2014-03-04,142,59~337,轻度污染,105.5,177.7,35.3,1.365,39.1,89,141
衡水,2014-03-05,96,58~168,良,63,125.9,43.9,0.755,33.2,78,123
衡水,2014-03-06,105,51~186,轻度污染,65.2,125.3,37.3,0.729,31.1,83,133
衡水,2014-03-07,207,103~287,重度污染,162.5,271.3,124,1.822,76.9,40,181
衡水,2014-03-08,236,164~305,重度污染,187.3,290.6,89.5,1.865,75.2,67,182
衡水,2014-03-09,255,93~427,重度污染,212.3,310.6,72,1.965,65.6,93,174
衡水,2014-03-10,204,83~324,重度污染,157.7,270.4,120.7,1.567,67.8,182,152
衡水,2014-03-11,155,108~335,中度污染,94.9,238.7,42.4,0.981,32.4,134,143
衡水,2014-03-12,164,57~500,中度污染,83.1,220.2,36.5,0.914,28,78,119
衡水,2014-03-13,103,43~180,轻度污染,63,150,42.1,0.913,45.8,88,137
衡水,2014-03-14,97,57~137,良,39.3,142.6,26.8,0.635,32,89,115
衡水,2014-03-15,141,107~188,轻度污染,76.5,230.5,54.3,1.088,47,109,158
衡水,2014-03-16,181,109~283,中度污染,132.8,262.3,53,1.313,62.4,113,163
衡水,2014-03-17,329,209~500,严重污染,209.5,439.2,69.1,2.235,76.1,177,180
衡水,2014-03-18,268,84~500,重度污染,109.1,367.2,39.6,1.161,37.8,121,145
衡水,2014-03-19,82,59~124,良,52.5,113,28.2,0.678,34.2,86,75
衡水,2014-03-20,88,46~137,良,45,120.5,22.4,0.779,34.7,98,115
衡水,2014-03-21,128,61~175,轻度污染,72.7,203.7,67.5,1.504,49.3,99,167
衡水,2014-03-22,132,98~180,轻度污染,94.3,205.6,50.9,1.196,37.5,97,163
衡水,2014-03-23,148,108~208,轻度污染,107.7,208,45.9,0.996,39.8,157,157
衡水,2014-03-24,124,106~148,轻度污染,82.3,185.4,29.4,0.905,32,154,139
衡水,2014-03-25,221,189~261,重度污染,170.4,246.9,48,1.247,30.7,141,174
衡水,2014-03-26,234,180~267,重度污染,184.4,281.2,38.5,1.268,40.5,135,171
衡水,2014-03-27,180,134~231,中度污染,132.9,211.8,33.8,1.073,22.8,163,157
衡水,2014-03-28,167,80~327,中度污染,119.7,236.7,36.4,1.278,47.8,126,154
衡水,2014-03-29,216,126~338,重度污染,168.3,273.6,32.5,1.646,48.8,128,172
衡水,2014-03-30,188,130~246,中度污染,142,245.8,40.8,1.357,44.7,166,178
衡水,2014-03-31,155,79~217,中度污染,110.7,230.1,43.1,1.039,45.6,153,166
衡水,2014-04-01,121,90~155,轻度污染,83.2,188.2,42.9,0.965,40.8,165,152
衡水,2014-04-02,137,84~401,轻度污染,64.8,209.6,24.1,0.688,29.3,142,152
衡水,2014-04-03,96,69~156,良,52.3,139.3,19.6,0.541,28,123,135
衡水,2014-04-04,154,81~500,中度污染,58.2,237.3,45.3,0.963,43.5,112,158
衡水,2014-04-05,104,78~204,轻度污染,42.1,157.2,20.4,0.488,25.5,113,133
衡水,2014-04-06,120,94~150,轻度污染,51.9,189.3,31.7,0.609,30.8,116,164
衡水,2014-04-07,125,83~165,轻度污染,79.7,198.7,43.7,0.887,37,112,158
衡水,2014-04-08,147,109~223,轻度污染,104.9,227.6,36.5,1.054,41.1,175,145
衡水,2014-04-09,151,119~173,中度污染,98.2,227.5,30,1.054,25.5,204,153
衡水,2014-04-10,167,91~315,中度污染,52.5,252.2,21.9,0.596,33.8,114,150
衡水,2014-04-11,134,114~165,轻度污染,94.2,183.7,32.2,1.573,58.4,70,167
衡水,2014-04-12,150,123~208,中度污染,114.4,178.2,47.1,1.094,55.1,94,168
衡水,2014-04-13,154,91~221,中度污染,116.6,171.5,23.7,1.009,43.5,165,160
衡水,2014-04-14,114,87~162,轻度污染,74.5,141.7,23,0.729,25.8,161,130
衡水,2014-04-15,129,73~178,轻度污染,86.3,156.8,27.9,0.735,28.6,128,146
衡水,2014-04-16,116,87~175,轻度污染,68.6,178.8,46.5,0.917,47.5,185,166
衡水,2014-04-17,179,130~220,中度污染,134.7,201.5,28.3,1.308,48.7,94,175
衡水,2014-04-18,229,166~425,重度污染,180.9,242.8,20.9,1.532,51.6,106,183
衡水,2014-04-19,98,63~164,良,63,119.2,26.6,0.657,39.5,105,159
衡水,2014-04-20,178,121~226,中度污染,135.5,242.1,42.2,1.063,69.1,114,183
衡水,2014-04-21,216,66~356,重度污染,162.2,270.3,36.1,1.222,56.7,168,174
衡水,2014-04-22,117,66~194,轻度污染,84.5,145.6,24,0.883,30,155,147
衡水,2014-04-23,122,88~171,轻度污染,76.5,163.8,18,0.665,16,157,150
衡水,2014-04-24,109,75~148,轻度污染,75,139.9,30.7,0.83,29.8,178,148
衡水,2014-04-25,114,71~193,轻度污染,80.7,141.2,38.9,0.87,32.7,153,151
衡水,2014-04-26,84,41~110,良,38.8,114.4,9.6,0.418,18.1,82,133
衡水,2014-04-27,102,82~154,轻度污染,67.8,142.7,26.7,0.821,37,153,145
衡水,2014-04-28,107,74~153,轻度污染,71.3,147.5,28.5,0.725,35.4,150,157
衡水,2014-04-29,116,93~143,轻度污染,77.2,170,27.1,0.691,22.4,172,156
衡水,2014-04-30,113,93~139,轻度污染,73.4,172.3,29.3,0.675,19.9,174,137
衡水,2014-05-01,185,122~500,中度污染,105.8,259.6,30.3,0.842,18.2,168,169
衡水,2014-05-02,82,61~115,良,22.6,108.4,11.2,0.315,16.7,119,94
衡水,2014-05-03,139,64~304,轻度污染,34.6,210.7,24.2,0.514,27.3,149,145
衡水,2014-05-04,91,59~188,良,26.8,130.1,15.5,0.392,26,99,134
衡水,2014-05-05,98,47~163,良,49.1,145.2,54.8,1.029,41.8,122,144
衡水,2014-05-06,138,100~233,轻度污染,51.3,222.2,26.6,0.648,14.3,164,175
衡水,2014-05-07,136,84~281,轻度污染,75.7,191.3,23.8,0.93,29.8,178,162
衡水,2014-05-08,117,83~189,轻度污染,68.7,155.1,42.3,0.854,26.3,194,143
衡水,2014-05-09,113,83~142,轻度污染,70.3,173.6,62.2,0.9,40.5,185,151
衡水,2014-05-10,123,61~206,轻度污染,79.3,183,49.3,0.846,52.1,131,173
衡水,2014-05-11,56,45~63,良,24.4,37.8,7.2,0.643,18.5,138,103
衡水,2014-05-12,94,57~140,良,43.6,127.9,27.8,0.757,29.7,196,143
衡水,2014-05-13,103,85~139,轻度污染,54.6,153.1,27.7,0.574,35,195,141
衡水,2014-05-14,112,76~182,轻度污染,43.7,168.4,20.8,0.454,46.4,118,149
衡水,2014-05-15,134,108~164,轻度污染,46.7,216,46.5,0.917,38.3,175,177
衡水,2014-05-16,148,125~184,轻度污染,67.1,243.2,43.1,1.13,47.6,225,172
衡水,2014-05-17,132,95~166,轻度污染,69.5,190.7,46.3,0.783,40.4,189,161
衡水,2014-05-18,133,93~167,轻度污染,71.4,203.8,47.3,0.8,50.1,252,166
衡水,2014-05-19,171,109~369,中度污染,92.6,253.4,36.1,0.905,30.2,214,166
衡水,2014-05-20,176,143~199,中度污染,124.5,266.3,36.3,1.138,34.4,277,178
衡水,2014-05-21,196,131~304,中度污染,129.9,284.9,53.9,1.164,38,286,171
衡水,2014-05-22,144,112~176,轻度污染,77.9,199.5,22.6,0.743,35.3,261,154
衡水,2014-05-23,136,107~165,轻度污染,50.9,187.3,32.8,0.648,35.6,235,174
衡水,2014-05-24,109,61~179,轻度污染,72,109.2,10.6,0.721,19.8,166,159
衡水,2014-05-25,219,176~329,重度污染,102.8,293.5,15.1,0.617,32.8,130,178
衡水,2014-05-26,131,92~183,轻度污染,39,203.7,31.9,0.605,34.4,218,138
衡水,2014-05-27,203,90~454,重度污染,47.3,291.7,39.3,0.59,36.2,158,149
衡水,2014-05-28,130,100~175,轻度污染,45,174.2,26.7,0.56,39.9,201,146
衡水,2014-05-29,152,98~201,中度污染,49.3,213.4,36.1,0.773,34.8,299,155
衡水,2014-05-30,172,146~204,中度污染,86.4,265.2,34.8,0.727,27.6,318,161
衡水,2014-05-31,178,140~260,中度污染,107,294.6,42.7,0.935,26.6,250,170
衡水,2014-06-01,103,81~131,轻度污染,70.5,121.8,16.5,0.663,25.4,189,148
衡水,2014-06-02,71,50~94,良,32.8,62.3,10.6,0.457,19.2,163,118
衡水,2014-06-03,127,80~211,轻度污染,60.6,130.8,26,0.846,31.3,239,178
衡水,2014-06-04,114,74~143,轻度污染,53,121.5,21.7,0.679,24.8,209,169
衡水,2014-06-05,113,75~179,轻度污染,48.9,119.2,30,0.568,29.6,264,147
衡水,2014-06-06,154,48~202,中度污染,111.2,185.7,47.4,1.111,27,285,160
衡水,2014-06-07,74,38~110,良,30.7,69.1,18,0.526,20.3,184,104
衡水,2014-06-08,138,75~500,轻度污染,48.8,184,39.9,0.818,35.5,262,154
衡水,2014-06-09,97,62~145,良,38.6,109.1,26.7,0.604,25.8,212,143
衡水,2014-06-10,170,102~359,中度污染,104.9,179.6,36.2,0.708,27.8,219,178
衡水,2014-06-11,108,80~131,轻度污染,66.3,84.4,10.5,0.609,20.3,209,159
衡水,2014-06-12,133,107~160,轻度污染,60.6,133.4,28,0.9,29.3,262,169
衡水,2014-06-13,136,99~179,轻度污染,67.7,172.1,57,0.913,34.3,264,153
衡水,2014-06-14,143,91~217,轻度污染,88.6,193,63.1,0.896,35.3,338,150
衡水,2014-06-15,123,103~171,轻度污染,87.3,167.3,16.9,0.722,20.3,171,131
衡水,2014-06-16,164,126~208,中度污染,124.1,150.7,8.3,0.917,19.5,192,163
衡水,2014-06-17,142,114~184,轻度污染,107.3,143.8,14.6,0.973,23.4,185,168
衡水,2014-06-18,181,130~224,中度污染,136.7,177.1,15,1.11,29,128,183
衡水,2014-06-19,138,80~229,轻度污染,103.9,128.9,11.3,1.157,31.1,160,164
衡水,2014-06-20,82,52~111,良,56.2,70.7,10.6,0.7,24.6,180,152
衡水,2014-06-21,88,60~120,良,53.7,74.5,9.8,0.555,28,178,156
衡水,2014-06-22,112,61~167,轻度污染,73.6,104.3,15.9,0.609,33,173,166
衡水,2014-06-23,104,52~155,轻度污染,49.3,88.1,17,0.777,41.4,212,156
衡水,2014-06-24,135,102~188,轻度污染,77.9,173.4,24.4,0.965,46.6,254,172
衡水,2014-06-25,116,72~197,轻度污染,83,113.8,9.7,0.85,24.8,165,162
衡水,2014-06-26,113,69~147,轻度污染,62.8,102.2,13.3,0.886,20.9,291,162
衡水,2014-06-27,91,60~141,良,38.3,90.7,9.5,0.565,32.3,179,157
衡水,2014-06-28,98,70~128,良,36.7,118.8,23,0.645,45.3,197,147
衡水,2014-06-29,118,87~170,轻度污染,47.6,163.4,29.8,0.978,52.8,224,152
衡水,2014-06-30,101,71~138,轻度污染,59.1,114.7,24,0.748,26.9,213,138
衡水,2014-07-01,135,69~216,轻度污染,96,157.8,18.1,0.974,25,165,155
衡水,2014-07-02,90,52~168,良,60.7,100.4,6.6,0.688,19.3,147,131
衡水,2014-07-03,126,92~220,轻度污染,94.2,143.7,15,0.959,27.3,168,162
衡水,2014-07-04,79,50~160,良,53.1,63.8,6.9,0.758,21.7,193,113
衡水,2014-07-05,123,87~188,轻度污染,92.2,122,10,0.861,25.6,182,173
衡水,2014-07-06,190,129~303,中度污染,145.9,201,13.3,1.113,25.7,211,181
衡水,2014-07-07,225,179~284,重度污染,174.5,231.2,27.2,1.196,21,193,186
衡水,2014-07-08,172,93~239,中度污染,129,186,10.2,1.083,25.3,161,170
衡水,2014-07-09,71,46~121,良,40.6,85.5,12.3,0.682,39.5,86,102
衡水,2014-07-10,79,41~110,良,53,83.3,12.5,0.817,19.9,165,115
衡水,2014-07-11,135,80~200,轻度污染,84.5,122.3,21.1,1.209,25.4,221,150
衡水,2014-07-12,136,78~241,轻度污染,91.3,150.6,15.5,0.988,36.7,183,164
衡水,2014-07-13,124,81~206,轻度污染,62.8,135.1,20.9,0.742,43,192,171
衡水,2014-07-14,132,92~285,轻度污染,59.5,185.3,34.9,0.988,44.4,238,168
衡水,2014-07-15,95,69~120,良,62.2,100.2,10.5,0.385,20.8,188,154
衡水,2014-07-16,157,94~226,中度污染,116.6,164,7.1,0.618,27.7,133,179
衡水,2014-07-17,107,75~147,轻度污染,72.3,130.5,6.6,0.546,17.9,159,160
衡水,2014-07-18,93,46~161,良,58.2,108.3,11.1,0.473,17.3,100,134
衡水,2014-07-19,90,63~131,良,59.6,112,6.1,0.526,14,106,144
衡水,2014-07-20,74,59~93,良,38.8,94.7,9.7,0.633,17.2,97,126
衡水,2014-07-21,87,65~133,良,61.2,99.8,14.6,0.971,27.8,159,151
衡水,2014-07-22,85,59~153,良,56.7,89.5,28.7,1.388,44.5,94,137
衡水,2014-07-23,55,42~70,良,23.8,58.6,21.4,0.958,32.8,100,87
衡水,2014-07-24,97,60~146,良,66.8,115.9,15,0.725,27.7,111,153
衡水,2014-07-25,126,64~182,轻度污染,85.2,118,18.3,1.125,19.8,213,169
衡水,2014-07-26,119,90~138,轻度污染,76.6,138.8,16.2,0.814,21.2,216,145
衡水,2014-07-27,121,88~174,轻度污染,89.5,154.6,10,0.758,17,168,144
衡水,2014-07-28,136,106~163,轻度污染,102.9,166.3,8.7,0.73,18,171,160
衡水,2014-07-29,168,100~229,中度污染,125.7,181.1,11.3,0.93,22.9,201,176
衡水,2014-07-30,88,49~147,良,62.7,78.7,11.1,0.808,20.3,141,138
衡水,2014-07-31,158,96~323,中度污染,118.5,168.9,15.5,0.9,27.4,167,176
衡水,2014-08-01,186,128~249,中度污染,141.6,201.3,17.4,0.939,36.5,159,185
衡水,2014-08-02,166,109~247,中度污染,124.6,204.3,17.9,1.021,33.5,186,182
衡水,2014-08-03,120,86~178,轻度污染,76.3,179.9,17.1,0.917,35.4,173,161
衡水,2014-08-04,140,47~224,轻度污染,99.6,186.4,14.4,0.858,26.9,170,154
衡水,2014-08-05,45,25~71,优,23.9,43.7,15,0.665,18,139,52
衡水,2014-08-06,73,40~108,良,47.3,79.7,21.3,0.838,30,90,128
衡水,2014-08-07,83,41~127,良,42.6,88.7,25.6,0.942,29,203,140
衡水,2014-08-08,100,67~143,良,60.9,124.7,19.2,0.878,29.4,192,171
衡水,2014-08-09,118,72~143,轻度污染,65.7,135,32,1.026,27.6,246,181
衡水,2014-08-10,96,68~130,良,58.7,98.8,13.9,0.788,17.5,180,155
衡水,2014-08-11,129,66~217,轻度污染,75,132.2,13.9,0.877,32.1,176,156
衡水,2014-08-12,139,90~269,轻度污染,64.8,175.2,35.2,1.008,38.8,200,178
衡水,2014-08-13,86,59~159,良,53.3,100.4,21,0.833,27.3,156,157
衡水,2014-08-14,88,70~111,良,47.6,79.8,11,0.729,21.5,175,171
衡水,2014-08-15,109,65~156,轻度污染,57.7,121.1,23.5,0.887,27.7,243,162
衡水,2014-08-16,141,97~216,轻度污染,102.3,175.3,7,1.026,23.1,184,173
衡水,2014-08-17,89,69~143,良,62.3,83.3,5.6,0.658,17.9,153,151
衡水,2014-08-18,72,48~95,良,42.3,61.4,8,0.567,21.8,157,134
衡水,2014-08-19,91,65~121,良,43.6,101.1,13.2,0.858,20.8,200,154
衡水,2014-08-20,159,110~231,中度污染,117.6,163.7,21.7,1.113,23.8,231,183
衡水,2014-08-21,146,96~193,轻度污染,98.1,151.1,7.9,0.878,18,208,167
衡水,2014-08-22,99,73~115,良,67.5,119.8,13.1,0.796,15.7,208,135
衡水,2014-08-23,162,108~221,中度污染,122.7,170.1,6.6,1.052,15.8,164,182
衡水,2014-08-24,105,50~253,轻度污染,64.8,100.8,7.2,0.748,19.7,140,151
衡水,2014-08-25,118,72~223,轻度污染,75.6,158.3,25.8,1.188,41,194,172
衡水,2014-08-26,127,86~178,轻度污染,82.5,147.6,25.9,1.142,32,219,175
衡水,2014-08-27,124,85~189,轻度污染,83.9,166.6,16.8,1.067,34.1,214,178
衡水,2014-08-28,125,87~181,轻度污染,90.7,139.4,11.5,0.932,21.1,190,177
衡水,2014-08-29,130,82~212,轻度污染,87.8,143.4,11.5,0.965,28.6,202,177
衡水,2014-08-30,156,117~198,中度污染,117.3,193.8,33.7,1.017,35.1,208,184
衡水,2014-08-31,121,85~170,轻度污染,91,113.7,9.9,0.965,21.7,167,179
衡水,2014-09-01,194,120~275,中度污染,149.5,203.7,28.5,1.273,33.4,194,187
衡水,2014-09-02,85,48~225,良,61.9,81.3,14.1,0.848,22.3,105,156
衡水,2014-09-03,63,39~128,良,24.5,48.4,12,0.65,24.1,170,135
衡水,2014-09-04,88,55~160,良,46.4,108.3,44.4,1.309,35.4,173,135
衡水,2014-09-05,97,77~126,良,59.9,113.6,21.4,0.746,20.1,187,133
衡水,2014-09-06,135,99~186,轻度污染,100.3,159,24,1.017,28,183,173
衡水,2014-09-07,191,131~228,中度污染,144.3,175.4,17.6,1.421,27.5,166,185
衡水,2014-09-08,114,58~204,轻度污染,64.5,121.8,15.7,0.838,35.9,144,139
衡水,2014-09-09,95,59~131,良,48,130.4,55,0.896,40.2,188,153
衡水,2014-09-10,102,75~137,轻度污染,57.2,124.7,38,0.792,35.3,208,162
衡水,2014-09-11,89,51~167,良,57.6,112.1,36.3,0.765,30.3,118,148
衡水,2014-09-12,74,50~127,良,53.2,61.8,12.1,0.671,20.8,101,148
衡水,2014-09-13,117,70~153,轻度污染,78,125,24.9,0.861,39.3,199,180
衡水,2014-09-14,130,33~205,轻度污染,96.1,141.8,29.2,0.833,43.3,139,151
衡水,2014-09-15,85,40~139,良,54.6,96.6,25.5,0.833,41.2,83,158
衡水,2014-09-16,107,66~148,轻度污染,79.2,124,49,2.392,49.7,40,182
衡水,2014-09-17,63,28~135,良,44.2,60.4,10.3,0.765,30.8,70,126
衡水,2014-09-18,92,71~127,良,68,101,13.5,1.029,32.7,118,168
衡水,2014-09-19,95,61~146,良,69.3,108.3,20.3,1.183,30.8,166,151
衡水,2014-09-20,150,72~316,轻度污染,114.5,158.8,13.3,1.235,37.3,139,162
衡水,2014-09-21,243,198~312,重度污染,192,247.6,23.5,1.668,43.7,173,188
衡水,2014-09-22,183,112~295,中度污染,140,206.3,37.9,1.509,46.7,222,184
衡水,2014-09-23,226,146~326,重度污染,178.4,230,18.2,2.157,55.1,97,187
衡水,2014-09-24,154,109~223,中度污染,115.7,140.7,20,1.929,41.2,103,182
衡水,2014-09-25,87,53~136,良,63.2,101.1,16.7,0.8,39.5,123,119
衡水,2014-09-26,206,115~255,重度污染,157.5,215,20.8,1.164,36.6,168,184
衡水,2014-09-27,188,67~248,中度污染,144.3,180.2,22.3,1.55,38.8,169,167
衡水,2014-09-28,103,66~150,轻度污染,75.8,96.4,18.4,0.948,51,69,153
衡水,2014-09-29,106,51~138,轻度污染,75.7,116.6,19.9,1.138,34.3,191,170
衡水,2014-09-30,52,34~76,良,19.5,55.3,21.7,0.596,27.3,81,93
衡水,2014-10-01,104,53~228,轻度污染,70.3,118.9,19.1,0.833,46.1,136,147
衡水,2014-10-02,173,53~230,中度污染,130.2,166.4,11.1,1.239,53.2,68,177
衡水,2014-10-03,137,60~224,轻度污染,100.4,161.5,34.1,1.188,52.5,150,155
衡水,2014-10-04,163,86~251,中度污染,124.5,153.2,24.3,0.895,43.9,151,180
衡水,2014-10-05,123,40~236,轻度污染,88.4,129.7,13.2,0.961,42.4,116,126
衡水,2014-10-06,76,34~114,良,43.7,97.2,16.2,0.613,51,124,94
衡水,2014-10-07,216,120~281,重度污染,168.5,260.6,33.1,1.048,54.3,215,180
衡水,2014-10-08,183,89~283,中度污染,140.4,217.4,23.7,1.039,48.1,164,161
衡水,2014-10-09,241,138~333,重度污染,193.4,277.4,29.3,1.313,66,221,177
衡水,2014-10-10,237,101~393,重度污染,189.3,295.7,49.9,1.435,94,205,171
衡水,2014-10-11,254,158~415,重度污染,205.3,293,40.9,1.47,89.2,245,181
衡水,2014-10-12,89,39~316,良,37.1,109.5,16.5,0.458,32.1,66,107
衡水,2014-10-13,67,46~140,良,30.6,82,29.8,0.792,46.3,89,95
衡水,2014-10-14,103,63~134,轻度污染,71.3,144.8,33,0.858,63.5,132,129
衡水,2014-10-15,167,77~252,中度污染,97.7,235.7,45.2,1,57.6,107,145
衡水,2014-10-16,81,65~105,良,37.1,109,34.5,0.6,47,93,80
衡水,2014-10-17,159,113~199,中度污染,106.8,261.4,51.6,1.196,69.3,164,164
衡水,2014-10-18,179,124~222,中度污染,131.1,264.2,41,1.043,53.6,216,160
衡水,2014-10-19,190,136~234,中度污染,144,214.5,25.5,1.073,42.8,149,173
衡水,2014-10-20,210,138~252,重度污染,161.1,214.5,15.8,1.25,45.5,77,176
衡水,2014-10-21,97,67~244,良,54,116.5,26.6,0.723,29.5,117,108
衡水,2014-10-22,90,57~163,良,54,121.8,59.4,0.909,51.6,94,94
衡水,2014-10-23,253,196~319,重度污染,202.2,277.8,22.1,1.314,53,104,184
衡水,2014-10-24,211,115~330,重度污染,165.6,232.3,23.3,1.274,39.5,128,172
衡水,2014-10-25,152,109~225,中度污染,115.1,175.7,16.4,1.481,40.6,123,161
衡水,2014-10-26,192,79~319,中度污染,124,244.2,18.4,1.729,37.5,106,163
衡水,2014-10-27,82,64~110,良,29.8,112.3,35,0.648,47,95,101
衡水,2014-10-28,100,63~168,轻度污染,65.1,144.7,68.7,1.155,64,61,130
衡水,2014-10-29,197,148~322,中度污染,138.6,306.2,85.6,1.695,84.6,105,178
衡水,2014-10-30,251,215~299,重度污染,199.6,351.7,90.8,1.81,80.7,94,181
衡水,2014-10-31,214,81~288,重度污染,168.4,265.2,50.5,1.782,65.9,90,167
衡水,2014-11-01,217,74~419,重度污染,162.1,260.2,34.4,1.376,53.3,97,159
衡水,2014-11-02,79,48~138,良,23.9,106.5,19.8,0.446,30.6,82,141
衡水,2014-11-03,95,59~151,良,47.4,134,49.9,1.07,45.2,87,152
衡水,2014-11-04,126,110~179,轻度污染,73,195.4,34,0.745,43,228,163
衡水,2014-11-05,140,103~237,轻度污染,96.5,218.2,37,1.073,58,86,148
衡水,2014-11-06,85,39~167,良,41.3,113.1,14.5,0.591,31.1,73,92
衡水,2014-11-07,60,35~91,良,27.2,70.7,20.7,0.587,37.1,56,76
衡水,2014-11-08,90,64~160,良,65.5,108.7,21.7,0.855,46.8,83,133
衡水,2014-11-09,175,133~250,中度污染,134,221,36.3,1.409,71.6,91,167
衡水,2014-11-10,256,175~320,重度污染,205.8,326.7,31,1.675,71.1,114,180
衡水,2014-11-11,148,82~221,轻度污染,98.1,199,27.8,0.971,46.5,69,137
衡水,2014-11-12,77,56~113,良,22.6,101.6,17.6,0.513,34.7,118,117
衡水,2014-11-13,88,66~138,良,44.4,123.6,29.5,0.925,49.3,74,146
衡水,2014-11-14,118,63~162,轻度污染,74.8,182.7,52,1.392,64.3,66,146
衡水,2014-11-15,138,88~175,轻度污染,100.7,187.5,50.8,1.105,56,80,150
衡水,2014-11-16,153,66~240,中度污染,103.9,183,24.4,1.048,46.7,78,139
衡水,2014-11-17,95,58~138,良,59.9,133.9,52.1,0.988,51.5,71,90
衡水,2014-11-18,142,94~212,轻度污染,107.1,196.3,67.3,1.506,68.1,66,141
衡水,2014-11-19,164,137~204,中度污染,121,236.4,45,1.057,51.6,135,155
衡水,2014-11-20,240,153~409,重度污染,187.3,301.7,39.6,1.683,69.7,74,170
衡水,2014-11-21,469,352~500,严重污染,400.2,607.8,78.4,3.352,129.3,51,185
衡水,2014-11-22,330,157~500,严重污染,301.6,465,82.1,3.41,116.9,37,161
衡水,2014-11-23,255,195~318,重度污染,203.7,332.7,92.1,2.533,94.6,31,177
衡水,2014-11-24,274,138~362,重度污染,224.4,345.9,69.2,3.305,92,54,184
衡水,2014-11-25,162,86~281,中度污染,121.5,214.6,65.2,2.038,66.8,42,159
衡水,2014-11-26,271,211~372,重度污染,219.7,319.2,29.6,2.263,55.6,51,183
衡水,2014-11-27,323,69~494,严重污染,266.4,386.7,30.6,3.674,70.7,24,174
衡水,2014-11-28,119,70~186,轻度污染,89.5,139.7,23.5,1.796,45.7,48,157
衡水,2014-11-29,163,109~236,中度污染,124,188,20.4,1.718,40,35,160
衡水,2014-11-30,206,109~500,重度污染,113,269.9,21.9,1.874,43.6,50,175
衡水,2014-12-01,77,58~144,良,28.3,102.2,15.8,0.65,26.4,55,117
衡水,2014-12-02,116,85~141,轻度污染,69.4,176.7,43.4,1.582,50.4,30,177
衡水,2014-12-03,116,92~235,轻度污染,76.1,172.8,35.1,1.17,46.2,52,157
衡水,2014-12-04,95,64~135,良,42.1,136.9,41.5,0.9,36.2,96,151
衡水,2014-12-05,110,60~136,轻度污染,76.8,153.4,51.8,1.39,62.3,65,155
衡水,2014-12-06,237,115~433,重度污染,189.5,304.2,86.3,2.443,95.4,33,179
衡水,2014-12-07,257,131~449,重度污染,206.1,326.5,78.1,3.142,87.4,57,181
衡水,2014-12-08,173,91~363,中度污染,123.4,226.5,77.3,2.55,67.2,47,156
衡水,2014-12-09,165,117~214,中度污染,124.4,223.3,147.5,1.833,59.5,26,161
衡水,2014-12-10,264,136~500,重度污染,131.5,346.6,56.6,1.4,43.3,63,177
衡水,2014-12-11,106,67~139,轻度污染,65.4,157.6,62,1.135,42.8,54,138
衡水,2014-12-12,120,70~167,轻度污染,60.2,186.1,76.6,1.15,37.8,63,159
衡水,2014-12-13,116,60~171,轻度污染,81,169.7,112.9,1.721,48.8,63,145
衡水,2014-12-14,200,128~301,重度污染,154.3,280.1,144,2.365,70,37,171
衡水,2014-12-15,284,95~500,重度污染,160.1,383.4,96.7,2.557,53.2,63,165
衡水,2014-12-16,95,63~193,良,32.5,136.5,40.5,0.764,27.2,64,146
衡水,2014-12-17,106,66~161,轻度污染,70.8,154.5,75.1,1.513,45.6,66,153
衡水,2014-12-18,170,148~202,中度污染,126.9,247,81.4,1.492,64.1,51,170
衡水,2014-12-19,243,87~500,重度污染,188.7,313.1,77.9,2.926,84.6,56,162
衡水,2014-12-20,77,52~104,良,49.6,97.2,44.4,1.058,46,60,101
衡水,2014-12-21,95,45~168,良,47.6,128.9,44.3,1.042,42.3,61,125
衡水,2014-12-22,124,71~181,轻度污染,86.8,179.5,87.3,1.854,60.1,62,152
衡水,2014-12-23,186,135~308,中度污染,145.2,250.1,95.6,2.143,86.6,48,161
衡水,2014-12-24,224,60~500,重度污染,173.7,282.1,103,2.783,87.7,63,135
衡水,2014-12-25,142,87~195,轻度污染,107.3,181.8,92.8,2.138,76.8,58,138
衡水,2014-12-26,182,139~209,中度污染,137,217.5,114.5,2.304,88.2,36,160
衡水,2014-12-27,270,208~330,重度污染,218.7,341.4,114.8,2.996,101,15,176
衡水,2014-12-28,295,101~500,重度污染,227.4,392.5,98.8,3.042,91.4,66,155
衡水,2014-12-29,162,119~198,中度污染,115.1,248.1,114.3,2.363,76.3,57,128
衡水,2014-12-30,276,106~429,重度污染,207,376.3,104.6,3.05,97.3,32,167
衡水,2014-12-31,131,58~500,轻度污染,31.7,183.8,29.8,0.8,33.3,67,177
衡水,2015-01-01,117,72~178,轻度污染,76.6,161.9,75.1,1.68,57.7,65,426
衡水,2015-01-02,144,72~269,轻度污染,105.1,198.7,69.3,1.892,66,65,279
衡水,2015-01-03,216,109~384,重度污染,164.9,299.3,100.7,2.446,89.1,43,316
衡水,2015-01-04,420,332~500,严重污染,314.9,527.8,130.1,3.083,118.9,56,362
衡水,2015-01-05,444,162~500,严重污染,361.3,589.6,119.9,5.177,124.7,40,354
衡水,2015-01-06,89,53~186,良,35.2,125.6,44.7,1.273,40.4,61,216
衡水,2015-01-07,115,82~195,轻度污染,85.8,152.3,101.8,2.225,68.8,63,285
衡水,2015-01-08,208,133~355,重度污染,163,264.4,147.5,3.21,95.3,36,330
衡水,2015-01-09,282,98~500,重度污染,219,370,125.3,3.343,97.4,58,308
衡水,2015-01-10,292,141~488,重度污染,232.5,371.8,135,3.392,106.3,66,339
衡水,2015-01-11,161,64~382,中度污染,118.6,212,69.4,1.874,61.5,88,219
衡水,2015-01-12,98,57~209,良,70.9,124.8,75.7,1.57,57.9,38,204
衡水,2015-01-13,188,104~254,中度污染,143.8,243.1,99.1,2.738,71.2,62,321
衡水,2015-01-14,262,143~495,重度污染,209.8,327.8,111.5,3.561,87.3,11,340
衡水,2015-01-15,350,223~490,严重污染,284,438.7,44.2,4.248,83.3,6,354
衡水,2015-01-16,313,76~500,严重污染,246,402,48.3,3.823,89.5,73,312
衡水,2015-01-17,106,62~138,轻度污染,73.2,147.3,54.3,1.667,52.8,68,209
衡水,2015-01-18,240,113~460,重度污染,93.2,328.3,54.2,1.655,44.9,79,324
衡水,2015-01-19,123,93~172,轻度污染,78.6,192,86.6,1.996,54.8,72,275
衡水,2015-01-20,187,128~257,中度污染,142.9,280.1,82.7,2.954,86,24,328
衡水,2015-01-21,155,81~244,中度污染,101.2,207.6,57,2.474,63.6,86,269
衡水,2015-01-22,116,82~156,轻度污染,84.3,148.4,49.5,1.771,49.3,87,223
衡水,2015-01-23,189,117~287,中度污染,147,245.7,72.7,2.255,69.9,64,291
衡水,2015-01-24,318,60~491,严重污染,259,397.8,93.2,4.665,89.7,22,317
衡水,2015-01-25,128,67~218,轻度污染,95.5,132,33,1.746,37.1,60,170
衡水,2015-01-26,222,89~361,重度污染,173.5,254.1,35.8,2.832,57,38,283
衡水,2015-01-27,83,40~338,良,54,89.6,34.6,1.729,39.8,69,171
衡水,2015-01-28,80,57~122,良,53.4,98.3,56.6,2.13,42.8,66,276
衡水,2015-01-29,138,76~212,轻度污染,104,166,89,2.5,59.9,41,330
衡水,2015-01-30,131,58~347,轻度污染,97,154.6,68,2.387,57.7,84,268
衡水,2015-01-31,110,58~186,轻度污染,77.1,142.6,56.2,1.846,60.3,91,272
衡水,2015-02-01,124,81~156,轻度污染,92.7,161.1,90.1,1.708,80.4,64,289
衡水,2015-02-02,153,112~200,中度污染,114.5,197.5,79.1,1.883,64.8,76,294
衡水,2015-02-03,331,202~472,严重污染,273.1,409.5,113.7,4.004,99,40,359
衡水,2015-02-04,132,53~415,轻度污染,86.3,171.9,64.4,1.848,52.1,96,200
衡水,2015-02-05,77,50~117,良,43.6,100.8,40.9,1.357,43.1,91,168
衡水,2015-02-06,140,85~239,轻度污染,105.3,190.6,67,2.074,62.2,71,286
衡水,2015-02-07,173,78~304,中度污染,111.5,240.5,81,2.696,53.6,81,273
衡水,2015-02-08,66,41~98,良,33.6,81,27.3,1.038,31.5,82,148
衡水,2015-02-09,113,75~152,轻度污染,71.7,173.1,58.7,1.75,48.5,77,272
衡水,2015-02-10,130,104~157,轻度污染,90,205.8,80.3,1.904,63,78,264
衡水,2015-02-11,169,84~330,中度污染,119.7,258.1,81.3,2.783,76.6,98,282
衡水,2015-02-12,100,54~141,良,66.3,138.4,50.2,1.525,52.2,90,175
衡水,2015-02-13,158,94~220,中度污染,118.8,199.5,75,1.765,57.1,105,283
衡水,2015-02-14,231,176~315,重度污染,163.2,334.2,55.2,1.892,39.8,159,338
衡水,2015-02-15,217,131~360,重度污染,170,260,37.7,2.825,52.8,44,323
衡水,2015-02-16,170,99~305,中度污染,99.5,234.1,36.3,2.179,33.8,107,297
衡水,2015-02-17,141,68~227,轻度污染,93.6,216.2,40.3,1.888,39.5,83,263
衡水,2015-02-18,193,62~482,中度污染,154.7,226.8,48.8,2.217,35.9,128,321
衡水,2015-02-19,194,119~321,中度污染,149.4,230.2,95.4,2.029,35.1,84,298
衡水,2015-02-20,201,104~325,重度污染,157.5,205.9,26.5,2.318,24.6,68,349
衡水,2015-02-21,265,188~328,重度污染,212.3,282.4,31.9,2.683,29.7,87,361
衡水,2015-02-22,117,82~151,轻度污染,33.6,182.2,22.2,1.396,18.2,89,260
衡水,2015-02-23,154,103~207,中度污染,95.9,254.2,48.4,2.255,28.2,98,335
衡水,2015-02-24,230,146~350,重度污染,172.4,340.8,25.5,2.491,31.4,44,359
衡水,2015-02-25,271,58~460,重度污染,190,345.7,39,3.614,43.1,117,321
衡水,2015-02-26,91,69~124,良,64.7,116.1,37.3,1.627,27,98,276
衡水,2015-02-27,85,63~116,良,60.2,100.6,49.3,1.671,34.3,67,306
衡水,2015-02-28,102,56~174,轻度污染,75,106,34.3,1.292,24.3,67,305
衡水,2015-03-01,122,73~226,轻度污染,79.1,154.6,48.6,1.529,41.3,99,312
衡水,2015-03-02,122,103~160,轻度污染,84.3,190,58.5,1.487,50.8,75,322
衡水,2015-03-03,93,38~191,良,34.1,130.1,21.5,0.692,22,100,215
衡水,2015-03-04,63,49~82,良,32.1,72.1,25.7,0.918,26.4,100,211
衡水,2015-03-05,107,62~236,轻度污染,72.8,149.8,55.2,1.146,36.5,95,310
衡水,2015-03-06,154,116~211,中度污染,111.5,216.5,36,1.083,27.4,123,339
衡水,2015-03-07,138,124~171,轻度污染,104.3,178.3,31.9,1.061,29.2,139,334
衡水,2015-03-08,175,139~279,中度污染,134.2,211,32.6,1.426,38.4,94,342
衡水,2015-03-09,87,55~128,良,42.2,111.9,16.3,0.921,25.3,97,240
衡水,2015-03-10,95,74~145,良,51.9,138.4,37.7,1.109,35.9,100,284
衡水,2015-03-11,112,56~175,轻度污染,73.5,165,33,1.1,34.3,115,285
衡水,2015-03-12,175,142~230,中度污染,131.9,271.3,83.9,1.838,65.6,93,351
衡水,2015-03-13,151,61~226,中度污染,110,191.4,54.7,1.583,58.9,116,296
衡水,2015-03-14,206,96~500,重度污染,96.5,283,60,1.246,48.7,131,306
衡水,2015-03-15,197,154~370,中度污染,137.7,299,46.4,1.287,49.6,148,335
衡水,2015-03-16,190,154~243,中度污染,138.6,238.4,30.5,1.139,26.2,141,337
衡水,2015-03-17,183,74~253,中度污染,120,243.9,31.3,1.125,36.7,130,333
衡水,2015-03-18,88,64~136,良,53.7,121.4,38.6,0.848,55.5,97,260
衡水,2015-03-19,182,138~269,中度污染,134.3,280.6,59,1.757,77.2,135,350
衡水,2015-03-20,219,110~407,重度污染,132.4,317.8,46.1,1.425,62,143,342
衡水,2015-03-21,148,72~270,轻度污染,64.1,232.9,37,0.808,47,128,304
衡水,2015-03-22,213,91~500,重度污染,48.1,325.1,29.2,0.604,35.9,84,305
衡水,2015-03-23,117,85~175,轻度污染,54.4,180.8,54.8,0.929,47,109,325
衡水,2015-03-24,127,105~163,轻度污染,75.2,199.7,41.3,0.922,45.1,155,333
衡水,2015-03-25,113,91~132,轻度污染,70.8,168.5,36.7,0.817,39.3,162,325
衡水,2015-03-26,98,81~122,良,59.8,138.9,33.3,0.85,37.5,169,289
衡水,2015-03-27,127,96~170,轻度污染,75.1,192.7,35.9,0.796,38.9,174,313
衡水,2015-03-28,177,99~409,中度污染,70,242.6,22,0.743,37.2,137,318
衡水,2015-03-29,317,135~500,严重污染,67,445.1,37.1,0.809,36.5,139,347
衡水,2015-03-30,276,162~456,重度污染,112.7,380.9,40.2,1.217,29,197,356
衡水,2015-03-31,158,50~263,中度污染,121.1,152.1,27.6,1.158,30.6,146,299
衡水,2015-04-01,76,61~116,良,52.3,82.5,21.7,0.909,31.7,87,244
衡水,2015-04-02,84,50~135,良,61.1,73.9,20.7,0.975,27.6,143,268
衡水,2015-04-03,118,50~212,轻度污染,86.5,119,27.9,1.088,34.8,160,295
衡水,2015-04-04,92,56~146,良,67,92.4,25.3,0.642,35.2,170,261
衡水,2015-04-05,139,79~184,轻度污染,91.4,180.3,29.3,0.813,48,159,317
衡水,2015-04-06,68,54~86,良,39,81.7,19.9,0.55,20.2,89,256
衡水,2015-04-07,84,72~105,良,59.1,101.5,38.4,0.721,29.2,145,322
衡水,2015-04-08,104,83~128,轻度污染,74.2,143.9,36.5,0.814,35.1,134,333
衡水,2015-04-09,102,77~168,轻度污染,75.8,117.1,27.9,0.926,29.3,159,313
衡水,2015-04-10,154,88~244,中度污染,116.2,182.7,30.4,1.181,36.7,191,337
衡水,2015-04-11,132,100~160,轻度污染,97.9,168.9,27,0.918,25.7,179,335
衡水,2015-04-12,70,43~144,良,36.8,72,13.9,0.609,18.9,107,185
衡水,2015-04-13,61,42~93,良,38.2,60.1,16.8,0.571,22,145,150
衡水,2015-04-14,101,76~131,轻度污染,69.6,128.9,42,1.253,35.2,170,299
衡水,2015-04-15,140,89~475,轻度污染,81.4,209.7,42.9,1.075,37.7,177,298
衡水,2015-04-16,191,74~500,中度污染,47.7,275.9,12.5,0.417,14.8,137,247
衡水,2015-04-17,132,78~199,轻度污染,45.6,211.6,31.2,0.67,25.3,180,268
衡水,2015-04-18,176,142~283,中度污染,94.2,293.5,51.2,1.125,53.8,110,349
衡水,2015-04-19,89,68~137,良,57.9,107.2,19,0.862,29.3,108,283
衡水,2015-04-20,91,68~125,良,47.9,128.4,19.2,0.755,27.2,181,305
衡水,2015-04-21,111,88~153,轻度污染,69.9,163.2,35.2,1.118,33.9,157,325
衡水,2015-04-22,108,66~143,轻度污染,59.9,162.1,36.3,0.948,35.1,145,311
衡水,2015-04-23,104,82~124,轻度污染,62.5,148.4,32.5,0.925,30.5,187,296
衡水,2015-04-24,138,104~211,轻度污染,70.7,211.1,41.7,1,32.7,172,336
衡水,2015-04-25,152,100~239,中度污染,100.7,225.6,40.3,1.295,35.6,230,330
衡水,2015-04-26,110,80~168,轻度污染,63.2,152.9,26.5,0.823,19,190,274
衡水,2015-04-27,116,88~154,轻度污染,79.8,144.5,31.2,0.979,17.6,207,304
衡水,2015-04-28,95,61~143,良,66.3,93.9,31.3,0.905,26.9,169,257
衡水,2015-04-29,115,80~153,轻度污染,85,123.6,23.9,1.01,29.4,183,304
衡水,2015-04-30,156,112~204,中度污染,108.2,168.5,30.5,1.073,25,221,340
衡水,2015-05-01,121,61~163,轻度污染,84.1,143.4,29,1,18.8,202,317
衡水,2015-05-02,75,38~146,良,54.1,57,19.6,0.957,20.7,142,231
衡水,2015-05-03,161,124~207,中度污染,87.5,222,27.7,1.191,37,147,350
衡水,2015-05-04,83,62~176,良,35.8,112.5,38,0.821,27.4,161,257
衡水,2015-05-05,106,88~125,轻度污染,63,149.3,29.2,0.987,23.2,195,314
衡水,2015-05-06,131,73~236,轻度污染,63.4,202.3,32.7,1.052,28,152,307
衡水,2015-05-07,106,86~138,轻度污染,51.2,158.8,34.5,0.922,25.7,161,279
衡水,2015-05-08,114,75~181,轻度污染,76.5,151.9,25.9,1.185,24.6,168,326
衡水,2015-05-09,65,35~99,良,46.5,41.5,6,0.827,20.9,89,196
衡水,2015-05-10,63,37~96,良,44.5,44.3,9.6,0.965,34.9,48,180
衡水,2015-05-11,69,56~99,良,40.3,62.5,14.8,1.2,24.4,107,270
衡水,2015-05-12,73,52~99,良,29.3,93.5,25.2,0.845,22.4,147,243
衡水,2015-05-13,103,85~124,轻度污染,56.7,154.1,38.9,1.582,40.6,173,322
衡水,2015-05-14,105,56~166,轻度污染,47.7,155.6,20.2,0.857,33.6,132,266
衡水,2015-05-15,104,75~192,轻度污染,58.8,143.1,31.1,1.005,47.7,144,307
衡水,2015-05-16,106,72~175,轻度污染,61.1,146.1,26.4,1.064,35.5,233,307
衡水,2015-05-17,151,82~358,中度污染,68.5,227.4,19.6,0.971,14.7,179,318
衡水,2015-05-18,102,67~154,轻度污染,57.1,140.7,16.6,0.927,26,156,287
衡水,2015-05-19,86,67~117,良,29.8,119.6,19.3,0.691,26.3,134,249
衡水,2015-05-20,80,52~110,良,35.3,101.1,21.7,0.582,36.5,141,253
衡水,2015-05-21,72,60~95,良,36,90.6,21.2,0.717,31.9,148,243
衡水,2015-05-22,103,71~138,轻度污染,64.3,120.3,26.3,1.023,29.4,195,305
衡水,2015-05-23,144,107~217,轻度污染,93.4,159.6,21.9,0.93,27.2,214,341
衡水,2015-05-24,127,103~148,轻度污染,77.6,147.2,20,0.9,32.3,223,317
衡水,2015-05-25,131,115~150,轻度污染,77.4,166,19.8,0.861,24.5,224,312
衡水,2015-05-26,117,95~144,轻度污染,72.8,149.6,16.8,0.88,21.9,217,286
衡水,2015-05-27,160,108~207,中度污染,110.9,156.4,18.7,1.03,21.1,252,330
衡水,2015-05-28,126,72~192,轻度污染,85.8,136.3,20.9,0.976,22.8,218,304
衡水,2015-05-29,116,58~211,轻度污染,86,120.3,14.8,0.935,29.9,118,314
衡水,2015-05-30,130,85~174,轻度污染,84,147.3,18.7,1.086,43,199,340
衡水,2015-05-31,123,73~191,轻度污染,80.1,165.6,20.3,1.01,24.3,210,321
衡水,2015-06-01,136,106~171,轻度污染,101.9,172.7,14.8,1.071,16.9,181,321
衡水,2015-06-02,123,77~181,轻度污染,62.3,156.6,12.8,0.813,24.3,143,331
衡水,2015-06-03,99,74~129,良,43.2,121,28.7,0.865,30.7,208,337
衡水,2015-06-04,101,61~182,轻度污染,56.1,141.5,20.9,0.962,30.6,136,320
衡水,2015-06-05,119,73~200,轻度污染,58,186.5,26.1,0.918,30.1,164,334
衡水,2015-06-06,146,111~174,轻度污染,82.9,216.3,32.6,1.39,38.1,262,351
衡水,2015-06-07,114,55~185,轻度污染,66.5,128.9,18.2,0.922,21.9,185,303
衡水,2015-06-08,72,51~100,良,33.7,84,26.6,0.824,30.3,164,269
衡水,2015-06-09,132,91~183,轻度污染,38.8,210.5,22.1,0.51,25.6,225,335
衡水,2015-06-10,160,109~200,中度污染,109.2,244.6,23.5,1.205,33.1,220,348
衡水,2015-06-11,79,55~96,良,29.3,102.3,17.5,0.413,21.8,123,267
衡水,2015-06-12,86,64~129,良,31,119.5,33.4,0.657,38.2,131,275
衡水,2015-06-13,71,34~113,良,31.7,80.1,10.7,0.591,27.2,197,227
衡水,2015-06-14,106,73~136,轻度污染,51,102.6,14.2,0.7,27,211,327
衡水,2015-06-15,134,100~170,轻度污染,87.9,191.5,25.7,0.939,44.3,236,341
衡水,2015-06-16,107,82~132,轻度污染,66.3,114.5,14.6,0.991,21.1,208,310
衡水,2015-06-17,170,106~307,中度污染,120.5,193.2,25.1,1.129,36,267,344
衡水,2015-06-18,134,72~224,轻度污染,76.1,128.3,19.4,0.858,31.4,182,334
衡水,2015-06-19,89,70~113,良,51.9,115.9,37.6,0.807,33.9,168,305
衡水,2015-06-20,90,51~116,良,57.8,82.3,15.4,0.619,31.4,162,304
衡水,2015-06-21,98,65~139,良,44.2,86.8,15,0.654,33.3,208,300
衡水,2015-06-22,134,84~167,轻度污染,89,145.6,15.7,0.791,22.4,226,342
衡水,2015-06-23,145,93~189,轻度污染,110,156.2,17.2,1.038,23,171,347
衡水,2015-06-24,102,70~160,轻度污染,73.1,84.9,5.8,0.692,11.5,137,323
衡水,2015-06-25,93,59~130,良,68.5,69.7,6.9,0.739,19.3,139,332
衡水,2015-06-26,124,74~163,轻度污染,90,102.3,9.2,0.85,23.2,193,344
衡水,2015-06-27,134,98~178,轻度污染,99.1,120.4,13.3,0.979,22.8,194,346
衡水,2015-06-28,134,93~191,轻度污染,100.7,137,14.6,0.929,25.9,198,343
衡水,2015-06-29,94,42~207,良,68.3,76.5,8.3,0.658,17.6,126,282
衡水,2015-06-30,69,53~86,良,49,57.7,10.9,0.767,18.1,124,290
衡水,2015-07-01,118,50~216,轻度污染,66.9,124.3,25.7,1.452,39.4,149,321
衡水,2015-07-02,57,40~77,良,22.4,47,14.1,0.47,25.2,140,198
衡水,2015-07-03,76,53~116,良,28.9,79.6,24.2,0.65,32.3,156,267
衡水,2015-07-04,94,36~172,良,41.1,92.3,36.1,0.646,27,283,261
衡水,2015-07-05,102,64~142,轻度污染,68.2,99.4,22.3,2.021,26.2,210,330
衡水,2015-07-06,105,71~132,轻度污染,78.1,107,17.1,0.725,26.1,177,330
衡水,2015-07-07,129,91~210,轻度污染,87.4,118,19.6,0.75,30.3,195,342
衡水,2015-07-08,170,108~242,中度污染,118,156.6,21.9,1.109,29.2,222,352
衡水,2015-07-09,151,95~238,中度污染,113.6,176.1,28.7,0.933,31.7,181,342
衡水,2015-07-10,114,81~161,轻度污染,83.3,145.8,22.5,0.908,29.4,166,336
衡水,2015-07-11,79,21~160,良,57.3,81.7,14.1,0.613,16.3,106,213
衡水,2015-07-12,81,64~114,良,55.7,100.5,17.6,0.796,25.5,155,263
衡水,2015-07-13,154,103~204,中度污染,104.3,185.4,30.2,1.554,37.8,308,352
衡水,2015-07-14,155,78~500,中度污染,101.3,189.8,26.1,1.379,35.2,171,320
衡水,2015-07-15,113,75~172,轻度污染,84.7,99,17.6,0.991,30.5,128,325
衡水,2015-07-16,94,67~120,良,69.7,83.4,13.7,0.929,28.9,161,321
衡水,2015-07-17,120,63~168,轻度污染,90.1,99.7,17,0.9,30.7,155,340
衡水,2015-07-18,103,42~156,轻度污染,76.4,84.6,10.7,0.814,21.5,139,290
衡水,2015-07-19,148,98~228,轻度污染,111.3,128,10.2,0.965,21.8,146,357
衡水,2015-07-20,88,47~124,良,64.3,69.5,10.5,0.717,18.7,152,274
衡水,2015-07-21,138,52~199,轻度污染,104.2,123,9.3,0.838,17.9,135,343
衡水,2015-07-22,105,36~216,轻度污染,77.9,89.4,7.8,0.75,22,150,265
衡水,2015-07-23,135,99~182,轻度污染,102.5,136.3,7.9,0.892,25.5,172,353
衡水,2015-07-24,99,61~140,良,73.5,85,8.6,0.95,21.9,165,327
衡水,2015-07-25,113,65~216,轻度污染,82.1,108.9,13,1.263,21.7,205,327
衡水,2015-07-26,144,89~220,轻度污染,109,126,8.3,0.929,21.4,164,346
衡水,2015-07-27,110,65~168,轻度污染,82,107.8,8.3,0.892,17.6,141,326
衡水,2015-07-28,133,69~198,轻度污染,100.2,117.1,9.3,0.946,18.3,146,343
衡水,2015-07-29,95,50~134,良,70.8,91.8,10.6,0.879,17.4,112,326
衡水,2015-07-30,82,46~176,良,59.3,71.5,11.3,0.742,19.6,83,293
衡水,2015-07-31,82,55~127,良,60.6,64.9,14.2,0.788,21.4,73,328
衡水,2015-08-01,144,102~201,轻度污染,108.8,111.5,17.5,0.996,21.2,69,358
衡水,2015-08-02,208,148~268,重度污染,160.3,222,17.9,1.338,26.5,100,362
衡水,2015-08-03,70,18~225,良,45.8,73.5,17.7,0.921,27.5,66,177
衡水,2015-08-04,51,32~62,良,33.4,52.1,22.5,1.05,28.5,112,212
衡水,2015-08-05,107,58~201,轻度污染,80.1,104.8,20.8,1.229,27.1,99,324
衡水,2015-08-06,75,57~105,良,55,64.1,16.5,0.85,19.8,88,305
衡水,2015-08-07,112,88~128,轻度污染,84.3,93.7,18.5,1.042,29.6,103,353
衡水,2015-08-08,121,84~159,轻度污染,91.1,111.1,18.8,1,31.1,129,354
衡水,2015-08-09,143,98~204,轻度污染,108.6,136.8,16.8,1.142,36.8,141,357
衡水,2015-08-10,159,84~210,中度污染,119.2,157.3,20.3,1.113,39.9,129,359
衡水,2015-08-11,161,100~215,中度污染,121.8,165.8,16.6,1.2,55.8,127,361
衡水,2015-08-12,122,64~188,轻度污染,90,134.9,16.5,1.021,31.7,128,330
衡水,2015-08-13,145,76~233,轻度污染,109.9,149.6,15.5,0.992,22,133,340
衡水,2015-08-14,119,94~156,轻度污染,83.9,149.3,21.6,1.158,32.5,136,338
衡水,2015-08-15,105,85~135,轻度污染,77.9,124.9,23.5,1.3,31.5,178,343
衡水,2015-08-16,115,57~179,轻度污染,85.7,118,16.8,1.067,26.3,136,315
衡水,2015-08-17,134,82~179,轻度污染,101.2,126.9,12.7,1.055,19.4,106,327
衡水,2015-08-18,129,80~208,轻度污染,97.5,128.1,10.9,1.108,22.7,110,334
衡水,2015-08-19,101,67~150,轻度污染,74.8,98.5,12.8,1.05,30.1,101,337
衡水,2015-08-20,78,60~127,良,56.7,92.9,12.2,0.988,25.3,139,317
衡水,2015-08-21,79,39~153,良,49.9,93.9,16.1,0.846,27.8,127,265
衡水,2015-08-22,117,43~211,轻度污染,83.3,141.9,16.8,1.233,28.9,141,310
衡水,2015-08-23,64,35~109,良,41.9,72.3,13.1,0.867,26.6,125,229
衡水,2015-08-24,65,50~82,良,46.5,59.5,9.8,1.367,30.3,74,255
衡水,2015-08-25,62,43~82,良,43.3,60.9,11.5,1.096,33.5,128,227
衡水,2015-08-26,72,48~110,良,49.6,85.9,20.5,1.022,31.2,142,235
衡水,2015-08-27,66,52~94,良,43.8,77.8,14.5,0.933,28.4,158,221
衡水,2015-08-28,76,40~118,良,53.9,84.3,14.8,1.058,23.4,185,251
衡水,2015-08-29,47,32~65,优,26.5,41,8.6,0.75,19.4,172,147
衡水,2015-08-30,121,59~195,轻度污染,91.3,110.8,19.7,1.104,27.9,128,325
衡水,2015-08-31,66,35~115,良,47.5,33.4,6.8,1.075,24.6,103,224
衡水,2015-09-01,46,28~65,优,32.5,12.3,4.2,0.871,18.7,76,153
衡水,2015-09-02,42,27~67,优,26.1,30.1,6.3,0.842,28.2,110,136
衡水,2015-09-03,48,29~64,优,29.5,47.8,10.1,0.871,29.9,91,174
衡水,2015-09-04,76,40~115,良,54.4,67.3,10.5,0.958,20.4,102,271
衡水,2015-09-05,80,64~103,良,58.5,35.9,7.8,0.904,20.4,97,338
衡水,2015-09-06,68,52~90,良,45,49.8,14.6,1.275,36.3,132,307
衡水,2015-09-07,71,46~102,良,41.7,80.6,17.5,1.283,38.1,162,289
衡水,2015-09-08,102,65~168,轻度污染,67.7,135,39.4,1.567,55.3,254,328
衡水,2015-09-09,208,105~269,重度污染,162.3,234.1,24.7,1.779,71.1,91,363
衡水,2015-09-10,82,36~186,良,56.6,83.6,17.7,1.521,40,61,257
衡水,2015-09-11,40,25~69,优,24.8,32.9,8.8,0.908,25,95,142
衡水,2015-09-12,52,29~92,良,26.7,56.4,8.5,0.775,32.8,106,201
衡水,2015-09-13,71,52~94,良,35.4,91.4,21.9,1.142,36.5,162,287
衡水,2015-09-14,82,72~104,良,45.7,111.4,26.6,1.021,35.9,192,317
衡水,2015-09-15,129,88~192,轻度污染,92.8,182.4,39.3,1.546,58.8,213,353
衡水,2015-09-16,149,74~262,轻度污染,108,216.7,29.4,1.535,77.9,180,340
衡水,2015-09-17,114,85~176,轻度污染,82.5,149.5,23.7,1.233,38.8,189,331
衡水,2015-09-18,130,84~205,轻度污染,95.5,176.8,25.1,1.421,50.6,203,331
衡水,2015-09-19,214,124~266,重度污染,167.6,259.3,52.6,1.817,70.3,141,359
衡水,2015-09-20,68,54~78,良,29,85.3,17.9,1.05,36,161,243
衡水,2015-09-21,139,71~210,轻度污染,104.2,183.2,45.4,1.558,39.6,225,331
衡水,2015-09-22,128,97~169,轻度污染,94.1,157.8,20,1.254,31.4,180,344
衡水,2015-09-23,173,96~239,中度污染,131.3,200.3,23.4,1.554,48.8,183,362
衡水,2015-09-24,156,94~222,中度污染,118.1,200.6,18.8,1.658,58.7,194,346
衡水,2015-09-25,89,47~218,良,50.4,106.4,13.2,1.046,38,136,271
衡水,2015-09-26,69,48~89,良,33.1,86.5,18.3,1.117,39,151,262
衡水,2015-09-27,199,85~262,中度污染,151.9,274.2,45.8,1.954,52.6,263,360
衡水,2015-09-28,151,77~277,中度污染,116.4,168.6,16,1.717,36.7,151,344
衡水,2015-09-29,60,51~70,良,39.5,65.8,15.1,1.475,47.9,41,238
衡水,2015-09-30,69,49~100,良,46.7,77.9,21.5,1.796,57.2,65,269
衡水,2015-10-01,68,52~109,良,28.3,77.5,12.1,0.921,36.3,101,229
衡水,2015-10-02,93,60~140,良,44.7,136.3,41.9,1.171,53.1,131,289
衡水,2015-10-03,112,66~172,轻度污染,66.3,171.8,41,1.263,63.5,144,297
衡水,2015-10-04,251,97~433,重度污染,187.7,346,52,1.883,78.2,213,350
衡水,2015-10-05,206,98~325,重度污染,148.4,296.7,33.4,1.554,51.7,192,344
衡水,2015-10-06,153,97~223,中度污染,114.3,213.5,19.9,1.25,43.4,182,336
衡水,2015-10-07,107,54~199,轻度污染,75.7,137.7,12.6,1.079,34,158,301
衡水,2015-10-08,78,58~102,良,35.1,96.5,13.2,0.808,37.4,89,314
衡水,2015-10-09,103,65~142,轻度污染,44.3,155.6,40.9,1.088,48.8,95,337
衡水,2015-10-10,75,54~98,良,30.9,100.1,15.8,0.785,34.7,72,282
衡水,2015-10-11,91,56~152,良,35.8,132.6,28.3,0.983,47,105,305
衡水,2015-10-12,102,54~172,轻度污染,61.3,147.6,35.7,1.146,64,110,272
衡水,2015-10-13,150,87~214,轻度污染,108.1,229.5,47.4,1.492,78.6,219,324
衡水,2015-10-14,296,196~497,重度污染,216.3,397.6,53.2,1.696,77.3,202,360
衡水,2015-10-15,340,189~488,严重污染,257.1,442.5,49.3,2.438,86.4,258,360
衡水,2015-10-16,225,101~315,重度污染,174.3,322.8,40.8,1.592,64.6,244,327
衡水,2015-10-17,227,193~295,重度污染,177,317,37.8,1.404,51,266,352
衡水,2015-10-18,178,55~470,中度污染,122.5,242.1,35.4,1.171,44.1,128,284
衡水,2015-10-19,107,57~240,轻度污染,68,140.8,27.1,0.975,49,125,226
衡水,2015-10-20,253,134~417,重度污染,195.7,333,38.8,1.713,65.3,166,356
衡水,2015-10-21,107,73~131,轻度污染,56.7,159.8,20.3,1.138,46.2,45,272
衡水,2015-10-22,68,46~94,良,48.5,57.2,16.5,1.283,39.8,36,146
衡水,2015-10-23,87,60~124,良,64.7,71.9,13.5,0.892,33.5,45,205
衡水,2015-10-24,103,57~229,轻度污染,74.1,117.3,22.4,1.125,38,50,221
衡水,2015-10-25,67,54~90,良,38.8,83.3,26.7,0.683,43.7,46,196
衡水,2015-10-26,77,49~139,良,44.5,97.2,26,0.725,36.5,57,213
衡水,2015-10-27,83,65~105,良,36,116.4,48.3,0.746,39.8,83,301
衡水,2015-10-28,72,33~104,良,38.3,95.3,23.3,0.713,47.5,78,215
衡水,2015-10-29,68,44~109,良,35.8,85.5,28.2,0.892,49.6,74,224
衡水,2015-10-30,69,45~112,良,39.3,85.8,19.4,0.75,49.2,84,242
衡水,2015-10-31,127,74~200,轻度污染,94.8,174.6,60.3,1.375,76,67,321
衡水,2015-11-01,120,82~165,轻度污染,90.5,161.5,38.9,1.192,64.5,79,316
衡水,2015-11-02,163,97~226,中度污染,123.3,230.3,73.4,1.875,82.3,87,325
衡水,2015-11-03,134,106~185,轻度污染,91.5,186.9,31.5,1.013,48.4,162,291
衡水,2015-11-04,190,144~224,中度污染,144.3,243.8,43,1.483,72.2,180,344
衡水,2015-11-05,186,58~275,中度污染,130.8,239.3,29.4,1.25,61.2,71,312
衡水,2015-11-06,39,23~53,优,24.6,29.6,8.9,0.867,21.5,59,120
衡水,2015-11-07,42,26~68,优,29,36.5,8.2,0.85,22,50,145
衡水,2015-11-08,116,59~252,轻度污染,87.5,114.1,11.1,1.246,36.4,57,272
衡水,2015-11-09,113,93~130,轻度污染,85.5,114.9,24.4,1.255,25.8,54,287
衡水,2015-11-10,145,119~186,轻度污染,110,167.2,30.4,1.463,41.2,50,319
衡水,2015-11-11,203,182~234,重度污染,154,247.8,47.8,2.025,63.8,49,344
衡水,2015-11-12,183,147~227,中度污染,138.4,223.8,44.9,2.596,70.5,67,329
衡水,2015-11-13,207,139~242,重度污染,157.1,243.3,46.3,2.571,61.9,84,344
衡水,2015-11-14,136,64~247,轻度污染,101.6,169.3,24.6,2.342,58.3,81,280
衡水,2015-11-15,249,143~333,重度污染,199.9,307.5,35.5,2.804,66.8,29,360
衡水,2015-11-16,75,49~170,良,49.5,82.8,18.9,1.133,36.1,44,214
衡水,2015-11-17,97,58~148,良,70,130.8,26.4,1.55,40.7,47,309
衡水,2015-11-18,67,36~114,良,48,73.5,12.3,0.946,25.3,49,244
衡水,2015-11-19,98,65~144,良,73.2,123,31.3,1.454,39.7,46,303
衡水,2015-11-20,154,108~258,中度污染,117.8,208.6,33.9,1.692,50,9,345
衡水,2015-11-21,87,59~127,良,64,83.8,18.2,2.125,40,20,282
衡水,2015-11-22,56,43~68,良,39.8,40.3,20.4,1.283,33.5,56,227
衡水,2015-11-23,80,68~95,良,58.4,73.8,29.5,1.375,35.3,58,327
衡水,2015-11-24,72,53~134,良,51.8,73.2,32.3,1.3,35.9,61,314
衡水,2015-11-25,144,83~210,轻度污染,108.9,146.7,46.1,1.65,42.5,45,351
衡水,2015-11-26,182,132~234,中度污染,138.9,196.5,54.2,2.067,44.1,112,359
衡水,2015-11-27,153,94~225,中度污染,115.8,170.3,49,1.471,38,101,330
衡水,2015-11-28,265,201~315,重度污染,215.1,323.3,56.7,2.25,71.3,50,355
衡水,2015-11-29,327,286~393,严重污染,275.6,407.3,71.5,3.142,86,55,356
衡水,2015-11-30,385,256~500,严重污染,321.7,494.9,68.7,4.058,82,26,355
衡水,2015-12-01,275,176~439,重度污染,200.2,366.2,71.7,5.129,87.6,26,343
衡水,2015-12-02,233,51~500,重度污染,152.6,295,74.4,3.821,79.8,63,284
衡水,2015-12-03,64,53~90,良,32.3,77.6,26.8,0.942,27.7,62,201
衡水,2015-12-04,90,66~137,良,63.8,122.2,58.4,1.725,47,59,305
衡水,2015-12-05,166,85~291,中度污染,127,221.5,96.8,2.592,73.5,58,332
衡水,2015-12-06,216,162~262,重度污染,167.3,271,100.1,2.521,88.9,45,347
衡水,2015-12-07,338,196~500,严重污染,257.3,425.5,142.9,4.583,110.8,15,354
衡水,2015-12-08,403,268~500,严重污染,330.5,500.6,121.9,5.175,119.6,20,360
衡水,2015-12-09,472,302~500,严重污染,440,617.3,57.2,6.308,127.2,15,361
衡水,2015-12-10,280,155~423,重度污染,225.8,363.2,42,4.225,122.1,51,331
衡水,2015-12-11,123,63~259,轻度污染,87.1,144.5,57.1,1.575,62.8,61,243
衡水,2015-12-12,88,57~204,良,63.2,111,56.3,1.25,54.3,72,198
衡水,2015-12-13,218,149~268,重度污染,170,261.1,100,2.646,81.4,44,334
衡水,2015-12-14,211,79~380,重度污染,170.5,253,82.4,2.254,64.5,66,295
衡水,2015-12-15,82,52~113,良,47.6,107,40.6,0.971,36.2,69,229
衡水,2015-12-16,52,40~69,良,26.2,54,18.5,0.708,23.1,61,173
衡水,2015-12-17,100,56~173,良,73,117.9,51.8,1.558,45.6,61,310
衡水,2015-12-18,170,119~250,中度污染,129.2,198.3,88,2.233,73.2,40,344
衡水,2015-12-19,267,137~389,重度污染,217.1,305.1,111.7,3.425,102.3,47,353
衡水,2015-12-20,291,252~348,重度污染,240.9,332.5,113.1,3.125,105.2,71,351
衡水,2015-12-21,423,350~500,严重污染,374.7,508.4,117.3,3.708,126.5,31,358
衡水,2015-12-22,491,440~500,严重污染,717.9,893.3,82.3,8.133,156.5,17,363
衡水,2015-12-23,465,330~500,严重污染,455.4,715.1,43.5,7.55,135.4,15,355
衡水,2015-12-24,415,333~487,严重污染,321.9,500.8,36.2,5.204,102,38,345
衡水,2015-12-25,248,143~364,重度污染,197.4,279.1,43.7,4.321,89.1,69,322
衡水,2015-12-26,243,57~440,重度污染,203,284.4,45.5,3.542,67.7,60,297
衡水,2015-12-27,54,39~77,良,33.1,59.3,23.2,0.942,30.1,67,125
衡水,2015-12-28,145,80~248,轻度污染,110.7,155.1,51,1.908,61.1,62,280
衡水,2015-12-29,276,214~377,重度污染,226.2,298.7,55.9,2.633,71,39,345
衡水,2015-12-30,299,53~500,重度污染,310.3,390.2,57.7,3.7,90,78,276
衡水,2015-12-31,256,148~381,重度污染,209,263.8,68.4,2.804,77.3,75,328
衡水,2016-01-01,208,33~270,重度污染,161.8,212.3,53.8,1.896,59.9,61,303
衡水,2016-01-02,387,265~500,严重污染,361.3,448.8,77.3,3.663,102.9,24,356
衡水,2016-01-03,406,258~500,严重污染,392.2,515.7,63.6,4.504,86.4,26,343
衡水,2016-01-04,184,108~307,中度污染,142,181.5,52.2,2.163,55.9,55,271
衡水,2016-01-05,80,54~120,良,58,82.9,53.1,1.583,45.9,76,205
衡水,2016-01-06,154,99~250,中度污染,117.6,154.5,75.4,2.2,62.5,67,305
衡水,2016-01-07,99,43~239,良,72,105.5,44.8,1.65,49,72,220
衡水,2016-01-08,227,124~353,重度污染,181.5,238.5,94.7,2.776,82.6,56,336
衡水,2016-01-09,295,185~371,重度污染,245,297.3,76.7,2.821,82.1,103,347
衡水,2016-01-10,321,54~500,严重污染,287,348.8,64,3.158,78.2,52,310
衡水,2016-01-11,74,49~117,良,50.8,83,35.8,1.421,46.6,75,221
衡水,2016-01-12,126,70~169,轻度污染,95,140.4,65.4,2.096,60.6,58,314
衡水,2016-01-13,171,78~308,中度污染,132.7,189,104.1,2.779,71,70,312
衡水,2016-01-14,166,67~306,中度污染,123.4,191.4,103.4,2.567,72.6,71,277
衡水,2016-01-15,210,143~335,重度污染,165.1,235,106.2,2.996,89.8,76,332
衡水,2016-01-16,253,105~402,重度污染,207.6,273.5,72.3,3.071,79.5,28,328
衡水,2016-01-17,124,73~188,轻度污染,93.7,126.7,29.3,1.65,44.5,72,263
衡水,2016-01-18,160,105~205,中度污染,121.1,159.3,35.5,2.125,56.3,73,311
衡水,2016-01-19,113,70~205,轻度污染,84.8,129.5,53,1.863,59.1,78,238
衡水,2016-01-20,120,85~165,轻度污染,90.4,135.2,84.9,2.229,69.3,67,287
衡水,2016-01-21,173,112~225,中度污染,131.5,186.3,87.6,2.325,73.3,22,335
衡水,2016-01-22,101,56~150,轻度污染,58.3,121.8,31.8,1.454,39.7,73,287
衡水,2016-01-23,70,56~97,良,38.2,89,18.4,1.233,26.6,84,261
衡水,2016-01-24,65,51~98,良,37.3,76.1,30.2,1.225,25.1,72,240
衡水,2016-01-25,119,56~218,轻度污染,88.4,133.4,81.4,2.179,53.5,78,309
衡水,2016-01-26,112,58~189,轻度污染,83.1,124.8,66.5,1.946,60,79,283
衡水,2016-01-27,137,95~211,轻度污染,103.4,154.9,78.1,2.275,72,80,278
衡水,2016-01-28,219,185~288,重度污染,169,223.1,103.9,3.079,98.4,35,346
衡水,2016-01-29,94,48~226,良,66.5,97.9,33.8,1.413,38.8,55,208
衡水,2016-01-30,70,40~119,良,49.9,72.2,35,1.354,36.4,58,182
衡水,2016-01-31,182,108~234,中度污染,138.7,180.7,59.1,2.425,64.4,50,347
衡水,2016-02-01,145,45~260,轻度污染,108.8,144.3,68.1,2.246,62.8,95,264
衡水,2016-02-02,162,57~274,中度污染,125.2,166.2,87.3,2.529,68.7,90,285
衡水,2016-02-03,218,147~312,重度污染,170.9,219.8,110.5,3.458,79.2,100,351
衡水,2016-02-04,164,53~336,中度污染,127.7,171.2,91.8,2.704,68.9,85,260
衡水,2016-02-05,139,58~246,轻度污染,101.3,143.8,62.4,2.154,55.3,91,279
衡水,2016-02-06,94,48~170,良,68.2,94.5,55.7,1.708,33.8,98,250
衡水,2016-02-07,142,52~273,轻度污染,104.5,154.8,73,1.85,31.3,105,276
衡水,2016-02-08,185,47~339,中度污染,144.6,203.8,93.5,2.25,38.4,116,222
衡水,2016-02-09,144,74~259,轻度污染,110.1,152.9,80.9,2,42.7,149,274
衡水,2016-02-10,250,182~322,重度污染,200.4,258.4,94.6,3,49.6,125,357
衡水,2016-02-11,229,148~277,重度污染,180,229.8,58.5,3.813,63.3,48,344
衡水,2016-02-12,161,84~270,中度污染,122.6,175,32.4,3.033,40.8,34,289
衡水,2016-02-13,77,26~321,良,57.6,64.8,25.3,1.788,29.8,72,186
衡水,2016-02-14,35,26~60,优,19.8,34,16.5,1.058,27.9,85,145
衡水,2016-02-15,52,35~77,良,31.2,52.6,29,1.229,28.1,81,243
衡水,2016-02-16,56,29~112,良,32.3,61.3,40.2,1.421,43.1,93,210
衡水,2016-02-17,93,33~147,良,67.7,93.6,53.1,1.775,62.3,94,274
衡水,2016-02-18,113,50~193,轻度污染,79.7,124,55.5,1.842,69.1,83,268
衡水,2016-02-19,112,53~210,轻度污染,79.1,136.7,36,1.7,60.5,79,227
衡水,2016-02-20,51,28~112,良,34.3,53.2,28.1,1.254,48.4,85,94
衡水,2016-02-21,98,75~169,良,70.3,124.1,43,1.529,60.3,76,216
衡水,2016-02-22,234,144~500,重度污染,187.9,287.3,71.2,2.229,85.1,48,348
衡水,2016-02-23,70,29~273,良,47.8,76.1,34.9,1.404,52.4,91,158
衡水,2016-02-24,73,30~144,良,51.3,78.2,47.3,1.579,43.7,97,191
衡水,2016-02-25,145,85~204,轻度污染,110,156,62,2.008,62.8,98,312
衡水,2016-02-26,112,59~229,轻度污染,83.2,125.2,55.3,1.888,55,102,260
衡水,2016-02-27,99,51~172,良,72.4,110.8,48.3,1.908,55.6,75,240
衡水,2016-02-28,63,46~86,良,33.9,67,25.6,1.288,28.3,91,147
衡水,2016-02-29,50,29~82,优,27.3,54.5,28.2,1.308,26.5,90,100
衡水,2016-03-01,129,79~196,轻度污染,97,146.2,53.6,1.754,48.3,126,308
衡水,2016-03-02,174,55~234,中度污染,131.3,188.5,48,1.979,50.6,115,305
衡水,2016-03-03,184,108~237,中度污染,135.8,232.3,41.1,1.954,44.6,148,318
衡水,2016-03-04,231,92~350,重度污染,185,259.1,18.4,2.279,51.2,63,314
衡水,2016-03-05,201,141~281,重度污染,104.7,303.9,21.3,1.733,41.6,100,295
衡水,2016-03-06,234,184~340,重度污染,115.3,367.5,31.3,1.879,48.1,122,329
衡水,2016-03-07,162,64~313,中度污染,100.4,237.4,33,2.263,53.9,99,255
衡水,2016-03-08,67,56~98,良,29.2,83.8,17.8,1.467,29.6,72,227
衡水,2016-03-09,61,38~93,良,37.8,70.9,24.4,1.513,35,74,265
衡水,2016-03-10,80,55~133,良,45.3,95.9,25.9,1.5,36.6,93,296
衡水,2016-03-11,79,47~144,良,51.8,97.6,34.7,1.575,43.2,102,233
衡水,2016-03-12,137,75~220,轻度污染,104.1,171.3,46,1.946,60.7,79,321
衡水,2016-03-13,145,42~273,轻度污染,105.2,169,37,1.971,56.7,109,255
衡水,2016-03-14,113,88~149,轻度污染,73.3,158.2,34.1,1.758,44.7,114,276
衡水,2016-03-15,168,105~247,中度污染,126.3,214,30.1,1.771,37.6,117,319
衡水,2016-03-16,231,193~261,重度污染,180.9,236.5,40.2,1.996,41.6,172,349
衡水,2016-03-17,186,125~218,中度污染,140.9,204.3,35,1.85,43.8,173,317
衡水,2016-03-18,268,198~305,重度污染,217.6,290.3,49.5,2.363,63.1,186,350
衡水,2016-03-19,180,74~368,中度污染,134.8,206.2,39,1.867,49.5,110,263
衡水,2016-03-20,83,60~137,良,59.2,105.7,38.6,1.583,55.5,103,173
衡水,2016-03-21,166,67~220,中度污染,124.8,205.3,65.4,2.288,79,126,331
衡水,2016-03-22,181,63~364,中度污染,122.8,224.3,50.5,1.892,59.5,156,324
衡水,2016-03-23,78,56~117,良,53.3,94,29.6,1.508,48.3,103,272
衡水,2016-03-24,86,47~140,良,56.5,109.9,18.2,1.596,57.2,120,284
衡水,2016-03-25,85,53~123,良,58.4,105.7,28.5,1.688,49.2,110,267
衡水,2016-03-26,88,41~207,良,57.9,106.2,28.4,1.625,50,114,217
衡水,2016-03-27,84,53~128,良,49.3,116.6,46.6,1.763,45.9,111,227
衡水,2016-03-28,109,82~150,轻度污染,63.1,165.5,28.8,1.583,44,114,288
衡水,2016-03-29,88,45~174,良,32.1,126.4,12.2,1.308,27.5,110,196
衡水,2016-03-30,125,86~188,轻度污染,82.9,195.5,47.5,1.992,58,102,291
衡水,2016-03-31,185,107~470,中度污染,76.6,255.5,22,1.35,27.2,156,326
衡水,2016-04-01,115,61~192,轻度污染,66.3,171.7,26.4,1.279,32.7,138,268
衡水,2016-04-02,85,51~180,良,34.1,118.7,27.6,1.129,33.5,102,181
衡水,2016-04-03,56,36~102,良,32.7,61.7,23,1.038,31.4,126,168
衡水,2016-04-04,86,72~113,良,62.8,105.1,30.7,1.133,47.4,158,298
衡水,2016-04-05,97,68~134,良,71.8,117.1,24.5,0.971,39.1,167,294
衡水,2016-04-06,126,95~159,轻度污染,95.7,126.4,27.2,0.758,29.9,143,330
衡水,2016-04-07,154,78~305,中度污染,102.5,190.1,28.5,0.7,41.2,141,331
衡水,2016-04-08,85,43~161,良,40.9,121.2,27.1,0.492,37.4,135,226
衡水,2016-04-09,181,60~295,中度污染,139.1,227.5,32.5,1.138,45.9,159,324
衡水,2016-04-10,105,76~208,轻度污染,38.9,158.7,22.2,0.45,30.5,127,289
衡水,2016-04-11,88,62~136,良,49.1,123.2,27.1,0.563,39.5,113,248
衡水,2016-04-12,185,123~266,中度污染,143.7,233.7,24.7,1.079,61.8,73,347
衡水,2016-04-13,160,71~292,中度污染,113.9,194.7,22.8,0.992,41.9,139,309
衡水,2016-04-14,104,70~136,轻度污染,49.7,157.3,33.8,0.571,34.6,158,273
衡水,2016-04-15,108,64~158,轻度污染,65.5,163.5,43.3,0.69,45.3,210,287
衡水,2016-04-16,79,48~180,良,45.3,90,18.3,0.491,31.1,100,262
衡水,2016-04-17,58,36~88,良,28.8,68,27.6,0.467,37.7,117,208
衡水,2016-04-18,52,30~112,良,22.5,52.5,14.8,0.3,21.1,128,164
衡水,2016-04-19,117,52~210,轻度污染,83.8,141,37.6,0.888,46.8,99,294
衡水,2016-04-20,142,110~193,轻度污染,106.6,173.2,25.1,1.196,53.5,189,345
衡水,2016-04-21,139,58~228,轻度污染,96.3,178.8,52.4,1.558,45.5,160,293
衡水,2016-04-22,107,80~159,轻度污染,45.8,160,24.3,0.45,31.5,144,289
衡水,2016-04-23,115,72~171,轻度污染,53.3,180,33.4,0.546,49.6,90,315
衡水,2016-04-24,102,63~150,轻度污染,57.7,154,33.3,0.629,38.3,184,297
衡水,2016-04-25,83,60~110,良,56.9,104.8,22.2,0.513,23.7,188,264
衡水,2016-04-26,123,82~205,轻度污染,89.8,173,34.9,0.829,48.8,203,339
衡水,2016-04-27,130,83~206,轻度污染,94.2,169.1,29.1,1.004,60.5,130,344
衡水,2016-04-28,131,79~196,轻度污染,97,140.5,28.7,0.988,33.5,190,336
衡水,2016-04-29,138,77~204,轻度污染,95.6,172.6,22.7,0.904,27.8,214,328
衡水,2016-04-30,123,84~165,轻度污染,92.1,145.7,29.8,0.892,25.3,228,326
衡水,2016-05-01,104,72~144,轻度污染,63.6,132.4,26.5,0.646,21,152,294
衡水,2016-05-02,78,51~129,良,46.2,101.7,21,0.538,26,107,254
衡水,2016-05-03,69,44~89,良,29.6,86.9,15.3,0.438,26,136,226
衡水,2016-05-04,94,70~120,良,57.3,126.4,32,0.838,39.8,218,305
衡水,2016-05-05,115,93~142,轻度污染,84.8,155.1,37,1.096,47.7,138,327
衡水,2016-05-06,125,49~260,轻度污染,69,172.1,17.6,0.796,42.8,128,274
衡水,2016-05-07,64,42~84,良,28.5,77.5,20.3,0.446,34.9,141,208
衡水,2016-05-08,67,56~80,良,34.4,82.9,23.1,0.867,29.8,149,255
衡水,2016-05-09,82,55~132,良,59.4,84.7,16.4,0.7,24.8,126,273
衡水,2016-05-10,113,82~133,轻度污染,81.3,115.5,23.8,0.925,31.7,223,337
衡水,2016-05-11,122,93~182,轻度污染,86.2,146.2,15.9,0.867,21.9,163,307
衡水,2016-05-12,68,44~128,良,41.3,74.7,7.8,0.546,23.3,122,161
衡水,2016-05-13,57,41~69,良,30.1,63.6,12.4,0.467,32.1,144,162
衡水,2016-05-14,78,53~110,良,56.8,70.5,6,0.742,32.9,97,265
衡水,2016-05-15,71,34~120,良,44.5,71.2,11.8,0.748,35,111,251
衡水,2016-05-16,57,41~80,良,28.2,61.8,18.4,0.582,33.9,156,170
衡水,2016-05-17,72,64~83,良,42.6,85,15.4,0.53,29.4,186,236
衡水,2016-05-18,92,72~123,良,57.8,101.1,18.1,0.683,28.7,246,286
衡水,2016-05-19,97,77~115,良,59.5,97.6,22.2,0.733,37.4,228,294
衡水,2016-05-20,126,78~188,轻度污染,90.2,135.3,30.6,0.95,56.8,270,336
衡水,2016-05-21,99,60~130,良,67.2,105.4,22.2,0.771,46,243,325
衡水,2016-05-22,97,68~137,良,63.9,99.5,25.6,0.667,39.4,222,336
衡水,2016-05-23,90,54~139,良,65.6,103.9,32,0.952,40.2,173,306
衡水,2016-05-24,55,42~75,良,23.6,51.4,16.8,0.519,17.1,169,177
衡水,2016-05-25,51,34~67,良,26.2,55.2,15.7,0.45,28.8,118,166
衡水,2016-05-26,72,54~95,良,39.5,90.4,30.7,0.696,39.1,180,269
衡水,2016-05-27,76,53~117,良,50,99.7,25.9,0.9,44.9,135,278
衡水,2016-05-28,81,60~137,良,57.4,83.9,15,0.804,22,181,302
衡水,2016-05-29,130,92~199,轻度污染,91.2,115.9,14.9,0.85,26.2,231,355
衡水,2016-05-30,110,59~148,轻度污染,71.8,111.1,16,0.846,17.2,220,320
衡水,2016-05-31,105,55~144,轻度污染,73.5,128.1,19.8,0.883,22.1,209,309
衡水,2016-06-01,64,51~109,良,28.5,61.6,19.9,0.73,32,217,255
衡水,2016-06-02,73,51~120,良,29.8,57.4,20.2,0.526,35.5,239,272
衡水,2016-06-03,102,67~147,轻度污染,70.5,111.5,22.8,0.833,27,192,338
衡水,2016-06-04,122,84~180,轻度污染,90.8,127.8,16.8,0.808,24.8,210,353
衡水,2016-06-05,98,77~178,良,72.6,97,16.8,0.765,18.7,202,340
衡水,2016-06-06,110,70~155,轻度污染,82.5,102.9,9.2,0.758,19.8,175,330
衡水,2016-06-07,142,103~200,轻度污染,107.6,141.2,15.8,0.888,31.3,154,356
衡水,2016-06-08,116,80~165,轻度污染,81.9,117.8,12.5,0.813,33.8,211,333
衡水,2016-06-09,124,83~189,轻度污染,80.8,134.6,16.1,0.771,25,208,344
衡水,2016-06-10,106,87~127,轻度污染,73.8,126.1,15.7,0.729,19,207,351
衡水,2016-06-11,63,43~147,良,27.8,66.9,14.9,0.483,27.1,174,250
衡水,2016-06-12,87,60~111,良,39.4,74.8,25.1,0.633,26.9,222,331
衡水,2016-06-13,116,70~183,轻度污染,83,131.7,19.7,0.813,23.9,216,347
衡水,2016-06-14,134,64~186,轻度污染,101.3,111.3,12.5,1.25,22.5,132,352
衡水,2016-06-15,58,38~109,良,33.2,45.7,9.1,0.546,20.7,166,247
衡水,2016-06-16,65,52~89,良,32,60.3,22.3,0.65,29.5,191,251
衡水,2016-06-17,79,65~111,良,39.5,85,21.6,0.613,30.6,222,299
衡水,2016-06-18,95,60~147,良,53.6,102,28.3,0.754,31,294,314
衡水,2016-06-19,96,54~138,良,63.7,104,28.6,0.771,25.2,268,319
衡水,2016-06-20,93,63~144,良,66.5,82.4,14.6,0.729,20.8,202,328
衡水,2016-06-21,77,44~107,良,47.3,63,16,0.792,17.7,213,299
衡水,2016-06-22,86,49~121,良,56.5,78.5,15.9,0.746,14,212,317
衡水,2016-06-23,49,38~65,优,33.4,44.1,14.2,0.629,26.1,136,231
衡水,2016-06-24,55,42~88,良,31,54.8,17.4,0.5,27,150,278
衡水,2016-06-25,57,38~74,良,23.1,52.7,16.5,0.396,26.1,179,272
衡水,2016-06-26,80,55~103,良,37.8,80.7,34.1,0.788,44.9,205,304
衡水,2016-06-27,75,57~101,良,44.8,81.8,17.9,0.521,20.4,201,294
衡水,2016-06-28,67,0~168,良,47.4,66.2,8.8,0.428,20.9,148,236
衡水,2016-06-29,102,36~226,轻度污染,70.5,97.2,14,0.696,26.7,204,305
衡水,2016-06-30,124,42~218,轻度污染,92.8,130.6,19,0.808,30.2,220,338
衡水,2016-07-01,103,34~200,轻度污染,75.5,95.7,13.8,1.021,28.2,217,324
衡水,2016-07-02,108,80~175,轻度污染,76.3,106.4,17.5,0.933,36.7,195,352
衡水,2016-07-03,78,42~142,良,56.1,69.5,13.3,0.638,26,158,288
衡水,2016-07-04,145,88~202,轻度污染,109.9,141.5,23.6,1.058,34,200,358
衡水,2016-07-05,104,57~190,轻度污染,76.3,107.8,20,0.671,39.3,170,323
衡水,2016-07-06,103,64~186,轻度污染,69.3,106.5,23,0.667,38.6,242,330
衡水,2016-07-07,167,134~213,中度污染,127,169.2,18.1,0.9,30,211,365
衡水,2016-07-08,149,105~199,轻度污染,112.8,157.5,16.8,0.875,40.2,156,363
衡水,2016-07-09,134,93~185,轻度污染,100.8,126.2,15.8,0.725,33.6,108,359
衡水,2016-07-10,105,60~156,轻度污染,78.8,97.1,13.1,0.563,22,143,338
衡水,2016-07-11,100,62~147,轻度污染,74.8,103.5,17,0.575,27.9,153,332
衡水,2016-07-12,104,35~156,轻度污染,77.5,99.3,15.2,0.617,24.2,96,293
衡水,2016-07-13,92,72~137,良,68.6,86.3,13.6,0.729,31.3,171,341
衡水,2016-07-14,81,53~156,良,59.7,81,21.7,0.721,46.5,126,323
衡水,2016-07-15,59,46~78,良,41.2,51,13.3,0.613,25.6,160,304
衡水,2016-07-16,98,78~125,良,73.2,100.5,16.2,0.954,35.8,180,350
衡水,2016-07-17,144,97~192,轻度污染,109.1,142.6,18.9,1.029,44.5,151,357
衡水,2016-07-18,193,117~242,中度污染,147.3,179.8,20.8,1.133,46.2,224,363
衡水,2016-07-19,190,100~240,中度污染,146,173.3,15.1,1.242,44,119,364
衡水,2016-07-20,44,21~77,优,30.3,31,12,0.646,16.8,81,198
衡水,2016-07-21,72,30~144,良,52.7,53.3,8.5,0.763,23,94,261
衡水,2016-07-22,141,75~205,轻度污染,106.9,124.8,9.2,1.071,36,157,362
衡水,2016-07-23,145,87~204,轻度污染,109.7,122.7,8.8,1.154,23.7,155,361
衡水,2016-07-24,89,58~125,良,66.1,81.1,6.6,0.679,18,104,322
衡水,2016-07-25,108,55~211,轻度污染,80.4,97.8,8.5,0.833,15.5,142,343
衡水,2016-07-26,85,46~129,良,62.3,80.5,13.3,0.95,27,145,310
衡水,2016-07-27,90,60~124,良,67,87.8,13.8,0.796,20,147,323
衡水,2016-07-28,140,48~228,轻度污染,105.7,126.8,10.9,0.883,21,180,337
衡水,2016-07-29,87,48~127,良,61.9,84.7,11.9,0.692,26.6,193,312
衡水,2016-07-30,115,43~170,轻度污染,86.1,105.9,9.3,0.717,21,155,317
衡水,2016-07-31,109,43~214,轻度污染,81.4,101.5,12.8,0.642,25.2,189,328
衡水,2016-08-01,140,49~334,轻度污染,108,118.3,10,0.804,24.3,93,325
衡水,2016-08-02,97,64~242,良,72.2,89.5,12.3,0.767,23,149,344
衡水,2016-08-03,91,60~127,良,67.6,84.1,13.6,0.713,24,150,342
衡水,2016-08-04,99,70~140,良,74.2,101,14.3,0.638,29.4,142,350
衡水,2016-08-05,122,82~160,轻度污染,92.5,120.1,15.2,0.688,37.5,136,362
衡水,2016-08-06,131,87~156,轻度污染,99.6,120.1,17,0.808,26.2,135,364
衡水,2016-08-07,92,45~185,良,67.7,79.1,13.9,0.771,25.7,150,332
衡水,2016-08-08,67,41~94,良,47.9,61.5,11.3,0.967,25.4,86,315
衡水,2016-08-09,116,69~179,轻度污染,87.2,110.7,9.8,0.846,25.5,126,355
衡水,2016-08-10,118,70~189,轻度污染,89,110.3,13.2,0.825,32.6,138,353
衡水,2016-08-11,87,60~118,良,64.2,90.2,12.8,0.588,19.5,123,341
衡水,2016-08-12,88,55~162,良,64.9,86.4,15.8,0.613,18.5,115,330
衡水,2016-08-13,77,57~134,良,56.5,67.5,12.8,0.629,20.9,97,319
衡水,2016-08-14,48,23~72,优,33.3,45.3,14.7,0.517,29.3,72,203
衡水,2016-08-15,45,26~67,优,31.1,36.7,14.5,0.542,24,91,190
衡水,2016-08-16,60,45~90,良,42.7,58.8,14.4,0.642,33,91,270
衡水,2016-08-17,93,73~139,良,69.1,91.4,22.7,1.092,40.6,149,337
衡水,2016-08-18,102,68~132,轻度污染,75.9,84.8,11.5,1.229,30.6,127,347
衡水,2016-08-19,56,30~130,良,40.3,43.6,7.3,1.363,24.1,113,208
衡水,2016-08-20,58,40~82,良,35,39.4,11.2,1.217,31.3,185,243
衡水,2016-08-21,76,54~112,良,43.5,46.5,15.5,1.121,37.3,204,295
衡水,2016-08-22,68,45~107,良,42.3,48.7,14.8,0.7,34.4,188,255
衡水,2016-08-23,67,38~95,良,47.5,67.2,20.7,0.871,32.5,196,245
衡水,2016-08-24,99,59~147,良,74.3,91.7,14.2,0.979,23,167,324
衡水,2016-08-25,58,40~99,良,39.3,52.8,9.3,0.671,26,92,222
衡水,2016-08-26,47,31~65,优,30.5,39,13,0.529,39.5,125,217
衡水,2016-08-27,55,34~87,良,30.9,40.1,38,0.738,49,189,239
衡水,2016-08-28,44,23~82,优,25,29,21.4,0.525,42.8,147,148
衡水,2016-08-29,50,28~80,优,26.3,49,27.8,0.754,39.7,181,157
衡水,2016-08-30,73,32~126,良,39.6,97.9,41.8,1.283,43.4,201,248
衡水,2016-08-31,77,42~123,良,36.3,98.2,36.6,0.783,40.6,189,259
衡水,2016-09-01,59,40~77,良,20.4,69.5,28,0.521,46.5,121,224
衡水,2016-09-02,80,54~119,良,26.3,103.6,33.8,0.808,53.8,237,287
衡水,2016-09-03,70,51~94,良,24.1,71.2,25,0.771,43.3,195,226
衡水,2016-09-04,76,51~113,良,26.8,72.2,19,0.925,33.5,225,232
衡水,2016-09-05,88,59~115,良,40.9,106.9,19.3,0.979,34.6,230,283
衡水,2016-09-06,86,35~130,良,52.5,122.6,15.2,1.104,37.1,210,267
衡水,2016-09-07,59,46~77,良,32.3,58,16.2,0.838,29.2,180,235
衡水,2016-09-08,51,40~72,良,20.5,51.2,23.7,0.654,38.9,151,156
衡水,2016-09-09,60,44~81,良,20.5,65.3,26,0.829,62.3,183,194
衡水,2016-09-10,89,46~133,良,31.4,104.3,25,1.008,61.1,266,306
衡水,2016-09-11,48,28~62,优,16.5,48,14.2,0.721,30,169,175
衡水,2016-09-12,68,46~86,良,14.1,76.6,14,1.304,45.5,182,253
衡水,2016-09-13,75,48~98,良,34.1,85.1,18,1.217,38.2,198,268
衡水,2016-09-14,76,56~94,良,46,82.8,15.7,0.929,34.6,192,267
衡水,2016-09-15,96,75~134,良,66.2,118.6,19.6,1.013,30.1,208,314
衡水,2016-09-16,102,70~160,轻度污染,70.3,116.8,20.8,1.146,40,211,325
衡水,2016-09-17,83,41~115,良,59.1,96.6,25.5,1.2,63.6,125,287
衡水,2016-09-18,48,40~56,优,20.2,49.6,12.4,0.925,45.8,65,172
衡水,2016-09-19,46,30~75,优,17.3,46.7,11.2,0.82,51.5,116,153
衡水,2016-09-20,63,0~115,良,36.6,74.2,11.3,0.754,52.5,159,227
衡水,2016-09-21,76,53~104,良,39,84.9,23.8,0.754,29.7,208,248
衡水,2016-09-22,110,82~144,轻度污染,67.6,141.8,25.5,0.938,34.1,228,330
衡水,2016-09-23,98,70~121,良,57.3,140.5,22.6,0.929,32.4,231,303
衡水,2016-09-24,94,67~170,良,67.6,130.9,16,0.858,27.4,201,268
衡水,2016-09-25,159,92~219,中度污染,118.7,192.3,16.4,1.071,39.4,219,346
衡水,2016-09-26,206,137~312,重度污染,159.6,248.8,16.1,1.358,57.5,182,364
衡水,2016-09-27,147,49~256,轻度污染,93,181.3,11.4,1.033,49.4,73,322
衡水,2016-09-28,56,37~76,良,22.5,63.8,12.1,0.633,39.6,117,260
衡水,2016-09-29,76,51~118,良,37.7,101.5,13.2,0.717,55.2,139,311
衡水,2016-09-30,116,89~208,轻度污染,79.1,166.9,26.3,0.983,67.6,229,338
衡水,2016-10-01,184,94~249,中度污染,141.1,228.3,28.3,1.158,63.6,182,354
衡水,2016-10-02,153,62~212,中度污染,114.5,186.9,20.5,1.175,64.5,159,335
衡水,2016-10-03,121,89~175,轻度污染,87,159.6,20.4,1.063,44.9,205,334
衡水,2016-10-04,106,78~201,轻度污染,70.3,138,12.3,0.842,34.8,150,325
衡水,2016-10-05,78,53~99,良,48.7,94.5,13.3,1.05,45.3,132,285
衡水,2016-10-06,85,70~97,良,46.5,118.5,22.7,0.833,50.1,106,303
衡水,2016-10-07,87,57~133,良,64.4,86.6,12.9,1.083,41.6,50,308
衡水,2016-10-08,73,33~149,良,46.8,78.5,14.7,0.8,47.1,95,246
衡水,2016-10-09,71,45~99,良,40.4,91.3,22.4,0.758,61.1,52,296
衡水,2016-10-10,98,77~118,良,67.5,138.5,25.8,1.004,54.7,112,343
衡水,2016-10-11,131,72~216,轻度污染,97.7,172.8,25.3,0.983,59.3,134,340
衡水,2016-10-12,139,80~219,轻度污染,105,161.4,22.7,1.058,58,99,331
衡水,2016-10-13,167,70~254,中度污染,120.1,204.2,30,1.317,60.2,121,331
衡水,2016-10-14,71,49~109,良,47.3,82.5,13.4,0.596,37.5,131,239
衡水,2016-10-15,82,62~105,良,58.8,92.3,16.1,0.817,57.2,85,282
衡水,2016-10-16,108,70~144,轻度污染,80.5,95.1,9.3,0.929,36.6,104,322
衡水,2016-10-17,196,112~260,中度污染,153.1,212.3,14.5,1.542,63.1,82,362
衡水,2016-10-18,206,139~285,重度污染,159.7,250.9,19.3,1.708,58.3,134,357
衡水,2016-10-19,154,110~209,中度污染,116.6,173.3,16.3,1.208,48.5,172,338
衡水,2016-10-20,133,53~223,轻度污染,99.5,140.3,15.8,1.021,46.5,90,329
衡水,2016-10-21,79,52~113,良,57.8,90.4,9.3,1.388,52.9,29,305
衡水,2016-10-22,63,38~93,良,44,56.4,9.4,1.604,52.4,31,283
衡水,2016-10-23,57,35~84,良,38.7,57.3,10.4,1.108,48.5,71,272
衡水,2016-10-24,82,56~132,良,56.6,98.9,16,1.046,54.2,88,319
衡水,2016-10-25,104,62~155,轻度污染,78.2,107.1,22.2,2.229,60.4,51,324
衡水,2016-10-26,132,46~222,轻度污染,97.3,137.3,12.3,1.229,42.6,100,323
衡水,2016-10-27,71,42~114,良,45.8,79.2,14.1,1.2,55.5,42,286
衡水,2016-10-28,54,29~82,良,33.1,51.5,11,1.163,49.2,74,248
衡水,2016-10-29,62,38~88,良,27.9,75.5,14.4,0.733,40,80,279
衡水,2016-10-30,86,61~128,良,54.6,120.2,15.4,0.854,37.7,94,323
衡水,2016-10-31,62,42~118,良,31.5,75.2,9.3,0.663,27.6,80,250
衡水,2016-11-01,73,52~97,良,36.4,94.1,17.6,0.796,44.8,76,273
衡水,2016-11-02,136,91~186,轻度污染,98.9,192.2,37.3,1.508,68.7,46,322
衡水,2016-11-03,143,89~185,轻度污染,106.6,177.8,13.1,1.267,47.9,77,310
衡水,2016-11-04,147,74~257,轻度污染,111.5,168.8,16.5,1.771,56,56,276
衡水,2016-11-05,159,83~228,中度污染,120.9,171.1,12.6,1.442,49.2,107,291
衡水,2016-11-06,137,80~185,轻度污染,103.7,167,12.5,0.788,41.2,100,271
衡水,2016-11-07,152,104~215,中度污染,115,160.9,10.9,0.933,57.9,78,329
衡水,2016-11-08,80,55~134,良,54.9,103.8,18.7,0.958,52.1,80,270
衡水,2016-11-09,119,89~148,轻度污染,88.6,160.1,25.3,1.104,48,102,335
衡水,2016-11-10,111,86~141,轻度污染,64.6,151.1,22.3,0.95,41.8,129,314
衡水,2016-11-11,173,112~258,中度污染,111.2,282.3,40.8,1.729,74.9,66,344
衡水,2016-11-12,185,130~325,中度污染,132.2,276.2,34.7,3.148,81.4,44,345
衡水,2016-11-13,213,134~302,重度污染,166.4,286,22.3,2.725,74.6,73,330
衡水,2016-11-14,162,117~312,中度污染,102.4,247.9,22.3,1.983,68.6,77,295
衡水,2016-11-15,118,86~158,轻度污染,73.4,184,45.8,1.313,74.4,69,270
衡水,2016-11-16,168,113~328,中度污染,126.7,240.3,38,2.843,70.8,62,324
衡水,2016-11-17,334,214~444,严重污染,249.4,422.1,38.5,2.567,102.8,11,360
衡水,2016-11-18,278,218~325,重度污染,216.8,386,37.8,2.204,86.2,11,350
衡水,2016-11-19,236,149~281,重度污染,187.5,274.1,34.5,2.475,81.3,47,0
衡水,2016-11-20,90,63~183,良,65.7,111.6,28.8,1.079,44.1,44,0
衡水,2016-11-21,45,36~75,优,31.5,30.8,17,1.075,28.3,64,0
衡水,2016-11-22,52,32~109,良,29.6,55.9,21.7,0.913,23.8,63,0
衡水,2016-11-23,93,65~120,良,64.5,129.2,46.2,1.638,44.8,64,0
衡水,2016-11-24,160,93~235,中度污染,121.3,217.3,58.6,1.763,55.1,40,0
衡水,2016-11-25,172,140~221,中度污染,130,208,36.6,1.213,48.9,50,0
衡水,2016-11-26,184,141~239,中度污染,107.3,270.6,40,1.05,51.8,72,0
衡水,2016-11-27,171,85~353,中度污染,111.8,259.1,46.7,1.313,59.6,75,0
衡水,2016-11-28,95,62~149,良,64.3,133.5,41,1.033,53.5,56,0
衡水,2016-11-29,190,133~286,中度污染,145.9,273.2,61.6,1.733,79.3,43,0
衡水,2016-11-30,355,261~500,严重污染,291.1,459,57.2,3.042,104.8,43,0
衡水,2016-12-01,170,51~340,中度污染,126.8,231.2,44.5,1.638,70.5,81,0
衡水,2016-12-02,181,82~279,中度污染,139.7,255.1,61.5,1.388,67,94,0
衡水,2016-12-03,214,150~266,重度污染,165.5,299,36.5,1.125,48,79,0
衡水,2016-12-04,268,173~402,重度污染,209,349.5,19.9,2.721,70.7,30,0
衡水,2016-12-05,146,75~252,轻度污染,98.4,222.5,24.6,2.004,65.8,58,0
衡水,2016-12-06,133,94~180,轻度污染,93.2,199.6,27.7,1.025,43.9,107,0
衡水,2016-12-07,213,119~365,重度污染,163,304.1,43.8,2.038,76.9,63,0
衡水,2016-12-08,210,91~342,重度污染,159.1,289.8,44.2,1.583,76.4,68,0
衡水,2016-12-09,78,58~168,良,51,96,34.3,0.963,54,35,0
衡水,2016-12-10,152,75~273,中度污染,112.7,201.8,59.3,1.883,66.7,75,0
衡水,2016-12-11,221,143~296,重度污染,173.3,285.4,61.6,2.079,81.7,36,0
衡水,2016-12-12,218,140~406,重度污染,171.1,247.3,37.8,1.842,70.5,23,0
衡水,2016-12-13,115,0~430,轻度污染,80.2,134.4,28.1,1.091,44.8,51,0
衡水,2016-12-14,109,67~178,轻度污染,78.6,130.3,39.8,1.417,54.3,54,0
衡水,2016-12-15,186,118~294,中度污染,143,236.6,59,2.008,73.6,54,0
衡水,2016-12-16,188,96~251,中度污染,145.6,250.4,47.5,1.438,57.5,78,0
衡水,2016-12-17,211,160~333,重度污染,163.9,254.7,34.3,1.442,54.5,50,0
衡水,2016-12-18,454,334~500,严重污染,371.8,564.9,38.3,4.308,104.7,41,0
衡水,2016-12-19,400,236~500,严重污染,301.3,505.4,25.6,5.017,105.1,21,0
衡水,2016-12-20,274,212~341,重度污染,222.7,355.3,16.4,3.838,72.1,42,0
衡水,2016-12-21,272,193~325,重度污染,222.3,354.3,23.1,3.754,70.1,16,0
衡水,2016-12-22,264,163~344,重度污染,211.8,343.5,28.7,3.788,69.6,37,0
衡水,2016-12-23,128,57~270,轻度污染,90.5,162.3,26.4,2.083,61.8,53,0
衡水,2016-12-24,135,69~208,轻度污染,101.7,175.8,48.9,1.767,63.3,25,0
衡水,2016-12-25,186,142~269,中度污染,142.1,233.9,43.3,1.896,64.9,15,0
衡水,2016-12-26,171,52~277,中度污染,131.3,176.8,24.3,1.913,57.5,41,0
衡水,2016-12-27,128,78~188,轻度污染,96.3,137.6,22.9,1.571,37.8,51,0
衡水,2016-12-28,213,133~299,重度污染,165.8,252.3,27.2,2.058,42.6,26,0
衡水,2016-12-29,260,118~417,重度污染,202,343.6,38,2.846,52.5,54,0
衡水,2016-12-30,243,150~389,重度污染,188.4,313.5,38,2.246,54.1,33,0
衡水,2016-12-31,267,180~318,重度污染,215.4,372.3,31.4,2.517,49.1,20,0
衡水,2017-01-01,175,31~215,中度污染,123.4,290,21.1,3.021,50.9,27,0
衡水,2017-01-02,270,158~462,重度污染,196.4,374.7,28.5,4.892,70.3,49,0
衡水,2017-01-03,214,130~434,重度污染,150.5,304.5,23,4.479,59.1,21,0
衡水,2017-01-04,146,108~196,轻度污染,106.7,222,16.6,3.767,61.7,12,0
衡水,2017-01-05,213,153~319,重度污染,145.5,314.3,21.6,4.938,79,4,0
衡水,2017-01-06,237,127~355,重度污染,178.1,321.6,25.5,3.288,70.2,9,0
衡水,2017-01-07,320,221~414,严重污染,244,409.3,38.3,3.167,86.4,17,0
衡水,2017-01-08,258,192~369,重度污染,204,341.5,27.7,3.492,71.1,43,0
衡水,2017-01-09,148,78~226,轻度污染,107.8,227.8,26.8,2.5,48,66,0
衡水,2017-01-10,133,52~278,轻度污染,91.4,170.2,42.4,1.746,53,63,0
衡水,2017-01-11,225,90~329,重度污染,176.7,290,54.3,2.291,66.9,43,0
衡水,2017-01-12,353,169~500,严重污染,259,455,60.4,3.558,82.8,48,0
衡水,2017-01-13,148,61~277,轻度污染,107.8,211.4,35.6,1.758,57.9,58,0
衡水,2017-01-14,127,58~220,轻度污染,89.5,155.3,42,1.888,53.8,57,0
衡水,2017-01-15,120,52~230,轻度污染,86.2,164.1,45.7,1.492,45.7,31,0
衡水,2017-01-16,256,202~319,重度污染,198.6,358.9,55,2.792,63.3,10,0
衡水,2017-01-17,272,216~317,重度污染,221.7,365.7,69.4,3.126,64.3,31,0
衡水,2017-01-18,310,228~423,严重污染,246.5,407,69.7,3.3,70.4,22,0
衡水,2017-01-19,343,90~500,严重污染,209.7,468.7,45.2,2.158,50.8,69,0
衡水,2017-01-20,76,54~130,良,44.1,97.5,27.8,0.825,30.5,71,0
衡水,2017-01-21,116,63~205,轻度污染,78.7,157.8,42.3,1.313,39,76,0
衡水,2017-01-22,76,54~118,良,39.7,98.2,29.6,1.079,37,74,0
衡水,2017-01-23,166,87~327,中度污染,127.1,232.7,74.5,2.038,72.2,43,0
衡水,2017-01-24,220,138~337,重度污染,169,271.2,72.1,2.625,78,41,0
衡水,2017-01-25,377,271~500,严重污染,327.2,428.5,77.1,3.879,89.4,72,0
衡水,2017-01-26,368,225~500,严重污染,339.4,429.5,55.9,3.042,69,63,0
衡水,2017-01-27,111,42~356,轻度污染,82,127.4,33.4,0.858,27.3,82,0
衡水,2017-01-28,205,87~329,重度污染,161.2,231.9,43.6,1.221,28.6,57,0
衡水,2017-01-29,182,59~373,中度污染,118.1,216.9,23.8,1.438,27.5,75,0
衡水,2017-01-30,66,25~160,良,46.9,61.5,23.8,0.929,17.5,81,0
衡水,2017-01-31,92,61~159,良,66.4,107.3,33.3,1.146,22.6,85,0
