黔东南州,2014-12-31,76,67~85,良,54.8,93.6,34.9,0.689,42.9,87,270
黔东南州,2015-01-01,97,69~120,良,70.3,128.4,38.8,0.838,36.7,95,351
黔东南州,2015-01-02,100,78~130,良,71.9,143.7,63.9,0.942,49.4,62,221
黔东南州,2015-01-03,87,68~108,良,63,117.9,50.7,0.883,48,103,130
黔东南州,2015-01-04,58,38~86,良,35.3,58.7,16.8,0.858,21.6,97,36
黔东南州,2015-01-05,64,35~93,良,41.7,69,16.1,1.132,33.1,69,75
黔东南州,2015-01-06,83,26~154,良,61.2,76.2,31.8,1.214,30,52,192
黔东南州,2015-01-07,80,39~143,良,58.4,76.3,25.8,1.038,25.8,58,176
黔东南州,2015-01-08,69,43~91,良,49.7,63.7,29.3,0.971,26.6,54,113
黔东南州,2015-01-09,52,28~81,良,36.5,45.9,20,0.835,27.1,52,52
黔东南州,2015-01-10,64,45~77,良,45.7,54.7,26.4,0.863,31,61,73
黔东南州,2015-01-11,53,36~80,良,37.4,46.5,17,0.77,31.6,61,72
黔东南州,2015-01-12,67,43~120,良,48,64.3,31.7,0.845,33.5,72,137
黔东南州,2015-01-13,105,76~193,轻度污染,77.8,109.3,27,1.1,49,92,225
黔东南州,2015-01-14,97,61~195,良,69.7,96.3,25.7,1.091,46.6,85,195
黔东南州,2015-01-15,117,78~192,轻度污染,87.3,121.3,40.4,1.27,57.6,52,208
黔东南州,2015-01-16,109,72~147,轻度污染,81.1,110.7,52.5,1.014,39.4,84,204
黔东南州,2015-01-17,125,98~146,轻度污染,94.2,128.7,31.1,0.825,41.9,70,255
黔东南州,2015-01-18,94,60~124,良,69.5,88.2,20.9,0.785,35.2,76,165
黔东南州,2015-01-19,97,70~121,良,72,95.5,33,0.943,50,46,199
黔东南州,2015-01-20,120,96~153,轻度污染,90.4,134,51.5,1.183,51.2,37,259
黔东南州,2015-01-21,89,55~136,良,64,95.3,23,1.035,39.8,96,156
黔东南州,2015-01-22,83,48~144,良,59,96.3,26.4,0.954,35.9,103,120
黔东南州,2015-01-23,82,64~110,良,60.2,79.6,44.2,0.945,38.5,112,86
黔东南州,2015-01-24,51,43~61,良,34.2,47.5,5.6,0.609,18.2,109,26
黔东南州,2015-01-25,69,53~91,良,49.2,66.5,23.5,0.896,38.2,30,70
黔东南州,2015-01-26,49,30~80,优,34.4,43.9,22.2,1.145,29.8,20,50
黔东南州,2015-01-27,39,15~58,优,27,35.4,16.1,1.254,25.1,17,62
黔东南州,2015-01-28,17,13~22,优,9.7,11.4,6.8,1.557,23.8,22,2
黔东南州,2015-01-29,15,9~20,优,9.4,12.9,6.2,0.805,17.5,26,5
黔东南州,2015-01-30,42,18~60,优,28.8,37.7,11.3,0.704,20.7,52,82
黔东南州,2015-01-31,25,13~36,优,16.5,21,18,0.904,22.7,49,10
黔东南州,2015-02-01,24,12~63,优,14,21.7,7.8,0.954,23.9,27,18
黔东南州,2015-02-02,19,10~29,优,12.5,16.4,6.6,1,22.6,18,2
黔东南州,2015-02-03,25,12~39,优,16.3,22.7,9,0.926,25.6,24,9
黔东南州,2015-02-04,54,30~69,良,37.5,47.2,15.8,0.809,24.9,66,97
黔东南州,2015-02-05,79,60~93,良,57.4,69.7,29.7,0.848,40.3,85,186
黔东南州,2015-02-06,78,54~120,良,56.6,77.7,31.3,0.9,53.4,87,133
黔东南州,2015-02-07,64,49~85,良,44.7,62.8,30.7,0.7,36.6,80,88
黔东南州,2015-02-08,58,41~72,良,39.2,55.5,27.6,0.663,35.1,97,110
黔东南州,2015-02-09,77,48~93,良,55.5,74.3,40.8,0.825,38.3,86,166
黔东南州,2015-02-10,121,94~141,轻度污染,91.3,118.6,51.6,1.088,51.1,67,250
黔东南州,2015-02-11,98,42~153,良,73,98.7,35.5,1.07,52.4,95,161
黔东南州,2015-02-12,65,32~96,良,43.8,64.6,25.7,0.921,39.2,102,88
黔东南州,2015-02-13,65,42~96,良,45.8,60.4,16.2,1.043,37.6,94,86
黔东南州,2015-02-14,40,36~43,优,8.5,13.5,7.5,1,12.2,88,24
黔东南州,2015-02-15,39,24~71,优,20.4,30.1,15.8,0.904,26.9,87,20
黔东南州,2015-02-16,66,33~91,良,47.3,65.3,18.7,1.046,31,56,84
黔东南州,2015-02-17,64,56~83,良,45.5,63.7,13.4,0.908,25.6,63,108
黔东南州,2015-02-18,51,28~85,良,34.2,48.1,21.1,0.829,18.5,93,65
黔东南州,2015-02-19,48,28~86,优,32.4,43.5,19,0.783,12.3,83,31
黔东南州,2015-02-20,29,23~39,优,16.7,24.5,10.2,0.724,8.5,85,15
黔东南州,2015-02-21,24,18~35,优,11.2,20.4,8.2,0.804,9.3,50,10
黔东南州,2015-02-22,32,23~41,优,19.6,30.3,8.1,0.704,10.7,67,30
黔东南州,2015-02-23,29,20~36,优,15.7,25.8,8.7,0.714,11.2,69,31
黔东南州,2015-02-24,37,21~58,优,20.8,35.2,15.4,0.786,18,52,53
黔东南州,2015-02-25,26,17~47,优,14.5,24.5,14,0.795,15,35,19
黔东南州,2015-02-26,25,20~33,优,13.3,21.6,10.7,0.74,21.4,42,15
黔东南州,2015-02-27,20,14~31,优,10.3,18.4,13.7,0.75,16.3,31,15
黔东南州,2015-02-28,17,13~24,优,5.9,11.7,6.3,0.692,14.7,61,9
黔东南州,2015-03-01,36,26~51,优,23.6,35,8.9,0.567,19,67,66
黔东南州,2015-03-02,49,27~82,优,31.5,47.7,14.6,0.722,29.4,57,77
黔东南州,2015-03-03,43,23~63,优,27.6,40.3,25.9,0.738,27.6,62,69
黔东南州,2015-03-04,55,30~68,良,28.1,60.6,17,0.659,26.1,65,168
黔东南州,2015-03-05,25,22~27,优,6,12,5.6,0.608,17.2,57,23
黔东南州,2015-03-06,29,22~44,优,15.8,22.9,8.4,0.529,18.9,64,38
黔东南州,2015-03-07,40,15~55,优,25.9,39.3,13.1,0.617,27.6,54,59
黔东南州,2015-03-08,28,12~63,优,18.4,28.2,15.8,0.748,27.7,89,32
黔东南州,2015-03-09,49,41~64,优,30.1,50.2,19.2,0.717,28.7,76,102
黔东南州,2015-03-10,56,22~70,良,37.6,59.8,12.6,0.696,23,86,145
黔东南州,2015-03-11,23,17~35,优,12.1,18.7,10.4,0.927,23.7,45,15
黔东南州,2015-03-12,40,32~49,优,24.3,37,15.2,0.823,30.7,88,49
黔东南州,2015-03-13,37,21~52,优,18.3,35.5,14.3,0.975,28.5,75,37
黔东南州,2015-03-14,43,28~55,优,23.8,42.3,13.6,0.954,30.3,28,33
黔东南州,2015-03-15,36,18~66,优,23,36.9,9.7,0.87,20,53,30
黔东南州,2015-03-16,48,33~73,优,28.6,50.4,15.3,0.974,31.9,61,58
黔东南州,2015-03-17,57,49~64,良,33.7,59.7,13.9,0.883,18.7,117,110
黔东南州,2015-03-18,60,26~87,良,40.3,68.2,12.3,0.93,19.1,111,161
黔东南州,2015-03-19,34,18~55,优,17,33.3,7.8,1.061,16.3,54,31
黔东南州,2015-03-20,25,21~30,优,6.6,14.8,8.5,0.771,16.6,64,5
黔东南州,2015-03-21,39,28~60,优,18.6,34.6,11,0.742,27.9,101,21
黔东南州,2015-03-22,49,40~59,优,32.4,49.6,13,0.788,27.2,74,43
黔东南州,2015-03-23,41,18~76,优,27.3,38.5,8.8,0.813,29.9,78,64
黔东南州,2015-03-24,57,47~69,良,39.3,58.4,10.3,0.781,24.2,89,140
黔东南州,2015-03-25,73,45~97,良,52.9,63.6,12.9,0.863,40.1,46,210
黔东南州,2015-03-26,45,21~74,优,29.2,45.8,16.3,0.908,28.5,57,74
黔东南州,2015-03-27,38,20~70,优,26.3,35,7.3,0.757,21.3,35,47
黔东南州,2015-03-28,55,39~70,良,38.3,48.5,12.7,0.833,24.9,31,78
黔东南州,2015-03-29,62,22~86,良,43.4,61.4,12.5,1.057,35.6,40,96
黔东南州,2015-03-30,50,37~70,优,33.4,50.5,13,0.796,17.9,84,66
黔东南州,2015-03-31,43,41~48,优,26.4,35.3,5.3,0.504,5.3,102,60
黔东南州,2015-04-01,55,49~64,良,34.9,48.7,5.9,0.643,5.8,120,139
黔东南州,2015-04-02,68,59~84,良,39,50,7.8,0.642,7.1,143,234
黔东南州,2015-04-03,71,44~89,良,39,54.9,9.8,0.65,14.5,161,214
黔东南州,2015-04-04,79,45~126,良,51.3,68.9,14.2,0.783,15.6,162,228
黔东南州,2015-04-05,46,30~70,优,31.1,41.6,8.4,0.896,12,68,97
黔东南州,2015-04-06,31,25~37,优,10.7,14.9,6.5,1.013,17.7,75,38
黔东南州,2015-04-07,33,25~35,优,11,14,6.3,0.983,17.5,72,52
黔东南州,2015-04-08,38,34~44,优,16.1,20,6,0.571,17,111,72
黔东南州,2015-04-09,29,23~42,优,15.1,19.8,7.1,0.526,19.8,67,20
黔东南州,2015-04-10,34,25~50,优,20.2,28.6,10.5,0.519,21.5,92,42
黔东南州,2015-04-11,45,32~52,优,30.3,41.3,9.6,0.505,27,89,62
黔东南州,2015-04-12,47,39~62,优,25.2,40.3,9.5,0.536,35.7,124,69
黔东南州,2015-04-13,58,43~73,良,33.1,61.8,12.7,0.595,48.3,123,128
黔东南州,2015-04-14,64,52~91,良,36.6,66.2,14.6,0.558,34.3,153,115
黔东南州,2015-04-15,91,72~101,良,44.5,72,26.8,0.571,33,168,213
黔东南州,2015-04-16,74,53~88,良,46.7,77,12.1,0.587,32.5,141,126
黔东南州,2015-04-17,66,45~79,良,39.5,57.7,6.1,0.552,11,131,87
黔东南州,2015-04-18,58,45~66,良,40,55.9,5.6,0.715,14.5,98,100
黔东南州,2015-04-19,55,37~97,良,30.3,42.3,10.4,0.685,23.8,91,124
黔东南州,2015-04-20,33,24~52,优,12.3,18.8,12,0.7,20,92,34
黔东南州,2015-04-21,41,30~76,优,26.4,36.8,10.7,0.573,25.6,99,59
黔东南州,2015-04-22,55,31~78,良,38.2,51.1,11.5,0.595,35.9,73,127
黔东南州,2015-04-23,37,26~55,优,25,31.6,6.7,0.513,33.1,69,23
黔东南州,2015-04-24,41,26~54,优,27.9,34.9,5.6,0.571,36.9,64,30
黔东南州,2015-04-25,46,29~88,优,26.5,40.2,5.8,0.567,35.4,103,38
黔东南州,2015-04-26,62,41~89,良,42.7,64,10.8,0.686,41.8,39,93
黔东南州,2015-04-27,52,30~71,良,36.1,48.7,9.3,0.763,34.8,68,65
黔东南州,2015-04-28,57,36~96,良,40.3,42.6,16.7,0.805,35,106,108
黔东南州,2015-04-29,58,37~100,良,37,57.8,10,0.757,30.4,113,108
黔东南州,2015-04-30,41,26~71,优,27.5,37.3,5.9,0.545,22.1,82,35
黔东南州,2015-05-01,45,28~69,优,25.9,38.7,6.9,0.578,20.1,110,74
黔东南州,2015-05-02,38,22~60,优,14.7,24.7,7.9,0.496,24.9,118,74
黔东南州,2015-05-03,49,27~67,优,32.9,48.3,8.1,0.586,25.1,59,100
黔东南州,2015-05-04,37,27~43,优,17.6,23.4,6.4,0.625,22,92,37
黔东南州,2015-05-05,52,36~67,良,35.1,49.9,6.4,0.578,22.8,86,91
黔东南州,2015-05-06,47,25~74,优,29,43.8,8.9,0.661,29.5,116,68
黔东南州,2015-05-07,52,28~75,良,33.8,50.4,8.6,0.761,30.8,96,79
黔东南州,2015-05-08,46,33~54,优,19.5,30.2,6.6,0.6,34.2,105,88
黔东南州,2015-05-09,48,36~70,优,31.7,44,6.7,0.577,30.2,98,114
黔东南州,2015-05-10,50,36~67,优,33,47.7,7.8,0.67,25.5,99,109
黔东南州,2015-05-11,38,27~58,优,16.7,23,7.8,0.57,22.4,100,85
黔东南州,2015-05-12,39,27~52,优,23.2,37.5,8.5,0.545,27.8,72,54
黔东南州,2015-05-13,47,39~52,优,27.4,43,5,0.568,7.6,100,57
黔东南州,2015-05-14,46,40~52,优,24.5,35.7,4.4,0.529,6.9,99,69
黔东南州,2015-05-15,41,31~62,优,23.8,37,7.4,0.564,26.7,97,81
黔东南州,2015-05-16,69,32~80,良,48.2,74.5,8.1,0.614,23.2,125,191
黔东南州,2015-05-17,78,45~99,良,56.7,75.9,8.5,0.714,29.5,84,207
黔东南州,2015-05-18,33,16~59,优,16.7,27.7,7.9,0.695,29.5,91,42
黔东南州,2015-05-19,42,29~61,优,21.7,39.2,9.9,0.696,27,107,76
黔东南州,2015-05-20,35,27~54,优,21.4,29.6,6.9,0.6,20.6,83,50
黔东南州,2015-05-21,80,35~116,良,58,79.6,7.9,0.758,20.4,113,253
黔东南州,2015-05-22,61,33~86,良,37.1,51.6,7.2,0.827,25.4,97,158
黔东南州,2015-05-23,46,26~63,优,27.6,31.9,8.1,0.8,23.7,118,99
黔东南州,2015-05-24,35,22~47,优,19,24.8,6.7,0.722,18.9,104,30
黔东南州,2015-05-25,42,24~56,优,27.5,40.2,7.7,0.77,18.5,76,48
黔东南州,2015-05-26,55,34~72,良,35.9,51.4,7.9,0.725,15.4,97,112
黔东南州,2015-05-27,44,27~66,优,29,40.6,6.5,0.715,20.8,73,67
黔东南州,2015-05-28,50,37~65,优,30.8,48.3,5.9,0.662,16.7,101,94
黔东南州,2015-05-29,56,44~76,良,32.5,53.8,6.7,0.648,13,117,165
黔东南州,2015-05-30,29,26~40,优,15.6,22.4,7.7,0.673,19.8,76,20
黔东南州,2015-05-31,40,32~53,优,26.8,35.3,7.4,0.81,23.9,94,55
黔东南州,2015-06-01,32,18~43,优,19,26.9,5.3,0.681,15.8,88,27
黔东南州,2015-06-02,41,36~44,优,20.5,32.6,4,0.521,8.3,93,78
黔东南州,2015-06-03,37,26~56,优,21.2,31.9,7.3,0.604,18.5,89,81
黔东南州,2015-06-04,26,19~43,优,12.7,21.7,7.7,0.776,19.3,55,26
黔东南州,2015-06-05,30,17~46,优,11.2,20.1,7.8,0.714,22.1,100,29
黔东南州,2015-06-06,43,31~56,优,23.9,42.6,9.4,0.645,29.2,69,73
黔东南州,2015-06-07,35,18~52,优,23.1,31.8,7.5,0.7,23.7,57,66
黔东南州,2015-06-08,26,16~39,优,13.9,17.1,10.1,0.61,19.5,68,29
黔东南州,2015-06-09,36,30~54,优,22.3,31.6,12.7,0.535,23.7,86,60
黔东南州,2015-06-10,41,20~65,优,25.4,38,15.3,0.79,37.7,53,89
黔东南州,2015-06-11,44,29~60,优,26.8,39.7,10.2,0.683,28.9,89,103
黔东南州,2015-06-12,46,28~56,优,23,44.8,9.3,0.609,23.5,92,92
黔东南州,2015-06-13,35,22~47,优,16.6,27,8.5,0.591,24.8,86,56
黔东南州,2015-06-14,43,33~53,优,24.4,39.5,9.3,0.63,28.4,112,103
黔东南州,2015-06-15,27,17~38,优,13,19.6,6.1,0.513,17.1,64,29
黔东南州,2015-06-16,34,29~36,优,13.2,20.3,5.6,0.405,5.5,78,56
黔东南州,2015-06-17,37,33~48,优,18.7,28.3,6.9,0.49,12,79,82
黔东南州,2015-06-18,30,24~36,优,10,12.6,7.4,0.658,17.5,76,42
黔东南州,2015-06-19,43,38~49,优,26.8,35.4,10.2,0.721,18.6,108,102
黔东南州,2015-06-20,38,14~64,优,25.2,30.9,9.5,0.906,22.6,39,91
黔东南州,2015-06-21,18,13~22,优,8.6,12.9,8.4,0.763,17.6,54,4
黔东南州,2015-06-22,28,19~56,优,16,23.9,8.6,0.77,15.3,62,33
黔东南州,2015-06-23,36,19~56,优,19.8,31.2,7.5,0.625,15,61,71
黔东南州,2015-06-24,27,17~39,优,12.3,21.8,7.8,0.546,19.2,55,48
黔东南州,2015-06-25,27,17~42,优,8.3,24.7,7.8,0.491,11.6,50,49
黔东南州,2015-06-26,22,18~28,优,7.5,12.4,5.4,0.483,6.5,58,11
黔东南州,2015-06-27,31,27~33,优,12.2,21.7,5.9,0.438,3.6,66,62
黔东南州,2015-06-28,35,32~37,优,12.8,20.5,6.2,0.45,3.8,77,81
黔东南州,2015-06-29,37,35~41,优,14.8,26.5,6.3,0.5,4.3,84,97
黔东南州,2015-06-30,40,36~47,优,18.7,32.5,6.5,0.509,6.6,92,115
黔东南州,2015-07-01,34,23~55,优,14.9,18.1,8.8,0.57,18.6,78,69
黔东南州,2015-07-02,32,20~48,优,19.3,28.7,24.1,0.861,21.2,78,54
黔东南州,2015-07-03,29,21~42,优,16.4,21.7,4.8,0.841,20,74,39
黔东南州,2015-07-04,42,35~47,优,15.8,24,6.2,0.563,15.5,102,103
黔东南州,2015-07-05,34,21~43,优,14.4,23.2,9,0.471,21.9,87,72
黔东南州,2015-07-06,36,21~52,优,19.2,27.4,8.9,0.508,18.9,115,68
黔东南州,2015-07-07,45,38~60,优,28.3,40,8.4,0.554,27.4,107,97
黔东南州,2015-07-08,58,44~76,良,36.2,53.1,9.8,0.622,27.6,136,148
黔东南州,2015-07-09,65,52~96,良,45.2,65,9.9,0.642,24.4,117,196
黔东南州,2015-07-10,77,29~106,良,55.3,72.9,9,0.725,24.7,107,251
黔东南州,2015-07-11,35,26~56,优,21.8,32.1,8,0.588,22.8,69,70
黔东南州,2015-07-12,49,31~71,优,27.9,48.9,6.5,0.65,27.8,100,113
黔东南州,2015-07-13,42,26~56,优,22.5,39.9,6.1,0.6,22.2,76,45
黔东南州,2015-07-14,53,37~65,良,32,56.8,5.9,0.658,23.8,91,93
黔东南州,2015-07-15,51,32~72,良,28.8,42.5,7,0.618,18.1,119,123
黔东南州,2015-07-16,44,32~63,优,22.1,38.8,8.9,0.594,33.2,102,91
黔东南州,2015-07-17,43,26~61,优,20.3,34.6,9,0.638,22.5,115,97
黔东南州,2015-07-18,55,37~67,良,33.6,58.5,8,0.638,26.7,116,166
黔东南州,2015-07-19,60,43~78,良,39.7,62.4,7.8,0.643,24.8,112,196
黔东南州,2015-07-20,56,40~71,良,38.6,59.3,8.1,0.67,31.5,102,168
黔东南州,2015-07-21,57,40~70,良,38,59.5,9.1,0.671,33.7,150,189
黔东南州,2015-07-22,43,20~59,优,28.4,44.6,6.4,0.629,17.3,86,136
黔东南州,2015-07-23,33,20~51,优,18.2,30,6.9,0.617,24.5,84,96
黔东南州,2015-07-24,26,17~46,优,15,24.6,7.5,0.538,21.9,90,50
黔东南州,2015-07-25,40,31~58,优,23.7,38,7.9,0.567,23.6,120,111
黔东南州,2015-07-26,45,27~59,优,30.2,47.1,7.8,0.6,32.8,94,133
黔东南州,2015-07-27,44,11~62,优,26.9,44.4,7,0.546,21.4,117,125
黔东南州,2015-07-28,14,7~26,优,6.3,11.5,4.8,0.379,16.7,43,11
黔东南州,2015-07-29,14,10~25,优,5.6,11.7,5.1,0.329,11.4,50,9
黔东南州,2015-07-30,16,11~24,优,7.4,13.5,5.8,0.342,11.8,52,12
黔东南州,2015-07-31,17,11~24,优,7.2,15.5,5.8,0.325,9.5,42,14
黔东南州,2015-08-01,16,12~25,优,7.1,14,4.9,0.313,8,48,14
黔东南州,2015-08-02,16,12~25,优,6.9,13.3,4.5,0.3,5.7,48,11
黔东南州,2015-08-03,15,12~20,优,7.8,12,4.7,0.3,5.1,52,8
黔东南州,2015-08-04,14,12~16,优,6.9,11.3,4.4,0.3,5.3,50,6
黔东南州,2015-08-05,16,10~32,优,7.2,14.5,4.2,0.371,10.6,45,10
黔东南州,2015-08-06,25,17~36,优,13,23.7,6.9,0.346,15.8,61,36
黔东南州,2015-08-07,32,20~48,优,19.3,30.7,17.4,0.388,23,84,59
黔东南州,2015-08-08,43,35~61,优,28.4,43.4,22.2,0.371,21.4,124,156
黔东南州,2015-08-09,45,21~62,优,30.5,46.2,26,0.433,26.3,86,172
黔东南州,2015-08-10,34,23~49,优,20.7,32.6,25.3,0.439,22.9,76,115
黔东南州,2015-08-11,36,19~69,优,23.2,36.2,27,0.463,21.8,82,107
黔东南州,2015-08-12,33,16~50,优,22.2,31.4,28.8,0.554,26.5,66,63
黔东南州,2015-08-13,26,12~52,优,16.6,21.7,27.7,0.571,20.8,98,35
黔东南州,2015-08-14,39,28~59,优,24.6,36.5,14,0.567,27.9,104,96
黔东南州,2015-08-15,31,23~42,优,20.4,18.1,8.5,0.488,18.7,84,63
黔东南州,2015-08-16,35,15~75,优,24.3,19,5.6,0.558,30.5,59,80
黔东南州,2015-08-17,31,16~46,优,19.8,19.7,4.5,0.482,19.7,57,60
黔东南州,2015-08-18,32,15~60,优,22.2,15.2,3.9,0.442,23.3,47,58
黔东南州,2015-08-19,25,17~36,优,16.8,22.1,4.6,0.492,31.3,55,35
黔东南州,2015-08-20,32,20~51,优,18.4,28.8,5.9,0.454,21.8,90,76
黔东南州,2015-08-21,39,20~67,优,22.6,40,7.3,0.521,33.7,103,89
黔东南州,2015-08-22,48,30~68,优,28.5,49.7,8.2,0.542,43.1,107,133
黔东南州,2015-08-23,57,40~78,良,39.1,59,9,0.513,42.4,126,196
黔东南州,2015-08-24,64,44~89,良,43.5,70.4,10.8,0.517,41.2,168,245
黔东南州,2015-08-25,103,74~128,轻度污染,77,72.6,8.3,0.617,31.1,63,339
黔东南州,2015-08-26,73,30~170,良,53,27,5.2,0.717,30.6,65,204
黔东南州,2015-08-27,56,22~90,良,37.3,29.6,9.3,0.7,26.5,66,166
黔东南州,2015-08-28,22,12~50,优,10.3,17.9,18,0.554,21.3,70,31
黔东南州,2015-08-29,55,30~77,良,36.5,54.1,11.1,0.533,29.8,69,191
黔东南州,2015-08-30,55,31~100,良,38.2,56.3,4.4,0.546,34.5,108,166
黔东南州,2015-08-31,56,42~74,良,38.9,56,5,0.579,32.3,115,192
黔东南州,2015-09-01,70,53~83,良,50.8,71.8,5.9,0.671,33.3,121,274
黔东南州,2015-09-02,88,73~99,良,65.2,86.5,4,0.688,33.3,103,329
黔东南州,2015-09-03,60,15~112,良,43.4,50.9,4.8,0.683,26.4,80,208
黔东南州,2015-09-04,19,13~28,优,10.9,12.9,3.2,0.471,18,55,20
黔东南州,2015-09-05,19,15~26,优,11.2,17.8,2.1,0.367,11.2,53,15
黔东南州,2015-09-06,40,17~63,优,26.2,28.3,6.8,0.567,26,79,141
黔东南州,2015-09-07,35,18~75,优,22.4,30.2,3.1,0.504,23.6,68,89
黔东南州,2015-09-08,60,35~88,良,42.8,59.1,5.7,0.679,29.9,72,218
黔东南州,2015-09-09,68,32~92,良,49.5,56.8,6.8,0.783,32,60,258
黔东南州,2015-09-10,50,30~87,良,35.4,31.3,10,0.571,15.5,72,190
黔东南州,2015-09-11,47,19~73,优,32.8,42,13,0.625,21.5,68,171
黔东南州,2015-09-12,27,16~40,优,14,13,12,0.408,15.1,84,69
黔东南州,2015-09-13,36,28~55,优,24.5,32.6,17.5,0.438,22.6,86,68
黔东南州,2015-09-14,51,35~67,良,32,53.3,18,0.513,26.4,109,126
黔东南州,2015-09-15,51,42~62,良,35.9,50.2,19.2,0.517,21.5,108,131
黔东南州,2015-09-16,57,43~94,良,40.5,59.3,20.2,0.588,26.5,138,156
黔东南州,2015-09-17,82,63~112,良,60.3,93.7,15.5,0.763,33.8,96,267
黔东南州,2015-09-18,75,18~112,良,55,85.2,5.3,0.808,26.6,62,207
黔东南州,2015-09-19,26,15~34,优,16.8,25.5,4,0.658,20.4,22,41
黔东南州,2015-09-20,36,20~56,优,17.6,35.4,4.9,0.638,30.4,79,74
黔东南州,2015-09-21,51,40~67,良,35.8,51,12.3,0.679,28.9,79,148
黔东南州,2015-09-22,46,29~57,优,31.2,45.9,13.9,0.679,22.9,64,143
黔东南州,2015-09-23,32,18~51,优,19.8,31.9,9.4,0.771,22.9,54,72
黔东南州,2015-09-24,28,15~36,优,16.1,27.5,10,0.717,19.2,46,54
黔东南州,2015-09-25,23,14~44,优,10.5,16.8,5.8,0.733,18.8,71,34
黔东南州,2015-09-26,32,21~45,优,19.3,28.8,4,0.592,15.5,79,68
黔东南州,2015-09-27,31,20~43,优,20.9,30.3,5.1,0.646,13.6,70,54
黔东南州,2015-09-28,37,28~57,优,23.9,37.7,6.3,0.729,15.2,48,97
黔东南州,2015-09-29,62,49~77,良,43.8,65.8,8.1,0.675,17.6,118,241
黔东南州,2015-09-30,55,39~78,良,38.5,58,15,0.592,25.6,130,205
黔东南州,2015-10-01,50,25~64,优,34.7,53.3,15.8,0.571,21.3,70,158
黔东南州,2015-10-02,50,43~67,优,34.8,47.9,18.5,0.596,23.3,124,108
黔东南州,2015-10-03,44,38~54,优,28.8,44.4,22.2,0.471,18.9,101,87
黔东南州,2015-10-04,74,51~109,良,52.2,85.9,20,0.563,20.8,156,213
黔东南州,2015-10-05,41,24~74,优,25.3,34,13.6,0.579,18.6,118,105
黔东南州,2015-10-06,28,18~51,优,17,24.6,16.3,0.7,24.5,80,43
黔东南州,2015-10-07,41,28~54,优,21.2,41.5,19.4,0.758,28.5,68,128
黔东南州,2015-10-08,39,24~62,优,21.7,40.4,20.4,0.713,24.1,40,125
黔东南州,2015-10-09,60,36~82,良,41.8,57.1,21.7,0.579,25.3,90,210
黔东南州,2015-10-10,36,29~50,优,24.6,32,14.6,0.495,33.9,78,100
黔东南州,2015-10-11,46,29~65,优,27.3,46.9,6,0.408,26.8,98,141
黔东南州,2015-10-12,47,28~69,优,26.8,48.5,4.3,0.388,31.8,96,98
黔东南州,2015-10-13,48,34~72,优,30.4,50,9.3,0.371,32.6,97,75
黔东南州,2015-10-14,38,26~57,优,21.1,35.3,7,0.383,31,114,27
黔东南州,2015-10-15,45,27~78,优,26.3,44.6,7.7,0.458,32.8,118,39
黔东南州,2015-10-16,51,35~77,良,32.3,53.3,11.5,0.513,37.4,124,47
黔东南州,2015-10-17,59,43~79,良,41.8,67.6,14,0.6,36.4,119,88
黔东南州,2015-10-18,62,49~84,良,44.2,68.2,16.7,0.538,30.8,123,145
黔东南州,2015-10-19,76,63~92,良,55.8,82.7,16.6,0.629,34.6,108,180
黔东南州,2015-10-20,73,36~114,良,53.1,73.8,13.5,0.538,36.6,128,145
黔东南州,2015-10-21,65,51~77,良,46.5,69.4,15.4,0.421,42.7,136,131
黔东南州,2015-10-22,69,60~87,良,50.1,74.6,18.8,0.404,41.3,144,154
黔东南州,2015-10-23,68,38~85,良,48.8,70.9,13.2,0.383,36.4,111,130
黔东南州,2015-10-24,68,46~80,良,49.5,63.1,10.3,0.379,27.4,119,159
黔东南州,2015-10-25,62,46~80,良,44.3,61,10.4,0.45,29.3,121,165
黔东南州,2015-10-26,66,52~83,良,47.3,65.3,7.2,0.404,25.7,108,187
黔东南州,2015-10-27,37,10~79,优,26.5,37.8,9.4,0.571,19.6,63,88
黔东南州,2015-10-28,36,20~55,优,22.6,36.9,12.3,0.45,18.4,52,65
黔东南州,2015-10-29,34,20~55,优,22.7,33,8.9,0.35,16,30,62
黔东南州,2015-10-30,34,15~80,优,22.5,29.3,7.5,0.392,17.1,66,82
黔东南州,2015-10-31,70,28~114,良,50.7,66,7.3,0.658,24.4,76,226
黔东南州,2015-11-01,45,35~57,优,30.1,43.9,9.4,0.521,27.7,76,113
黔东南州,2015-11-02,65,51~83,良,46.1,65.2,9.7,0.633,34.1,66,155
黔东南州,2015-11-03,55,29~74,良,38.7,55.6,15.9,0.504,30.1,56,79
黔东南州,2015-11-04,57,33~77,良,40.5,54.6,16.5,0.371,21.3,68,87
黔东南州,2015-11-05,37,26~53,优,24.9,36.4,9.2,0.363,12.5,82,55
黔东南州,2015-11-06,32,26~40,优,22,29.4,8.3,0.296,5.3,78,85
黔东南州,2015-11-07,26,20~37,优,14.9,26.2,9.1,0.292,7.5,78,53
黔东南州,2015-11-08,38,20~67,优,25.4,38.7,12.4,0.529,14,52,88
黔东南州,2015-11-09,34,19~51,优,21.6,31.4,10.4,0.61,15.8,70,51
黔东南州,2015-11-10,49,33~72,优,34.3,48.8,15.7,0.746,20.3,56,101
黔东南州,2015-11-11,24,15~38,优,16.4,21.4,9.8,0.821,18.6,52,21
黔东南州,2015-11-12,14,11~20,优,8.5,11,8.5,0.713,18,45,6
黔东南州,2015-11-13,26,12~52,优,15.1,24.2,10.1,0.583,19,52,47
黔东南州,2015-11-14,26,15~52,优,16.4,25.7,11.1,0.488,15.3,52,36
黔东南州,2015-11-15,36,16~57,优,22.3,36.8,16,0.521,20.8,56,53
黔东南州,2015-11-16,22,12~38,优,14.3,21.4,12.7,0.554,14.8,17,20
黔东南州,2015-11-17,18,8~40,优,7.2,17.7,11.3,0.642,19,24,22
黔东南州,2015-11-18,30,16~42,优,11.7,29.5,10.8,0.813,19.3,30,52
黔东南州,2015-11-19,30,11~51,优,16.1,29.6,11.4,1.088,18.7,16,30
黔东南州,2015-11-20,28,13~45,优,19,23.6,10.9,1.05,21.2,24,29
黔东南州,2015-11-21,60,20~143,良,27.6,80.9,10.9,0.992,30.5,25,158
黔东南州,2015-11-22,39,21~57,优,21.2,38.6,13.6,0.608,21.6,70,115
黔东南州,2015-11-23,39,28~53,优,23.8,38.7,15,0.763,19.2,68,128
黔东南州,2015-11-24,24,8~40,优,14.6,23.3,13.6,0.875,18.4,20,82
黔东南州,2015-11-25,17,8~37,优,10.5,16.3,14.2,0.696,25,41,24
黔东南州,2015-11-26,39,32~50,优,26.9,38.8,14.8,0.629,24.8,54,105
黔东南州,2015-11-27,49,35~62,优,34.4,44.2,13.9,0.504,20.5,38,104
黔东南州,2015-11-28,36,16~69,优,25,32.5,12.7,0.663,20.8,29,45
黔东南州,2015-11-29,50,25~82,优,35.1,44.5,14.8,0.829,24.8,99,66
黔东南州,2015-11-30,61,52~80,良,43.8,59.6,21.9,0.938,32.4,39,111
黔东南州,2015-12-01,39,13~69,优,27.3,38,15.2,0.758,17.4,31,53
黔东南州,2015-12-02,28,11~51,优,17.4,26.9,11.9,0.513,27.2,48,36
黔东南州,2015-12-03,52,44~62,良,29.6,55.9,14.9,0.358,29.7,55,147
黔东南州,2015-12-04,29,13~54,优,18.7,27.3,8.4,0.367,24,58,55
黔东南州,2015-12-05,22,12~51,优,9.9,18.6,9,0.358,22.9,50,48
黔东南州,2015-12-06,30,13~67,优,12.5,30.6,10.4,0.325,21.6,65,65
黔东南州,2015-12-07,51,32~79,良,27.4,48.8,9.6,0.388,24.7,45,109
黔东南州,2015-12-08,42,26~57,优,29.1,40.3,9.6,0.471,26,45,62
黔东南州,2015-12-09,39,29~52,优,27.1,36.1,10.5,0.367,20,24,61
黔东南州,2015-12-10,54,40~73,良,38.3,48.4,13.9,0.467,26,68,115
黔东南州,2015-12-11,44,29~74,优,30.8,40.5,9.2,0.429,21,36,86
黔东南州,2015-12-12,20,15~32,优,13.9,17.7,7.3,0.654,23.2,28,8
黔东南州,2015-12-13,21,13~34,优,13.1,18.8,7.9,1.254,24.1,29,10
黔东南州,2015-12-14,39,21~82,优,27.7,34.5,7.3,0.75,19.3,55,77
黔东南州,2015-12-15,31,15~52,优,21.5,26.4,8.7,0.679,22.5,52,55
黔东南州,2015-12-16,39,30~43,优,26.6,33.5,8.7,0.467,25,56,95
黔东南州,2015-12-17,48,34~78,优,29.6,51.8,16.2,0.333,31.9,78,111
黔东南州,2015-12-18,55,42~67,良,32.7,61.7,22.7,0.3,30,64,108
黔东南州,2015-12-19,63,54~79,良,45.3,69.7,23.4,0.358,26.8,45,109
黔东南州,2015-12-20,89,74~107,良,65.9,99.2,20,0.479,34.8,45,164
黔东南州,2015-12-21,79,62~105,良,58.1,82.8,14.4,0.563,27.6,74,110
黔东南州,2015-12-22,74,64~87,良,53.9,70.1,14.9,0.575,21,74,93
黔东南州,2015-12-23,53,32~72,良,37.3,46,12.9,0.675,19.2,104,60
黔东南州,2015-12-24,39,18~93,优,21.5,41.3,11.5,0.675,23.2,58,58
黔东南州,2015-12-25,88,65~108,良,64.6,96.6,19.6,0.721,35.4,76,197
黔东南州,2015-12-26,94,79~114,良,69.9,104.1,26.3,0.913,48.8,24,213
黔东南州,2015-12-27,93,65~165,良,69.3,96.5,23.3,0.854,40.3,84,239
黔东南州,2015-12-28,82,67~119,良,60.4,78.3,19.2,0.679,28.2,58,180
黔东南州,2015-12-29,75,64~109,良,54.6,58.9,13.6,0.917,31,58,123
黔东南州,2015-12-30,67,46~89,良,48.2,54.5,16.9,0.771,31.8,64,103
黔东南州,2015-12-31,62,52~74,良,44,59,16.4,0.633,35.1,86,80
黔东南州,2016-01-01,85,65~124,良,62.8,95.6,19.8,0.638,40,49,114
黔东南州,2016-01-02,84,39~114,良,62.1,93.4,10.6,0.85,38.9,18,106
黔东南州,2016-01-03,63,35~103,良,44.8,61.2,10,0.829,29.6,62,66
黔东南州,2016-01-04,82,40~110,良,60.1,80.3,13.1,0.95,31,72,146
黔东南州,2016-01-05,65,36~112,良,47.3,55.8,5.1,0.833,24,54,156
黔东南州,2016-01-06,77,50~94,良,56.5,67.4,7.7,1.183,21.6,45,202
黔东南州,2016-01-07,27,15~52,优,18.6,20.1,10.2,1.146,17.8,34,37
黔东南州,2016-01-08,24,16~30,优,16.4,17.8,12.6,0.847,21.5,34,15
黔东南州,2016-01-09,23,15~49,优,15.9,16.5,11.9,0.754,20.3,36,15
黔东南州,2016-01-10,25,12~48,优,14.4,22.5,13.4,0.633,16.6,34,30
黔东南州,2016-01-11,34,18~71,优,19,32.5,12.5,0.667,16.5,44,77
黔东南州,2016-01-12,43,23~64,优,30.2,31.7,11.7,0.638,18.7,46,105
黔东南州,2016-01-13,53,30~82,良,28.9,52.5,11.8,1.029,18.9,38,113
黔东南州,2016-01-14,33,20~75,优,19.9,31.9,12.2,1.125,18.6,34,36
黔东南州,2016-01-15,35,20~52,优,24,32.8,14.9,0.979,21.5,54,41
黔东南州,2016-01-16,39,20~58,优,26.8,36.4,16.1,0.946,22.3,24,43
黔东南州,2016-01-17,56,42~107,良,39.9,54.7,20.1,0.979,25.5,54,121
黔东南州,2016-01-18,42,33~57,优,29.3,41.8,14.9,0.625,20.4,64,77
黔东南州,2016-01-19,112,46~229,轻度污染,83.7,114.8,15.9,0.75,27.7,56,211
黔东南州,2016-01-20,70,26~230,良,51.7,68.9,12.7,0.696,24.9,39,109
黔东南州,2016-01-21,36,18~60,优,24.7,31.3,10.8,0.538,17.7,52,78
黔东南州,2016-01-22,44,23~67,优,30.6,37,12.1,0.4,15.9,74,137
黔东南州,2016-01-23,54,34~84,良,38.2,47.6,15.9,0.358,13.2,79,159
黔东南州,2016-01-24,51,35~68,良,34.8,51.6,15.1,0.338,17.3,78,143
黔东南州,2016-01-25,56,52~64,良,38.9,59,17.4,0.383,22.2,59,137
黔东南州,2016-01-26,82,58~109,良,59.9,84.3,27.2,0.554,34.8,52,224
黔东南州,2016-01-27,68,40~100,良,49.1,71.9,16.9,0.556,36.6,46,142
黔东南州,2016-01-28,56,33~87,良,39.2,53,12.9,0.546,24.5,26,114
黔东南州,2016-01-29,43,23~88,优,30.2,37.5,11.9,0.529,20,54,99
黔东南州,2016-01-30,111,97~132,轻度污染,83.3,98.8,15.3,0.563,27.6,55,277
黔东南州,2016-01-31,31,15~94,优,22,25.4,8.7,0.671,22.4,48,56
黔东南州,2016-02-01,91,16~142,良,68.3,79,20,0.854,22.8,74,223
黔东南州,2016-02-02,89,67~137,良,66.1,79.1,29.3,0.638,27.8,91,182
黔东南州,2016-02-03,80,72~92,良,58.5,73.2,21.3,0.596,27.3,68,135
黔东南州,2016-02-04,84,68~97,良,61.7,75,22.3,0.633,28.4,62,189
黔东南州,2016-02-05,68,57~94,良,48.7,59.4,17.8,0.658,27.3,74,167
黔东南州,2016-02-06,71,52~114,良,51.2,66.7,17.6,0.721,28.3,79,205
黔东南州,2016-02-07,80,45~134,良,58.6,77.1,21.1,0.696,23,106,189
黔东南州,2016-02-08,242,40~500,重度污染,197.1,250.2,32,0.675,18.6,102,221
黔东南州,2016-02-09,50,35~75,优,35.1,42.6,12.8,0.383,8,112,61
黔东南州,2016-02-10,46,40~50,优,31.3,44.6,11.2,0.446,6.2,109,61
黔东南州,2016-02-11,57,46~60,良,40.1,54.4,9.8,0.517,6.4,104,137
黔东南州,2016-02-12,58,49~65,良,40.9,54.7,10.1,0.596,7.3,106,133
黔东南州,2016-02-13,62,15~119,良,45.6,61.7,13.9,0.892,23.2,52,212
黔东南州,2016-02-14,18,15~30,优,10.7,15.1,8.8,0.533,8.8,62,18
黔东南州,2016-02-15,27,23~36,优,16.1,27.2,11.6,0.308,10.3,80,61
黔东南州,2016-02-16,40,32~60,优,22.6,41.7,15.4,0.363,21.3,86,115
黔东南州,2016-02-17,50,39~62,良,34.1,53,17.4,0.442,28.7,84,110
黔东南州,2016-02-18,55,39~71,良,37.4,60.8,23.1,0.488,36.3,74,96
黔东南州,2016-02-19,69,57~77,良,50,78,24,0.625,43.9,86,129
黔东南州,2016-02-20,76,67~89,良,53.4,90.5,20.5,0.529,29.2,100,185
黔东南州,2016-02-21,77,64~94,良,51.6,101.8,17.1,0.567,26.7,106,147
黔东南州,2016-02-22,70,54~119,良,50.5,74.3,13.9,0.638,22.6,64,160
黔东南州,2016-02-23,38,18~54,优,26,33.3,7.3,0.521,17.9,74,84
黔东南州,2016-02-24,81,45~104,良,59,80.3,10.1,0.629,24.6,73,224
黔东南州,2016-02-25,66,29~100,良,48,66,11.7,0.608,30.4,52,148
黔东南州,2016-02-26,42,25~62,优,28.2,43.2,11.4,0.463,32.7,78,75
黔东南州,2016-02-27,55,28~77,良,34.2,58,12.8,0.5,35.7,82,118
黔东南州,2016-02-28,57,33~80,良,36.5,64.3,17.3,0.608,47.2,114,118
黔东南州,2016-02-29,67,55~88,良,42.1,84.2,18.1,0.638,45.6,116,175
黔东南州,2016-03-01,67,48~99,良,45.6,81.1,14.2,0.65,35.6,136,132
黔东南州,2016-03-02,64,53~89,良,44.9,72.6,14,0.613,32,142,83
黔东南州,2016-03-03,80,56~97,良,57.8,96.1,10.7,0.638,33.3,98,145
黔东南州,2016-03-04,65,32~97,良,47,64.8,12.2,0.742,30.3,73,97
黔东南州,2016-03-05,42,21~63,优,28.8,40,11.5,0.688,29.5,86,38
黔东南州,2016-03-06,50,29~59,优,34.7,43.5,10.8,0.671,17.5,90,43
黔东南州,2016-03-07,65,59~74,良,46.5,55.9,9.2,0.696,17.9,93,120
黔东南州,2016-03-08,48,22~65,优,32.9,44.4,9.2,0.733,18.1,102,141
黔东南州,2016-03-09,17,12~24,优,7.5,9.7,5.2,0.654,15.3,68,21
黔东南州,2016-03-10,38,15~74,优,22.4,36.3,5.6,0.5,17,72,137
黔东南州,2016-03-11,85,69~93,良,62.4,81,10.5,0.617,21.8,100,281
黔东南州,2016-03-12,74,54~89,良,53.7,67.3,7.8,0.696,29,52,160
黔东南州,2016-03-13,66,43~102,良,47.8,57.5,8.8,0.721,25.1,64,163
黔东南州,2016-03-14,77,59~104,良,56.4,82.9,18,0.671,38.5,126,175
黔东南州,2016-03-15,68,33~99,良,48.4,74.9,11.5,0.708,27.5,90,102
黔东南州,2016-03-16,90,67~142,良,66.5,87,9.8,0.825,31.4,56,184
黔东南州,2016-03-17,56,35~125,良,39.9,47.6,8,0.729,29,52,87
黔东南州,2016-03-18,65,54~102,良,47,58.1,8.6,0.688,40.8,118,107
黔东南州,2016-03-19,79,60~99,良,57.5,78.2,9.7,0.65,38,70,159
黔东南州,2016-03-20,74,38~113,良,54.2,62.1,10.9,0.596,24,92,143
黔东南州,2016-03-21,24,18~38,优,15.2,17.9,6.4,0.629,24,84,14
黔东南州,2016-03-22,22,14~32,优,13.9,18.5,6.3,0.5,20.1,66,13
黔东南州,2016-03-23,48,18~119,优,28.8,42.7,5.2,0.429,19.2,102,125
黔东南州,2016-03-24,75,57~93,良,54.8,80.3,6.8,0.304,26.5,97,286
黔东南州,2016-03-25,53,43~64,良,37.4,50.7,8.3,0.313,30.9,132,131
黔东南州,2016-03-26,64,49~94,良,46.2,64.3,9,0.429,43.8,86,162
黔东南州,2016-03-27,60,43~74,良,42.7,63,10.2,0.417,35.3,38,133
黔东南州,2016-03-28,63,48~79,良,44.5,70.4,10.7,0.458,33,90,105
黔东南州,2016-03-29,86,73~97,良,63.6,87.1,9.3,0.483,34.7,90,223
黔东南州,2016-03-30,59,38~84,良,41.7,56.1,11.1,0.596,38.3,74,90
黔东南州,2016-03-31,60,50~74,良,41.6,61.3,8.3,0.604,33.5,42,91
黔东南州,2016-04-01,61,36~87,良,43.7,65.9,8.8,0.754,35.6,70,104
黔东南州,2016-04-02,78,58~99,良,56.6,76.5,9.6,0.725,26.5,99,189
黔东南州,2016-04-03,50,32~89,优,31.8,52.2,7.9,0.479,22.2,98,133
黔东南州,2016-04-04,30,14~51,优,18.8,27.8,12.5,0.667,14.6,62,44
黔东南州,2016-04-05,65,47~90,良,45,64.8,10.8,0.463,13.4,102,190
黔东南州,2016-04-06,68,29~84,良,49.2,68.6,6.2,0.488,8.6,119,229
黔东南州,2016-04-07,23,15~38,优,13,21.5,8.1,0.521,20.7,68,22
黔东南州,2016-04-08,28,18~47,优,16.1,27.6,9,0.4,24,72,33
黔东南州,2016-04-09,29,16~45,优,17.3,29,8.3,0.367,19.7,50,41
黔东南州,2016-04-10,20,10~38,优,11.4,14.9,8.4,0.379,19.6,74,9
黔东南州,2016-04-11,40,26~54,优,25,39.1,9.3,0.504,22.5,102,65
黔东南州,2016-04-12,39,16~60,优,25.3,40.5,8.3,0.708,29.4,42,61
黔东南州,2016-04-13,36,16~53,优,24.4,35.5,6.7,0.6,17.9,98,44
黔东南州,2016-04-14,47,28~57,优,32,46.5,8.5,0.663,17.3,79,72
黔东南州,2016-04-15,44,18~74,优,30,47.4,8.3,0.721,20.2,106,85
黔东南州,2016-04-16,44,24~75,优,17.5,40.5,9.6,0.488,20.7,137,124
黔东南州,2016-04-17,38,20~62,优,17.7,38.6,8.1,0.454,25.5,80,93
黔东南州,2016-04-18,39,26~59,优,13.7,39.5,7.7,0.4,20.7,98,99
黔东南州,2016-04-19,52,41~62,良,29.8,53.6,7.8,0.554,19.3,98,120
黔东南州,2016-04-20,44,20~59,优,30.6,43.9,7.8,0.604,23.7,96,128
黔东南州,2016-04-21,52,36~79,良,35.5,53,8.5,0.6,38.9,116,130
黔东南州,2016-04-22,41,18~59,优,28,40.8,8.2,0.608,26.1,57,66
黔东南州,2016-04-23,28,20~42,优,16.2,27.6,8.5,0.583,31.5,58,36
黔东南州,2016-04-24,30,15~53,优,18.5,29.7,6.4,0.533,22.8,68,48
黔东南州,2016-04-25,34,22~46,优,23,31.8,6.1,0.567,21.3,56,52
黔东南州,2016-04-26,26,14~57,优,16.5,25,6.8,0.625,24.8,67,33
黔东南州,2016-04-27,45,26~65,优,26,45.3,8.5,0.713,26.9,104,95
黔东南州,2016-04-28,46,29~64,优,27.9,47,9.9,0.621,31.2,86,74
黔东南州,2016-04-29,50,40~59,良,33,51.8,10,0.575,26.9,76,68
黔东南州,2016-04-30,36,20~62,优,23.5,35,7.7,0.6,23.2,66,28
黔东南州,2016-05-01,36,25~51,优,21.9,35.8,6.3,0.725,19.8,80,30
黔东南州,2016-05-02,55,41~81,良,38.4,60.5,7.2,0.717,23.3,107,152
黔东南州,2016-05-03,55,39~77,良,36.2,61.4,7.8,0.683,25.8,95,151
黔东南州,2016-05-04,50,18~73,优,34.3,49.8,4.7,0.554,16.1,114,118
黔东南州,2016-05-05,48,36~64,优,33.3,49.7,3.9,0.517,20,118,108
黔东南州,2016-05-06,63,46~79,良,44.2,66,6.5,0.575,21.6,108,168
黔东南州,2016-05-07,47,23~64,优,31.6,48.5,6.6,0.517,19.1,112,125
黔东南州,2016-05-08,32,20~53,优,17.9,28.4,5.5,0.583,16.9,86,64
黔东南州,2016-05-09,25,14~52,优,14.2,24.6,5.7,0.604,24.8,56,31
黔东南州,2016-05-10,45,28~57,优,21.1,44.1,5.5,0.538,27.7,116,108
黔东南州,2016-05-11,56,44~71,良,29.6,61,7,0.533,35.6,92,104
黔东南州,2016-05-12,55,46~67,良,35.4,59.8,5.8,0.588,24.4,127,117
黔东南州,2016-05-13,73,59~92,良,53.4,75.7,6.2,0.763,31.9,75,252
黔东南州,2016-05-14,38,29~64,优,20.9,28.8,3.5,0.513,9,118,78
黔东南州,2016-05-15,24,16~50,优,8.8,17.5,3.4,0.421,16.5,85,32
黔东南州,2016-05-16,48,40~59,优,18.3,49.8,4.5,0.367,24.3,114,108
黔东南州,2016-05-17,56,42~71,良,25.2,61.7,9.2,0.458,36,88,111
黔东南州,2016-05-18,65,51~87,良,42.9,73.9,6.4,0.596,30.4,51,160
黔东南州,2016-05-19,41,19~60,优,27.7,39.8,6,0.658,21.3,57,53
黔东南州,2016-05-20,22,18~30,优,13.4,21.5,5.2,0.646,22.1,70,13
黔东南州,2016-05-21,33,24~53,优,17.2,28.2,5,0.629,23.5,108,99
黔东南州,2016-05-22,41,34~50,优,26.3,40.8,5.9,0.529,22.2,97,141
黔东南州,2016-05-23,30,15~51,优,19.3,28.2,4.9,0.526,25.5,61,60
黔东南州,2016-05-24,21,15~28,优,13.7,20,5.1,0.575,28.8,52,14
黔东南州,2016-05-25,15,9~23,优,8,13.2,4.4,0.629,24.3,32,7
黔东南州,2016-05-26,24,16~35,优,14.3,24,5.5,0.788,25,50,40
黔东南州,2016-05-27,30,10~55,优,17.9,15.4,6,0.605,20.3,61,72
黔东南州,2016-05-28,18,13~21,优,11.1,17,5.4,0.588,19.4,50,10
黔东南州,2016-05-29,40,18~59,优,25.5,40.2,8,0.683,29.1,86,105
黔东南州,2016-05-30,36,18~54,优,23.5,35.5,6.8,0.604,17.8,66,65
黔东南州,2016-05-31,22,18~24,优,9.8,18.5,4.1,0.404,5,72,14
黔东南州,2016-06-01,26,23~28,优,14.1,25.4,4.2,0.435,6.2,83,35
黔东南州,2016-06-02,27,22~41,优,13.1,25.6,4.2,0.447,7,82,50
黔东南州,2016-06-03,25,13~49,优,13.9,24.4,5.3,0.754,25.6,78,42
黔东南州,2016-06-04,36,23~51,优,19.7,32.8,8.1,0.85,25.1,95,92
黔东南州,2016-06-05,38,29~54,优,20.5,37.7,7.5,0.704,27,100,91
黔东南州,2016-06-06,43,33~62,优,20.5,42.9,6.2,0.633,26.6,120,104
黔东南州,2016-06-07,53,43~61,良,30,56.9,10,0.704,35.3,61,182
黔东南州,2016-06-08,37,26~51,优,23.3,37.1,9.5,0.6,23.7,88,83
黔东南州,2016-06-09,54,44~68,良,36,55.1,8.8,0.721,24.4,72,178
黔东南州,2016-06-10,61,36~79,良,41.9,60.5,7.6,0.746,28.9,61,227
黔东南州,2016-06-11,27,13~52,优,16.8,26.7,6.8,0.675,21.9,52,67
黔东南州,2016-06-12,20,14~27,优,10,18.3,7.7,0.638,22.4,63,27
黔东南州,2016-06-13,27,18~50,优,14,25.7,8,0.629,18.7,95,41
黔东南州,2016-06-14,26,18~47,优,12.3,25.3,6.4,0.596,18.4,70,33
黔东南州,2016-06-15,25,16~42,优,14,20.7,7.4,0.971,18.1,96,47
黔东南州,2016-06-16,43,32~64,优,18.6,43.9,19.3,1.771,32.4,134,136
黔东南州,2016-06-17,35,20~55,优,16,34.8,8.4,0.258,18.1,98,73
黔东南州,2016-06-18,35,22~53,优,16.7,35,7.2,0.325,11.5,68,93
黔东南州,2016-06-19,21,18~26,优,11.9,18.6,4.5,0.25,6.4,81,31
黔东南州,2016-06-20,20,13~32,优,10.5,18.5,3.8,0.321,8.7,66,33
黔东南州,2016-06-21,21,14~34,优,11,20.4,4.5,0.308,10.9,57,30
黔东南州,2016-06-22,21,18~24,优,11.3,20.2,4.8,0.25,6.8,68,29
黔东南州,2016-06-23,21,17~26,优,10.7,18.9,4,0.263,5.7,74,33
黔东南州,2016-06-24,20,16~22,优,9.3,17.4,5,0.358,5.6,68,32
黔东南州,2016-06-25,31,18~53,优,14.8,30.2,8.5,0.5,14.1,100,107
黔东南州,2016-06-26,30,19~43,优,15.8,29.5,8.2,0.492,13.3,81,79
黔东南州,2016-06-27,23,17~30,优,11.2,23,7.9,0.467,7.6,70,39
黔东南州,2016-06-28,29,0~42,优,14.1,29.1,9.6,0.6,15.6,66,93
黔东南州,2016-06-29,32,18~60,优,15.4,32.9,9.4,0.658,21,78,105
黔东南州,2016-06-30,20,14~30,优,11.6,19.8,7.6,0.513,8.3,54,35
黔东南州,2016-07-01,16,10~19,优,6.1,11,5.6,0.558,12.4,56,21
黔东南州,2016-07-02,19,12~28,优,5.8,18,7,0.633,14.7,64,32
黔东南州,2016-07-03,26,16~38,优,9.4,26.3,11,0.829,16.2,38,74
黔东南州,2016-07-04,18,12~31,优,8.5,15.3,7.9,0.683,15.9,54,31
黔东南州,2016-07-05,15,10~22,优,6.4,13.3,7.8,0.8,19.8,48,14
黔东南州,2016-07-06,16,10~24,优,8.9,15.5,7.2,0.783,16,36,18
黔东南州,2016-07-07,27,12~57,优,11.9,26,6.8,0.725,15.8,55,74
黔东南州,2016-07-08,25,19~60,优,10.2,24,6.4,0.533,16.4,69,53
黔东南州,2016-07-09,33,20~53,优,14.9,32.3,7.7,0.621,19.5,72,102
黔东南州,2016-07-10,37,26~51,优,15.7,36.6,8.4,0.679,21.2,102,111
黔东南州,2016-07-11,46,36~58,优,21,46.9,7.9,0.733,20.8,98,171
黔东南州,2016-07-12,38,26~74,优,20,38.9,6.3,0.654,18.4,81,132
黔东南州,2016-07-13,41,26~55,优,20.5,41.5,6.1,0.6,19.1,71,165
黔东南州,2016-07-14,26,15~43,优,14.3,26,5.5,0.646,17.4,56,74
黔东南州,2016-07-15,29,18~53,优,13.1,25.7,7.1,0.663,15.5,108,91
黔东南州,2016-07-16,22,18~36,优,13,21.9,4.3,0.683,13,50,33
黔东南州,2016-07-17,27,20~38,优,14.3,26.8,3.6,0.742,16.8,66,51
黔东南州,2016-07-18,26,20~40,优,16,25.4,3.1,0.804,10.8,72,52
黔东南州,2016-07-19,22,19~26,优,12.7,21.9,3.5,0.579,5.5,72,35
黔东南州,2016-07-20,33,0~69,优,20.4,11.8,3.4,0.313,8.6,62,128
黔东南州,2016-07-21,21,17~32,优,10.7,18.2,3.6,0.242,8.8,67,31
黔东南州,2016-07-22,20,17~25,优,10.1,17,3.5,0.204,8.4,78,31
黔东南州,2016-07-23,21,15~59,优,12.5,19.2,3.6,0.242,10.6,69,35
黔东南州,2016-07-24,27,21~35,优,17.2,24.2,3,0.258,8.8,80,52
黔东南州,2016-07-25,29,23~41,优,17.4,25.8,4,0.308,12.7,92,60
黔东南州,2016-07-26,33,26~51,优,19.5,32.7,4.8,0.354,22.2,90,83
黔东南州,2016-07-27,40,30~49,优,24.5,39.1,4.7,0.379,15.2,102,106
黔东南州,2016-07-28,30,21~39,优,19.2,26.9,4.7,0.317,11,83,51
黔东南州,2016-07-29,27,16~78,优,15.1,26.9,6.3,0.533,9.3,55,49
黔东南州,2016-07-30,25,18~57,优,12.9,24.1,7.5,0.788,11.8,66,35
黔东南州,2016-07-31,36,17~52,优,14.7,35.8,8.6,0.858,19.9,78,101
黔东南州,2016-08-01,47,32~63,优,21.4,48.9,13.6,0.95,28.6,92,192
黔东南州,2016-08-02,48,20~64,优,31.2,49.2,11.7,0.775,22.1,114,203
黔东南州,2016-08-03,15,11~20,优,6.8,11.2,4.9,0.542,15.8,50,11
黔东南州,2016-08-04,17,13~24,优,9.6,15.6,4.6,0.704,25.5,47,19
黔东南州,2016-08-05,25,15~40,优,11.5,23.6,5.5,0.667,21.3,60,52
黔东南州,2016-08-06,31,19~42,优,15.9,30.4,5.8,0.721,22.4,67,78
黔东南州,2016-08-07,28,16~38,优,15.5,27.1,6.2,0.775,27.3,100,77
黔东南州,2016-08-08,41,32~55,优,22.6,38.1,6.7,0.825,21.6,139,174
黔东南州,2016-08-09,52,32~97,良,33.1,55.5,6.8,0.9,23.1,112,218
黔东南州,2016-08-10,38,23~59,优,20.8,37.4,7.7,0.917,18.6,86,120
黔东南州,2016-08-11,38,21~70,优,22.4,38.3,6.8,0.775,25.1,84,128
黔东南州,2016-08-12,36,24~54,优,21.3,36.6,6.4,0.629,20.3,79,107
黔东南州,2016-08-13,38,28~52,优,21.3,37.2,7.4,0.7,19.4,76,132
黔东南州,2016-08-14,30,18~49,优,16.6,29.4,7.4,0.604,14.5,73,82
黔东南州,2016-08-15,27,15~67,优,17.2,26,7.2,0.65,14.4,68,76
黔东南州,2016-08-16,37,29~60,优,23.8,36.4,9,0.717,21.4,84,116
黔东南州,2016-08-17,48,34~63,优,30.8,50,9.7,0.758,22.6,90,168
黔东南州,2016-08-18,53,32~65,良,35.3,52.6,12.7,0.846,18.2,100,205
黔东南州,2016-08-19,41,26~55,优,23.4,42.1,11.5,0.838,17.5,82,146
黔东南州,2016-08-20,29,20~44,优,13,28.4,8.2,0.757,20.7,88,57
黔东南州,2016-08-21,35,28~46,优,15.4,34.8,11.3,0.821,18.1,91,70
黔东南州,2016-08-22,52,36~64,良,30.4,56.3,10.6,0.961,19.9,107,185
黔东南州,2016-08-23,50,35~57,良,32,53,8.3,0.996,24.4,124,157
黔东南州,2016-08-24,49,37~57,优,28,51.1,9.5,1.025,25.2,110,129
黔东南州,2016-08-25,52,44~64,良,29.5,55.9,9.3,1.067,26.1,133,200
黔东南州,2016-08-26,46,24~67,优,29.8,49.9,9.7,1.075,20.3,82,201
黔东南州,2016-08-27,25,19~32,优,11.4,21.3,7.5,0.779,13.9,88,32
黔东南州,2016-08-28,41,26~69,优,26.1,42.4,12.9,0.633,21.2,131,136
黔东南州,2016-08-29,51,39~61,良,30.2,51.2,10.8,0.658,22.3,155,170
黔东南州,2016-08-30,51,42~62,良,31.2,54.8,9.8,0.713,24.4,132,168
黔东南州,2016-08-31,61,39~79,良,42.8,68.6,8.8,0.738,25.6,84,200
黔东南州,2016-09-01,38,29~52,优,22.1,37,6.2,0.667,32.5,93,124
黔东南州,2016-09-02,49,37~59,优,27.8,49.2,6.4,0.663,38.5,120,157
黔东南州,2016-09-03,48,39~64,优,25.7,49.2,7.2,0.663,36,134,117
黔东南州,2016-09-04,55,47~64,良,31.6,59.5,8.9,0.713,29.3,129,149
黔东南州,2016-09-05,62,52~67,良,44.2,68.9,10,0.783,23.3,146,204
黔东南州,2016-09-06,65,59~73,良,46.3,67.4,12.6,0.813,17.8,138,241
黔东南州,2016-09-07,50,43~58,优,30.4,51.5,14.4,0.688,22.2,142,185
黔东南州,2016-09-08,53,42~110,良,30.1,50.9,34.3,0.629,28.5,220,161
黔东南州,2016-09-09,51,15~72,良,35.5,53.7,16,0.642,23.4,96,154
黔东南州,2016-09-10,20,12~30,优,11.9,19.8,14,0.567,21.1,56,29
黔东南州,2016-09-11,43,30~62,优,25.8,44.5,12.1,0.646,27.8,142,155
黔东南州,2016-09-12,56,47~63,良,39.5,59.9,14.5,0.721,31.7,120,201
黔东南州,2016-09-13,59,49~74,良,40.8,65.2,8,0.792,31.4,106,198
黔东南州,2016-09-14,58,53~64,良,41,61.5,6.7,0.729,26.3,136,188
黔东南州,2016-09-15,58,52~67,良,40.6,61.1,8,0.725,19.5,166,216
黔东南州,2016-09-16,61,46~72,良,43.3,63.5,8.3,0.775,29.7,137,243
黔东南州,2016-09-17,53,30~64,良,35.2,57.1,6.8,0.713,23.7,104,199
黔东南州,2016-09-18,53,50~55,良,31.6,55.6,12.2,0.667,22.3,120,196
黔东南州,2016-09-19,51,40~61,良,31.8,53.6,10.1,0.713,23.6,137,191
黔东南州,2016-09-20,79,62~95,良,58,87.6,7.9,0.879,16.5,131,317
黔东南州,2016-09-21,56,44~92,良,38.4,57.7,8.3,0.842,21.4,132,144
黔东南州,2016-09-22,62,46~77,良,42.3,68,6.3,0.892,33.5,157,177
黔东南州,2016-09-23,59,44~75,良,40.9,68.4,5.4,0.892,32.2,132,160
黔东南州,2016-09-24,66,54~79,良,47.7,71.3,6.5,0.908,18.4,122,192
黔东南州,2016-09-25,42,18~69,优,29.6,42,5.6,0.754,14.3,84,102
黔东南州,2016-09-26,22,16~38,优,13.5,22,5.7,0.617,14.1,63,14
黔东南州,2016-09-27,53,39~69,良,28.1,57.6,8.8,0.742,22.6,97,179
黔东南州,2016-09-28,39,19~67,优,25.6,34.4,8.2,0.763,18.9,72,162
黔东南州,2016-09-29,23,17~32,优,8.9,19.3,6.3,0.67,20.9,76,55
黔东南州,2016-09-30,30,20~43,优,16.9,30.3,5.4,0.621,18.9,86,79
黔东南州,2016-10-01,41,30~55,优,26.4,40.9,7.3,0.663,19.5,98,107
黔东南州,2016-10-02,45,25~59,优,28.3,45.4,9,0.758,27.3,82,137
黔东南州,2016-10-03,40,28~54,优,21,37.3,8,0.679,28.9,112,107
黔东南州,2016-10-04,43,31~63,优,20.3,43.9,9.3,0.683,33.2,123,118
黔东南州,2016-10-05,49,37~63,优,24.8,48.9,10.9,0.675,32.1,131,127
黔东南州,2016-10-06,56,50~69,良,33.8,62.1,10.6,0.754,32.6,152,179
黔东南州,2016-10-07,67,52~92,良,46.5,74,10.4,0.833,34.2,137,254
黔东南州,2016-10-08,75,49~89,良,54.6,77.4,11.4,0.888,20.6,96,300
黔东南州,2016-10-09,48,38~59,优,32.8,48.5,10.6,0.896,18.5,134,185
黔东南州,2016-10-10,74,59~90,良,53.6,79.8,10.3,0.963,21.3,110,288
黔东南州,2016-10-11,77,62~115,良,41.3,100.7,10.6,0.942,25.2,103,282
黔东南州,2016-10-12,63,48~74,良,44.8,65.2,6,0.896,23.6,80,213
黔东南州,2016-10-13,49,35~59,优,33.1,48.9,5.3,0.867,21.9,76,127
黔东南州,2016-10-14,83,63~99,良,60.7,80,11.2,0.817,26.8,62,287
黔东南州,2016-10-15,89,79~108,良,65.7,90.3,8.8,0.408,31.8,73,307
黔东南州,2016-10-16,65,40~82,良,47.1,66,9.6,0.429,26.2,40,210
黔东南州,2016-10-17,53,25~77,良,36.6,50.6,6.7,0.575,24.7,67,140
黔东南州,2016-10-18,45,28~79,优,31.2,36.1,9.5,0.508,24,63,97
黔东南州,2016-10-19,35,23~54,优,23.9,35.1,4.4,0.529,23,58,72
黔东南州,2016-10-20,21,15~33,优,13.7,17.4,2.7,0.588,26.3,35,25
黔东南州,2016-10-21,23,17~44,优,13.1,22.7,3.2,0.788,27.7,22,46
黔东南州,2016-10-22,26,15~36,优,13.1,25.9,4.6,0.617,24.8,30,83
黔东南州,2016-10-23,30,22~46,优,17.6,30,4.7,0.4,19.8,44,98
黔东南州,2016-10-24,41,35~48,优,27.7,39.1,5.6,0.517,14.1,57,140
黔东南州,2016-10-25,33,19~42,优,22.4,30.3,7.2,0.554,10.6,52,90
黔东南州,2016-10-26,15,12~19,优,9.3,14.2,2.3,0.304,4.5,38,5
黔东南州,2016-10-27,17,13~24,优,9.8,16,2.1,0.317,4.8,38,12
黔东南州,2016-10-28,17,9~30,优,10.4,15.7,2.3,0.646,12,38,38
黔东南州,2016-10-29,10,9~12,优,5.5,2,2.4,0.7,16,32,3
黔东南州,2016-10-30,38,10~87,优,13.3,41.9,3.2,0.604,24.3,34,107
黔东南州,2016-10-31,25,10~55,优,15.7,13.8,5.3,0.717,19.9,32,54
黔东南州,2016-11-01,44,28~69,优,30.6,40.7,5.9,0.8,20.7,40,140
黔东南州,2016-11-02,24,20~35,优,16.6,21.5,5.2,0.771,22.1,32,20
黔东南州,2016-11-03,40,18~63,优,24.7,37.6,8.7,0.858,31.8,50,57
黔东南州,2016-11-04,42,30~55,优,24,41.8,7,0.796,28.4,65,35
黔东南州,2016-11-05,45,35~64,优,31,44.8,4.7,0.867,29.8,51,42
黔东南州,2016-11-06,49,26~84,优,34.8,52.4,6.7,0.95,33,54,56
黔东南州,2016-11-07,30,12~46,优,19.3,27.9,4.3,1.017,26.9,35,38
黔东南州,2016-11-08,15,9~34,优,6.7,12,2.6,0.925,17.8,42,15
黔东南州,2016-11-09,12,9~15,优,5.5,8,2.8,0.767,18.8,42,12
黔东南州,2016-11-10,21,12~54,优,14,19.1,4.2,0.846,22.7,36,39
黔东南州,2016-11-11,44,20~88,优,27.5,47.4,6.4,1.179,33.2,42,89
黔东南州,2016-11-12,42,26~74,优,28,43.5,8.7,1.161,30.8,30,53
黔东南州,2016-11-13,38,25~69,优,26.3,38,10.6,1.213,25.3,12,42
黔东南州,2016-11-14,44,32~62,优,28.7,43.5,10.3,1.058,24.1,14,51
黔东南州,2016-11-15,45,26~59,优,29.4,46.5,9.1,0.726,26.8,18,71
黔东南州,2016-11-16,50,40~63,优,33.6,52.6,15.3,0.73,23.8,26,78
黔东南州,2016-11-17,46,28~67,优,31.7,50,10,0.663,15.7,48,72
黔东南州,2016-11-18,34,26~52,优,21.7,32.8,6.4,0.509,12.8,54,29
黔东南州,2016-11-19,46,32~72,优,31.3,48,7.4,0.563,23.6,58,0
黔东南州,2016-11-20,52,40~60,良,36,54,9.4,0.733,25.6,46,0
黔东南州,2016-11-21,51,36~61,良,31.9,53.1,12.3,1.004,23.6,48,0
黔东南州,2016-11-22,36,0~69,优,24.8,35.6,6.5,0.967,18.6,18,0
黔东南州,2016-11-23,13,9~22,优,8.5,12.3,5.3,0.613,14.3,30,0
黔东南州,2016-11-24,31,20~45,优,19.6,30.5,8.4,0.6,17.8,37,0
黔东南州,2016-11-25,30,18~48,优,19.8,28.5,5.2,0.617,19.6,30,0
黔东南州,2016-11-26,35,23~59,优,23.8,34.6,7.8,0.896,29.4,30,0
黔东南州,2016-11-27,53,36~79,良,29.4,57.8,8.7,0.938,30.8,42,0
黔东南州,2016-11-28,54,40~68,良,30.2,58,17.5,0.7,35,50,0
黔东南州,2016-11-29,50,35~63,良,33.5,52.2,10,0.55,29,48,0
黔东南州,2016-11-30,34,23~51,优,22.5,31.1,7.9,0.583,28.7,36,0
黔东南州,2016-12-01,45,30~62,优,28.8,46,9.3,0.621,30,34,0
黔东南州,2016-12-02,53,43~69,良,34.5,57.4,18.4,0.575,29.9,30,0
黔东南州,2016-12-03,68,60~77,良,49.5,69.2,11.8,0.767,39.5,28,0
黔东南州,2016-12-04,67,52~85,良,47,76.8,12,0.913,39.5,39,0
黔东南州,2016-12-05,76,52~119,良,54.2,85.8,12.1,0.954,37,44,0
黔东南州,2016-12-06,67,49~112,良,46.8,72.6,14.3,0.804,43.2,70,0
黔东南州,2016-12-07,77,53~112,良,55.8,94.8,17.5,0.921,53.9,60,0
黔东南州,2016-12-08,104,79~144,轻度污染,78.3,119.4,11.1,1.017,55.4,76,0
黔东南州,2016-12-09,100,57~173,轻度污染,74.7,110.1,7.8,1.075,53.5,67,0
黔东南州,2016-12-10,97,52~158,良,72.3,99.4,11.7,0.975,39.5,66,0
黔东南州,2016-12-11,159,137~185,中度污染,121,156,19.6,1.258,39.7,54,0
黔东南州,2016-12-12,168,129~209,中度污染,126.9,169,16.1,1.217,35,36,0
黔东南州,2016-12-13,110,0~189,轻度污染,82.1,107.7,9.1,1.165,28.6,35,0
黔东南州,2016-12-14,99,49~160,良,73.6,88.9,8,1.196,27.3,36,0
黔东南州,2016-12-15,98,87~109,良,73.3,89.6,16.3,1.296,29.1,60,0
黔东南州,2016-12-16,79,50~100,良,57.5,75.7,15.9,1.158,44.1,66,0
黔东南州,2016-12-17,82,72~103,良,59.9,84.3,26.1,1.238,50.4,36,0
黔东南州,2016-12-18,104,85~129,轻度污染,77.7,108.7,48.9,1.371,47.3,27,0
黔东南州,2016-12-19,66,40~155,良,47.4,61.3,8.1,1.221,31.5,20,0
黔东南州,2016-12-20,39,28~52,优,27.1,33.3,7,1.088,27.4,93,0
黔东南州,2016-12-21,41,23~99,优,26.8,39.8,10.5,1.258,33.4,18,0
黔东南州,2016-12-22,46,23~77,优,32.3,40,11.8,1.196,33.5,29,0
黔东南州,2016-12-23,49,39~69,优,34.7,47,18.3,1.304,33.5,20,0
黔东南州,2016-12-24,59,29~94,良,42.4,56,10.4,1.308,29.7,25,0
黔东南州,2016-12-25,22,12~30,优,14.8,17.8,6.1,1.254,25.3,11,0
黔东南州,2016-12-26,25,12~50,优,14.8,24.8,11.7,1.071,22.3,28,0
黔东南州,2016-12-27,42,24~52,优,28.3,39.4,13,0.838,23.1,55,0
黔东南州,2016-12-28,53,44~70,良,34.1,57,19.7,0.713,34.6,42,0
黔东南州,2016-12-29,60,52~92,良,41.7,67.8,19,0.775,39.8,46,0
黔东南州,2016-12-30,81,53~108,良,59.2,92,26.3,0.954,42.5,44,0
黔东南州,2016-12-31,113,92~134,轻度污染,85,121,26.8,1.167,51,32,0
黔东南州,2017-01-01,109,57~142,轻度污染,82,108.8,24.2,1.275,47.9,56,0
黔东南州,2017-01-02,129,117~163,轻度污染,97.6,128.2,13.6,1.233,41,34,0
黔东南州,2017-01-03,146,119~182,轻度污染,110.8,145.1,14.3,1.388,42.1,28,0
黔东南州,2017-01-04,131,40~232,轻度污染,99.5,129.8,13.3,1.65,42.6,14,0
黔东南州,2017-01-05,35,20~57,优,24,32.9,7.4,0.892,28.6,32,0
黔东南州,2017-01-06,66,46~128,良,47.8,65.5,9.8,1.521,28.5,25,0
黔东南州,2017-01-07,26,19~46,优,17.3,23.3,7,1.821,22.6,25,0
黔东南州,2017-01-08,28,18~42,优,18.8,27.3,7,1.367,23.3,28,0
黔东南州,2017-01-09,30,19~48,优,19.5,28.1,7.3,1.246,26.3,24,0
黔东南州,2017-01-10,24,13~38,优,16,20.4,6.7,1.271,24.3,28,0
黔东南州,2017-01-11,19,12~33,优,12.6,14.7,7.6,1.035,23.1,40,0
黔东南州,2017-01-12,28,15~43,优,18.8,25.1,8.2,1.013,25.9,32,0
黔东南州,2017-01-13,44,35~58,优,30.4,39.7,11.2,1.025,24.7,34,0
黔东南州,2017-01-14,52,46~60,良,36.7,49.5,9.3,0.925,23.9,34,0
黔东南州,2017-01-15,71,46~94,良,51.6,64.9,10.5,0.95,26.6,41,0
黔东南州,2017-01-16,95,72~119,良,70.9,96,11.1,1.05,26.7,32,0
黔东南州,2017-01-17,62,35~83,良,44.9,52.8,8.2,1.017,29.6,32,0
黔东南州,2017-01-18,38,29~57,优,26.3,30.2,7.4,1.075,30.1,28,0
黔东南州,2017-01-19,41,26~68,优,28.9,35.4,7,0.908,24.7,36,0
黔东南州,2017-01-20,102,74~120,轻度污染,76.5,95.3,11.1,0.983,25.5,48,0
黔东南州,2017-01-21,111,99~125,轻度污染,83.4,104.9,10.2,1.104,36.8,56,0
黔东南州,2017-01-22,107,64~163,轻度污染,80.2,104.6,16.7,1.296,44.6,52,0
黔东南州,2017-01-23,84,74~95,良,61.6,85.4,22.7,1.1,46.2,42,0
黔东南州,2017-01-24,83,72~90,良,61.2,82.5,23,0.979,28.9,51,0
黔东南州,2017-01-25,96,88~117,良,71.3,98.2,16.1,1.05,29.3,54,0
黔东南州,2017-01-26,111,64~142,轻度污染,83.2,108.6,17.1,1.254,39.8,56,0
黔东南州,2017-01-27,118,80~220,轻度污染,89,115,17.5,1.142,22.8,47,0
黔东南州,2017-01-28,110,57~386,轻度污染,84,92.5,15.1,0.925,10.6,64,0
黔东南州,2017-01-29,77,43~144,良,56.2,69.4,9,1.083,12.8,65,0
黔东南州,2017-01-30,103,64~189,轻度污染,76.5,101.9,10.8,1.179,15.3,40,0
黔东南州,2017-01-31,168,107~210,中度污染,127.1,165.9,17.4,1.45,21.8,43,0
