齐齐哈尔,2013-12-31,81,64~96,良,105.8,138,48,1.122,34.8,23,20
齐齐哈尔,2014-01-01,91,66~100,良,46.9,59.7,41.6,0.822,25.4,29,41
齐齐哈尔,2014-01-02,64,50~100,良,41.1,59.3,48.7,0.991,31.1,28,12
齐齐哈尔,2014-01-03,54,30~77,良,36.5,52.2,37.4,0.896,28.9,31,15
齐齐哈尔,2014-01-04,68,53~82,良,46.9,77.7,54.6,1.259,36.3,28,33
齐齐哈尔,2014-01-05,126,73~173,轻度污染,94.7,140.2,62.7,1.505,43.9,17,72
齐齐哈尔,2014-01-06,102,60~202,轻度污染,75.5,105.9,40.1,1.205,30.5,26,48
齐齐哈尔,2014-01-07,110,36~179,轻度污染,78.1,96.5,37.3,1.03,26.8,35,71
齐齐哈尔,2014-01-08,32,22~49,优,11,31,27.5,0.691,19.3,41,13
齐齐哈尔,2014-01-09,47,22~72,优,27.4,46.1,38.2,1.042,22.6,36,26
齐齐哈尔,2014-01-10,60,31~110,良,38.3,61.7,38.6,1.122,28.9,33,24
齐齐哈尔,2014-01-11,65,47~80,良,43.6,69.4,51.8,1.077,29.8,27,29
齐齐哈尔,2014-01-12,42,19~61,优,25.4,40.2,33.7,0.9,17.7,36,24
齐齐哈尔,2014-01-13,43,20~69,优,27,39.6,36.7,0.905,23.2,36,21
齐齐哈尔,2014-01-14,119,55~243,轻度污染,88.9,113,46.8,1.535,40.6,25,91
齐齐哈尔,2014-01-15,203,114~269,重度污染,158.4,191.1,67.2,1.6,39.3,30,126
齐齐哈尔,2014-01-16,71,41~108,良,49.7,66,70.1,1.062,27.8,29,23
齐齐哈尔,2014-01-17,84,63~146,良,61.9,86.7,43.6,1.162,28.6,22,31
齐齐哈尔,2014-01-18,79,39~152,良,55.4,76.6,61.3,1.13,29.1,33,28
齐齐哈尔,2014-01-19,87,53~141,良,64.2,91.3,67.6,1.196,26.7,18,32
齐齐哈尔,2014-01-20,99,45~178,良,72,94.8,72.2,1.357,30.4,30,70
齐齐哈尔,2014-01-21,75,42~158,良,51.7,70.7,48.8,1.127,26.7,35,59
齐齐哈尔,2014-01-22,88,68~107,良,64.9,85.2,58,1.195,40.1,28,70
齐齐哈尔,2014-01-23,175,73~249,中度污染,133.4,171.4,60.2,1.7,44,27,133
齐齐哈尔,2014-01-24,145,82~238,轻度污染,110.5,140.3,62,1.313,47.9,34,111
齐齐哈尔,2014-01-25,64,27~119,良,39.9,66.3,65.1,1.061,46.3,37,42
齐齐哈尔,2014-01-26,50,26~83,良,27.8,52,49.2,1.043,41.1,37,35
齐齐哈尔,2014-01-27,80,35~105,良,49.8,81.6,52.8,0.932,38.4,38,83
齐齐哈尔,2014-01-28,36,19~66,优,15.2,36.6,38.2,0.91,24.2,40,15
齐齐哈尔,2014-01-29,57,40~76,良,37,62.7,51.1,1.079,26.9,34,37
齐齐哈尔,2014-01-30,41,27~96,优,23.3,40.5,52.6,1.036,21.6,43,6
齐齐哈尔,2014-01-31,102,48~276,轻度污染,74.2,104.9,59.7,1.126,26.5,41,31
齐齐哈尔,2014-02-01,61,33~99,良,40.5,62.2,65.8,1.088,30.8,35,38
齐齐哈尔,2014-02-02,89,35~127,良,49.6,95.5,46.9,0.964,21.6,43,57
齐齐哈尔,2014-02-03,32,20~46,优,10.6,30.6,29,0.935,16.3,44,12
齐齐哈尔,2014-02-04,38,22~59,优,19.8,37.4,42.1,1.128,19.6,39,37
齐齐哈尔,2014-02-05,64,38~126,良,42,62.6,46.1,1.336,24.7,35,122
齐齐哈尔,2014-02-06,47,28~59,优,26.1,48.2,52,1.122,26.6,41,90
齐齐哈尔,2014-02-07,67,63~71,良,48,67.7,89.7,1.2,40.7,22,108
齐齐哈尔,2014-02-08,61,41~77,良,42.8,62.2,71.8,1.083,31.2,37,83
齐齐哈尔,2014-02-09,55,30~67,良,36.5,52.6,45.4,1.183,27.8,41,103
齐齐哈尔,2014-02-10,74,53~132,良,53.4,75.3,71.5,1.281,34.3,37,134
齐齐哈尔,2014-02-11,115,68~149,轻度污染,86.5,114.7,109.3,1.339,40.5,30,139
齐齐哈尔,2014-02-12,68,40~94,良,46.6,65.5,82.1,1.25,32.3,38,50
齐齐哈尔,2014-02-13,68,53~111,良,47.5,77.3,42.7,1.261,24.3,38,67
齐齐哈尔,2014-02-14,89,57~179,良,64.3,94.8,47,1.229,32.6,41,65
齐齐哈尔,2014-02-15,98,78~155,良,72.8,88.1,60.6,1.146,35.7,48,66
齐齐哈尔,2014-02-16,102,50~137,轻度污染,75.7,102.3,70.6,1.304,38.7,47,105
齐齐哈尔,2014-02-17,72,28~114,良,48.7,68.3,33.1,1.261,30.8,44,86
齐齐哈尔,2014-02-18,69,43~107,良,46.8,71.8,62.8,1.354,41.8,37,101
齐齐哈尔,2014-02-19,115,79~210,轻度污染,86.1,113.3,97,1.574,49.3,32,127
齐齐哈尔,2014-02-20,68,54~90,良,47.1,72.1,40.2,1.459,26.2,46,54
齐齐哈尔,2014-02-21,112,93~143,轻度污染,84.4,115.1,94.5,1.59,51.6,41,71
齐齐哈尔,2014-02-22,148,96~226,轻度污染,112.2,159.1,65.4,1.961,46.5,44,106
齐齐哈尔,2014-02-23,200,150~278,重度污染,154.1,212.5,52.9,2.026,33.4,59,144
齐齐哈尔,2014-02-24,150,123~206,中度污染,114.1,149.7,56.8,1.467,36.6,46,100
齐齐哈尔,2014-02-25,174,130~213,中度污染,131.4,174.6,64.5,1.557,47.3,58,129
齐齐哈尔,2014-02-26,253,185~327,重度污染,203.2,275.2,25.6,2.033,36.7,24,171
齐齐哈尔,2014-02-27,52,21~165,良,25.8,50.9,41,0.705,20.5,43,36
齐齐哈尔,2014-02-28,44,24~62,优,18,44.3,35.8,0.895,16.4,43,37
齐齐哈尔,2014-03-01,49,30~73,优,28.9,49,35.5,0.82,19.9,38,49
齐齐哈尔,2014-03-02,56,39~76,良,33.8,57.3,34.1,0.891,21.3,37,44
齐齐哈尔,2014-03-03,56,27~87,良,36.2,58.4,33,1.083,21.4,41,43
齐齐哈尔,2014-03-04,51,33~65,良,28,54,30.7,0.917,21.5,44,46
齐齐哈尔,2014-03-05,43,22~67,优,22,44.2,31.3,0.819,17.3,47,31
齐齐哈尔,2014-03-06,37,20~71,优,18.3,38,34,0.85,17.3,50,23
齐齐哈尔,2014-03-07,41,20~65,优,18.9,40.4,35.8,0.748,17.2,69,38
齐齐哈尔,2014-03-08,38,28~61,优,16.4,37,37.9,0.652,18.5,67,25
齐齐哈尔,2014-03-09,40,24~79,优,15.6,40.7,35.4,0.761,18,79,29
齐齐哈尔,2014-03-10,71,40~121,良,47.9,77.9,51,1,27,76,61
齐齐哈尔,2014-03-11,104,62~134,轻度污染,77.9,109.9,61.3,1.1,28,59,99
齐齐哈尔,2014-03-12,62,34~95,良,40.8,63.1,35.7,0.724,22.5,70,61
齐齐哈尔,2014-03-13,77,53~138,良,55.8,81.9,26.3,1.022,25,76,98
齐齐哈尔,2014-03-14,91,60~148,良,66.8,98.5,35.9,0.987,29.5,69,103
齐齐哈尔,2014-03-15,87,54~123,良,63.3,98,42,1.114,27.8,63,64
齐齐哈尔,2014-03-16,91,61~140,良,62.3,99.6,30.9,0.979,20.8,75,69
齐齐哈尔,2014-03-17,78,55~111,良,56.2,81.1,36.1,0.887,24.2,64,41
齐齐哈尔,2014-03-18,49,33~73,优,26.4,48.1,29.6,0.741,17.5,73,10
齐齐哈尔,2014-03-19,62,40~93,良,40.9,67.1,34,0.991,29.8,48,32
齐齐哈尔,2014-03-20,39,23~72,优,16.5,38.3,37.6,0.75,15.9,61,16
齐齐哈尔,2014-03-21,63,44~103,良,42.5,69.8,31.6,0.838,16.5,98,58
齐齐哈尔,2014-03-22,72,40~128,良,44.7,74.7,33.8,0.867,14.1,72,58
齐齐哈尔,2014-03-23,62,46~84,良,40.5,68.5,33.3,0.733,13.9,100,34
齐齐哈尔,2014-03-24,79,56~103,良,54.8,102,45.1,0.905,16.1,94,70
齐齐哈尔,2014-03-25,66,52~94,良,43.3,72.3,28.7,0.811,22.4,79,36
齐齐哈尔,2014-03-26,81,54~123,良,56.5,92.3,27.3,0.905,29,93,54
齐齐哈尔,2014-03-27,61,44~70,良,28.5,69.8,31.6,0.873,43.8,62,38
齐齐哈尔,2014-03-28,54,38~69,良,20,55.2,34.3,0.648,55,88,40
齐齐哈尔,2014-03-29,57,38~88,良,28.4,64.1,34.3,0.804,58.5,91,46
齐齐哈尔,2014-03-30,59,36~80,良,22,68.6,16.3,0.587,17.4,95,43
齐齐哈尔,2014-03-31,47,30~63,优,17,48.6,24.2,0.605,23.7,87,35
齐齐哈尔,2014-04-01,44,33~57,优,17.7,44.2,15.1,0.556,11.4,77,17
齐齐哈尔,2014-04-02,37,30~52,优,13.6,34.8,24.8,0.625,11.9,92,11
齐齐哈尔,2014-04-03,42,29~52,优,17.5,40.7,23.4,0.568,8.5,80,21
齐齐哈尔,2014-04-04,36,30~47,优,13.6,34,17.2,0.557,6.3,68,3
齐齐哈尔,2014-04-05,38,27~62,优,12.8,37.6,25.6,0.629,11,78,9
齐齐哈尔,2014-04-06,57,32~93,良,23,68,39.1,0.755,20.6,82,50
齐齐哈尔,2014-04-07,71,46~107,良,44.2,82.7,35.9,0.857,22.7,108,67
齐齐哈尔,2014-04-08,71,59~83,良,36.2,90.4,28.4,0.883,15.1,89,47
齐齐哈尔,2014-04-09,64,57~75,良,20,76.5,16.8,0.554,10.2,97,34
齐齐哈尔,2014-04-10,64,44~82,良,23,76.1,22.5,0.613,13.3,101,41
齐齐哈尔,2014-04-11,56,42~77,良,28,61,26.8,0.736,16,101,31
齐齐哈尔,2014-04-12,64,45~92,良,26.4,76.1,30.5,0.965,23.6,126,65
齐齐哈尔,2014-04-13,67,42~105,良,31.5,83,30,0.841,21.4,131,71
齐齐哈尔,2014-04-14,90,52~142,良,31.5,128.6,19.2,0.65,8.7,105,88
齐齐哈尔,2014-04-15,46,33~68,优,11.6,46.7,14.1,0.487,7.2,106,16
齐齐哈尔,2014-04-16,45,28~68,优,13.2,45,10,0.561,14.5,86,19
齐齐哈尔,2014-04-17,58,30~92,良,27.3,67.5,9.9,0.796,24.7,87,52
齐齐哈尔,2014-04-18,50,35~84,优,21.9,50.8,14.4,0.732,23,93,37
齐齐哈尔,2014-04-19,58,37~91,良,31.3,62.3,12.9,0.822,24.6,114,84
齐齐哈尔,2014-04-20,54,40~74,良,33.1,56.1,12.3,0.646,16.9,94,51
齐齐哈尔,2014-04-21,56,46~74,良,32.3,58.6,29.2,0.617,17.2,102,60
齐齐哈尔,2014-04-22,57,46~166,良,25,62.3,17,0.729,19.1,108,47
齐齐哈尔,2014-04-23,58,35~78,良,20.9,65,16.9,0.696,17.6,116,40
齐齐哈尔,2014-04-24,109,54~197,轻度污染,56.6,165.8,28.4,1.017,16.7,116,134
齐齐哈尔,2014-04-25,115,87~309,轻度污染,56,173.4,30.9,0.935,15.2,110,153
齐齐哈尔,2014-04-26,77,39~142,良,24.9,103.1,15,0.573,8.6,72,123
齐齐哈尔,2014-04-27,91,22~109,良,12.5,39.4,7.8,0.682,203.5,76,127
齐齐哈尔,2014-04-28,71,51~120,良,36.9,76.4,15.9,0.75,28,85,86
齐齐哈尔,2014-04-29,62,43~80,良,27.8,72.8,20.5,0.774,13.7,98,35
齐齐哈尔,2014-04-30,65,52~83,良,28.9,78.7,16.3,0.665,13.6,91,36
齐齐哈尔,2014-05-01,60,33~103,良,23.2,67,5,0.55,6.8,75,34
齐齐哈尔,2014-05-02,47,36~58,优,16.8,46.7,5.8,0.568,12.2,69,26
齐齐哈尔,2014-05-03,45,36~57,优,24.5,44.7,6.8,0.648,16,78,20
齐齐哈尔,2014-05-04,48,34~72,优,15.6,50.8,7.6,0.554,8,59,44
齐齐哈尔,2014-05-05,32,21~46,优,6.6,31.4,4.6,0.538,5,61,19
齐齐哈尔,2014-05-06,30,19~43,优,6.4,27.6,6.8,0.574,9.4,71,7
齐齐哈尔,2014-05-07,33,25~48,优,8.7,31.5,8.8,0.577,8.4,75,10
齐齐哈尔,2014-05-08,38,23~59,优,10.6,33.6,14,0.755,15.1,95,14
齐齐哈尔,2014-05-09,67,51~98,良,22.5,82.2,12.5,0.79,23.8,95,77
齐齐哈尔,2014-05-10,63,48~88,良,23,73.6,26.9,0.854,26.2,82,109
齐齐哈尔,2014-05-11,58,47~73,良,31.7,65.3,22.2,0.868,17.4,100,112
齐齐哈尔,2014-05-12,42,36~51,优,18.6,37.4,3.5,0.755,8.5,86,25
齐齐哈尔,2014-05-13,39,32~46,优,6.2,23.4,6.9,0.704,8.2,94,18
齐齐哈尔,2014-05-14,29,24~38,优,5.4,21.6,5.8,0.763,6.9,67,10
齐齐哈尔,2014-05-15,32,20~51,优,6,30.6,4.2,0.736,9.1,69,11
齐齐哈尔,2014-05-16,31,22~42,优,6.9,28.3,4.6,0.773,11,80,9
齐齐哈尔,2014-05-17,45,36~58,优,14.3,44.5,8.2,0.84,19,85,28
齐齐哈尔,2014-05-18,44,32~54,优,17.6,43.5,8.7,1.01,20.9,79,28
齐齐哈尔,2014-05-19,48,33~69,优,19.6,49.1,7.4,1.03,20.4,90,31
齐齐哈尔,2014-05-20,37,27~50,优,13.8,33.5,8,1.004,13.7,86,15
齐齐哈尔,2014-05-21,34,23~43,优,10.7,31,5.1,0.943,7.3,87,14
齐齐哈尔,2014-05-22,41,26~60,优,12.1,37.8,4.8,1.073,14.6,95,27
齐齐哈尔,2014-05-23,43,33~55,优,13.2,41.8,18,1.2,16.4,80,37
齐齐哈尔,2014-05-24,43,29~63,优,9.5,42.5,4.6,1.004,19.2,76,46
齐齐哈尔,2014-05-25,39,27~54,优,17.1,35.8,7.6,1.161,23.4,86,30
齐齐哈尔,2014-05-26,47,36~58,优,15.7,46.5,3.7,0.945,30.1,76,29
齐齐哈尔,2014-05-27,28,14~39,优,9.4,26.7,6.6,0.706,9.4,81,4
齐齐哈尔,2014-05-28,40,34~48,优,11.7,32.6,5.3,0.633,6.7,98,15
齐齐哈尔,2014-05-29,41,31~56,优,10.6,38.9,6.6,0.631,11.4,69,16
齐齐哈尔,2014-05-30,61,29~95,良,19.2,73.5,33.2,1.118,15,89,46
齐齐哈尔,2014-05-31,69,32~90,良,28.1,84.3,19.8,1.106,17.1,153,64
齐齐哈尔,2014-06-01,75,64~87,良,41.6,99.1,13.9,0.929,18.4,127,106
齐齐哈尔,2014-06-02,62,53~70,良,30.4,68.1,7.9,0.507,14.4,130,96
齐齐哈尔,2014-06-03,55,31~91,良,9.8,63.9,3.7,0.4,7.3,59,72
齐齐哈尔,2014-06-04,44,22~55,优,11.9,42.8,5.7,0.611,11.8,105,29
齐齐哈尔,2014-06-05,41,18~57,优,14.4,40.2,6.5,0.707,11.9,77,29
齐齐哈尔,2014-06-06,44,32~71,优,10.3,44.4,5.8,0.781,13.1,70,38
齐齐哈尔,2014-06-07,42,27~59,优,8.6,42.5,5.1,0.635,10.6,68,39
齐齐哈尔,2014-06-08,41,31~56,优,13.2,40.3,4.7,0.76,9.8,59,24
齐齐哈尔,2014-06-09,39,24~52,优,12.9,38.4,5.2,0.721,9,92,25
齐齐哈尔,2014-06-10,43,33~60,优,14.6,43.2,4.3,0.762,14.4,69,38
齐齐哈尔,2014-06-11,35,21~50,优,9.8,33.3,5,0.605,9.9,48,12
齐齐哈尔,2014-06-12,35,23~45,优,7.9,34.2,5.5,0.386,10.2,85,8
齐齐哈尔,2014-06-13,50,32~70,优,17.6,50.4,5.9,0.445,16.9,92,29
齐齐哈尔,2014-06-14,44,27~84,优,16.7,43.9,3.9,0.437,16.2,82,15
齐齐哈尔,2014-06-15,36,24~49,优,9.7,34.7,4.7,0.362,8.7,75,9
齐齐哈尔,2014-06-16,41,32~57,优,9.1,38.5,3.6,0.332,12.4,76,17
齐齐哈尔,2014-06-17,37,24~53,优,9.2,36,10.9,0.376,6.6,52,23
齐齐哈尔,2014-06-18,33,15~53,优,8.9,32,3.8,0.352,7.8,50,17
齐齐哈尔,2014-06-19,39,30~55,优,9.8,37.8,4.7,0.379,11.4,66,35
齐齐哈尔,2014-06-20,44,28~62,优,11,43.1,5.2,0.362,13.2,80,60
齐齐哈尔,2014-06-21,43,35~60,优,11.4,41.3,4.7,0.34,17.7,79,52
齐齐哈尔,2014-06-22,51,39~73,良,14,50.9,5.5,0.405,18,94,69
齐齐哈尔,2014-06-23,45,27~65,优,18.9,44,9.5,0.39,18.4,93,45
齐齐哈尔,2014-06-24,54,41~76,良,17.5,57.3,11.5,0.59,15.3,104,65
齐齐哈尔,2014-06-25,52,38~64,良,17.5,54.2,13.2,0.614,16.5,98,71
齐齐哈尔,2014-06-26,32,25~41,优,11.1,26.3,5,0.345,10.9,77,17
齐齐哈尔,2014-06-27,32,21~53,优,9.5,31,4.7,0.295,12.3,54,21
齐齐哈尔,2014-06-28,44,28~68,优,17.8,43.9,9.9,0.457,18.5,96,43
齐齐哈尔,2014-06-29,50,32~68,良,29.3,52.5,15.8,0.557,19.2,100,55
齐齐哈尔,2014-06-30,55,35~69,良,24,58.9,11.5,0.509,19.8,107,54
齐齐哈尔,2014-07-01,55,38~69,良,28.7,58.5,8.9,0.724,21.7,100,60
齐齐哈尔,2014-07-02,78,58~96,良,55.5,91.6,19.7,0.777,18.5,135,131
齐齐哈尔,2014-07-03,76,58~91,良,55,80,15.8,0.791,17,104,117
齐齐哈尔,2014-07-04,54,33~111,良,26.5,50.9,6.8,0.51,12.4,75,57
齐齐哈尔,2014-07-05,48,37~61,优,19.5,47.6,11.5,0.6,19.6,98,57
齐齐哈尔,2014-07-06,33,25~53,优,10.4,26.1,6.4,0.239,9.9,71,17
齐齐哈尔,2014-07-07,39,23~49,优,11,32.4,10.3,0.364,16.7,102,15
齐齐哈尔,2014-07-08,56,25~98,良,28.9,57.3,11.7,0.6,11.3,83,61
齐齐哈尔,2014-07-09,26,18~40,优,9.2,24,6.9,0.382,9.1,44,8
齐齐哈尔,2014-07-10,27,20~50,优,5.7,23.4,4.9,0.264,6,49,12
齐齐哈尔,2014-07-11,24,15~49,优,6.5,22.6,6.2,0.29,6.9,44,11
齐齐哈尔,2014-07-12,24,17~52,优,5.6,20.8,10.4,0.286,10,61,13
齐齐哈尔,2014-07-13,25,18~45,优,6.2,21.7,5.6,0.3,11.4,53,13
齐齐哈尔,2014-07-14,36,18~55,优,10.6,35.1,7.3,0.445,17.9,74,35
齐齐哈尔,2014-07-15,42,28~57,优,14,41.2,8.7,0.531,21.2,91,53
齐齐哈尔,2014-07-16,44,31~61,优,21.2,38.4,5.4,0.577,12,137,55
齐齐哈尔,2014-07-17,41,27~57,优,19.4,37,4,0.609,19.3,101,39
齐齐哈尔,2014-07-18,44,28~67,优,13.7,43.2,5,0.541,17.7,98,54
齐齐哈尔,2014-07-19,59,23~96,良,34.2,60.6,5.5,0.643,19.8,76,89
齐齐哈尔,2014-07-20,120,32~214,轻度污染,88.5,112.6,6.7,0.867,21.3,71,154
齐齐哈尔,2014-07-21,33,24~53,优,12.2,29.3,5.3,0.535,10.9,77,30
齐齐哈尔,2014-07-22,45,22~61,优,21.7,45,6.8,0.533,14.2,78,54
齐齐哈尔,2014-07-23,62,19~158,良,39.4,63.3,6.5,0.608,16.4,73,76
齐齐哈尔,2014-07-24,186,122~246,中度污染,142.1,168.9,6.6,1.013,15.4,106,186
齐齐哈尔,2014-07-25,191,174~203,中度污染,143.3,177.3,6.7,1.114,28.6,128,186
齐齐哈尔,2014-07-26,173,131~212,中度污染,130.3,156.8,6.2,1.195,24.6,121,176
齐齐哈尔,2014-07-27,122,76~185,轻度污染,91.2,118.4,22.7,0.935,13.9,121,140
齐齐哈尔,2014-07-28,127,91~160,轻度污染,95.6,127.2,22.7,1.04,12.1,149,154
齐齐哈尔,2014-07-29,79,60~143,良,55.2,87.2,17,0.987,13,88,90
齐齐哈尔,2014-07-30,84,39~149,良,61.2,69.1,18.9,0.837,11,71,117
齐齐哈尔,2014-07-31,53,25~79,良,30.7,54.5,16.9,0.986,7.9,91,73
齐齐哈尔,2014-08-01,42,27~60,优,17.1,41.5,9.8,0.855,9.4,73,72
齐齐哈尔,2014-08-02,30,20~43,优,11.2,28,6,0.609,9.6,72,20
齐齐哈尔,2014-08-03,35,24~53,优,11.8,33,10.6,0.732,8.6,73,16
齐齐哈尔,2014-08-04,30,20~55,优,6.6,25.5,5,0.65,8,68,11
齐齐哈尔,2014-08-05,28,17~43,优,9.4,26.5,5.2,0.667,9.6,53,13
齐齐哈尔,2014-08-06,61,35~82,良,41,63.9,4,0.883,11.2,66,106
齐齐哈尔,2014-08-07,49,31~71,优,27.9,48,4.5,0.552,14,67,71
齐齐哈尔,2014-08-08,50,37~65,良,27.3,51.8,13.2,0.733,15.6,86,67
齐齐哈尔,2014-08-09,56,46~64,良,33.6,58.6,6.1,0.69,12.7,110,99
齐齐哈尔,2014-08-10,54,51~61,良,30.8,55.2,5,0.643,11.8,113,74
齐齐哈尔,2014-08-11,44,28~69,优,19.4,43.5,4.5,0.618,12.5,76,42
齐齐哈尔,2014-08-12,27,20~36,优,9,24.9,5.9,0.496,7.9,58,10
齐齐哈尔,2014-08-13,31,16~49,优,8.8,30.4,8.7,0.455,13.3,64,28
齐齐哈尔,2014-08-14,38,25~55,优,12.9,36.8,5,0.529,21.5,86,50
齐齐哈尔,2014-08-15,34,22~45,优,13.5,32.5,4.2,0.54,18.7,47,21
齐齐哈尔,2014-08-16,28,17~49,优,12.9,24.7,4.6,0.557,19.7,80,10
齐齐哈尔,2014-08-17,40,17~174,优,18.4,35.5,5,0.513,16,84,32
齐齐哈尔,2014-08-18,56,24~164,良,26.6,54.7,8.5,0.7,26.7,93,72
齐齐哈尔,2014-08-19,50,33~82,优,22.6,51.4,11.7,0.773,23.6,91,71
齐齐哈尔,2014-08-20,42,27~60,优,15.1,40.8,6.4,0.71,22.1,64,43
齐齐哈尔,2014-08-21,42,26~55,优,16.7,38.5,6.4,0.645,15.1,75,25
齐齐哈尔,2014-08-22,50,31~70,优,22.3,46.4,4.8,0.763,25,96,42
齐齐哈尔,2014-08-23,52,26~94,良,19.5,58,4.7,0.667,20.9,83,52
齐齐哈尔,2014-08-24,43,25~61,优,17.1,39.8,4.9,0.638,8.3,128,58
齐齐哈尔,2014-08-25,38,28~48,优,13.3,28.7,3.7,0.661,11.9,111,34
齐齐哈尔,2014-08-26,29,24~32,优,5.7,21.2,4.1,0.47,7.6,70,15
齐齐哈尔,2014-08-27,38,21~54,优,14,31.4,9.3,0.739,16,105,34
齐齐哈尔,2014-08-28,36,21~50,优,15.4,29.4,8.5,0.727,17.8,87,30
齐齐哈尔,2014-08-29,45,33~64,优,21.1,44.4,3.5,0.657,17.7,122,51
齐齐哈尔,2014-08-30,56,42~69,良,27.8,53.5,6,0.757,23.9,116,87
齐齐哈尔,2014-08-31,47,36~60,优,20.6,43.6,6.7,0.645,16.7,111,62
齐齐哈尔,2014-09-01,35,24~52,优,8.3,30.7,4,0.482,17.2,74,33
齐齐哈尔,2014-09-02,19,10~35,优,7.7,17.8,3.6,0.462,16.1,31,8
齐齐哈尔,2014-09-03,25,11~45,优,8.6,23.5,5.5,0.587,17.6,49,22
齐齐哈尔,2014-09-04,21,16~27,优,7.2,19.6,3.6,0.49,12.1,50,2
齐齐哈尔,2014-09-05,32,20~66,优,11.9,26.6,5.9,0.641,20.5,76,12
齐齐哈尔,2014-09-06,45,26~64,优,18.3,43.2,13.3,0.687,26.9,77,25
齐齐哈尔,2014-09-07,43,25~65,优,14.7,38,6.2,0.757,10.4,129,29
齐齐哈尔,2014-09-08,33,21~57,优,9.8,19,4.9,0.452,5.2,92,22
齐齐哈尔,2014-09-09,31,17~87,优,10.4,29.4,8,0.557,20.8,64,21
齐齐哈尔,2014-09-10,38,18~84,优,13.5,40,6.9,0.673,23.1,56,34
齐齐哈尔,2014-09-11,46,28~79,优,20.9,48.3,11,0.768,28,66,59
齐齐哈尔,2014-09-12,32,22~45,优,10.4,28.9,19.8,0.613,19,77,35
齐齐哈尔,2014-09-13,37,30~48,优,12,32.3,19.2,0.617,13.5,82,46
齐齐哈尔,2014-09-14,34,24~47,优,13.3,28.8,9.3,0.442,6.6,90,39
齐齐哈尔,2014-09-15,35,21~73,优,11,34.7,10,0.504,10.6,58,45
齐齐哈尔,2014-09-16,27,16~38,优,10.1,23.9,12,0.5,15.9,62,27
齐齐哈尔,2014-09-17,42,22~74,优,18.5,43.1,8.6,0.714,30,77,72
齐齐哈尔,2014-09-18,45,28~64,优,21.2,44.5,18.2,0.661,24.3,92,69
齐齐哈尔,2014-09-19,37,27~49,优,13.5,32.3,9.6,0.67,14.4,106,31
齐齐哈尔,2014-09-20,43,32~62,优,17.7,39.8,6.8,0.622,18.5,102,40
齐齐哈尔,2014-09-21,48,35~64,优,23.5,48.4,13,0.786,25.5,95,57
齐齐哈尔,2014-09-22,42,25~64,优,17.5,40.1,6.8,0.68,14.1,107,42
齐齐哈尔,2014-09-23,31,19~64,优,8.7,26.2,5.7,0.723,17.9,61,29
齐齐哈尔,2014-09-24,38,20~56,优,18.8,35.5,7.4,0.817,24.8,79,32
齐齐哈尔,2014-09-25,34,21~57,优,15.9,31,7.4,0.89,17.9,76,6
齐齐哈尔,2014-09-26,47,36~75,优,25.5,48.6,40.7,1.027,25.8,48,21
齐齐哈尔,2014-09-27,29,23~36,优,12,24.1,24,0.696,10.1,76,10
齐齐哈尔,2014-09-28,25,19~39,优,9.4,23,15,0.65,7.7,48,8
齐齐哈尔,2014-09-29,28,19~58,优,9.4,24.7,8.8,0.646,10.1,55,22
齐齐哈尔,2014-09-30,34,20~53,优,15.1,32.1,13.4,0.727,13.4,51,31
齐齐哈尔,2014-10-01,40,23~62,优,20,40.4,16.4,1.067,23.2,66,25
齐齐哈尔,2014-10-02,57,29~91,良,31.7,62.1,11.3,1.057,28,71,63
齐齐哈尔,2014-10-03,43,21~82,优,23,45.7,10.8,0.927,20.8,62,33
齐齐哈尔,2014-10-04,37,17~80,优,17.2,35.4,9.2,0.758,15.9,65,21
齐齐哈尔,2014-10-05,49,25~101,优,24.6,53.5,10,1.209,26.5,73,41
齐齐哈尔,2014-10-06,54,38~100,良,25.6,54.7,13.1,0.868,20.5,74,43
齐齐哈尔,2014-10-07,45,30~66,优,20.8,45.2,10.7,0.986,16.9,76,9
齐齐哈尔,2014-10-08,34,23~44,优,17.5,31.1,8.5,0.9,18.7,69,3
齐齐哈尔,2014-10-09,28,17~46,优,14.7,26.7,9,0.876,15.5,70,2
齐齐哈尔,2014-10-10,38,24~57,优,19.1,36.5,15.1,0.936,13.1,60,9
齐齐哈尔,2014-10-11,86,27~225,良,59,71.7,7.4,0.945,15.5,58,80
齐齐哈尔,2014-10-12,27,17~42,优,7.4,24.8,9.1,0.477,6.1,51,13
齐齐哈尔,2014-10-13,30,15~55,优,11.5,28.9,24.3,0.691,12,52,10
齐齐哈尔,2014-10-14,61,27~138,良,35.5,73.9,29.9,1.091,30.8,64,41
齐齐哈尔,2014-10-15,212,43~385,重度污染,171.5,210,32.2,1.405,30.8,95,137
齐齐哈尔,2014-10-16,42,25~110,优,19.1,38.7,17.1,1.02,22.9,59,17
齐齐哈尔,2014-10-17,60,26~96,良,38.8,68,39,1.105,41,81,36
齐齐哈尔,2014-10-18,125,60~208,轻度污染,93.1,132.6,29.5,1.448,33.6,98,114
齐齐哈尔,2014-10-19,105,41~200,轻度污染,70.1,108.1,28.5,1.327,21.2,64,112
齐齐哈尔,2014-10-20,36,29~52,优,8.2,33,12.3,0.656,8.1,67,12
齐齐哈尔,2014-10-21,37,25~56,优,14.5,34.8,31,0.965,16.3,64,16
齐齐哈尔,2014-10-22,112,52~181,轻度污染,82.6,111.7,57.6,1.505,28.2,101,123
齐齐哈尔,2014-10-23,130,56~199,轻度污染,96.1,137,43.9,1.505,38.4,72,133
齐齐哈尔,2014-10-24,68,43~149,良,47.6,61.3,42.3,1.086,27.3,49,45
齐齐哈尔,2014-10-25,57,38~80,良,39.1,56.3,20.2,1.184,25.9,43,28
齐齐哈尔,2014-10-26,32,23~51,优,12.6,29.1,19.5,0.723,8.1,65,5
齐齐哈尔,2014-10-27,31,23~61,优,12.4,27.9,35.8,0.865,15.4,61,10
齐齐哈尔,2014-10-28,97,26~200,良,68.8,92.1,47.9,1.432,28,91,108
齐齐哈尔,2014-10-29,241,171~363,重度污染,191.3,214,57.1,1.71,39.3,107,184
齐齐哈尔,2014-10-30,97,24~246,良,69.5,78.8,25.5,0.99,21,92,87
齐齐哈尔,2014-10-31,41,25~63,优,22.6,41.4,48.3,0.933,23.4,43,38
齐齐哈尔,2014-11-01,51,28~98,良,34.8,52.6,26.6,1.053,25.4,59,54
齐齐哈尔,2014-11-02,30,20~63,优,15.3,26.1,19.6,0.8,11.2,61,18
齐齐哈尔,2014-11-03,44,20~104,优,27.7,43.4,25.8,0.991,23.3,61,45
齐齐哈尔,2014-11-04,112,46~168,轻度污染,83.5,103.9,37.1,1.524,36.8,67,132
齐齐哈尔,2014-11-05,129,30~258,轻度污染,94.4,118,30.1,1.022,22.7,65,106
齐齐哈尔,2014-11-06,47,21~125,优,24.4,45,27.3,0.732,13,57,36
齐齐哈尔,2014-11-07,81,35~234,良,57.2,76.4,43.6,1.077,19.8,83,88
齐齐哈尔,2014-11-08,177,93~290,中度污染,137.9,165.1,53.7,1.433,33.1,86,177
齐齐哈尔,2014-11-09,171,56~256,中度污染,131.2,152,59.5,1.586,41.4,68,156
齐齐哈尔,2014-11-10,206,86~298,重度污染,162.8,203.8,58,2.23,55.3,80,153
齐齐哈尔,2014-11-11,100,33~285,良,74,90.6,35.9,0.892,18.6,62,82
齐齐哈尔,2014-11-12,36,23~75,优,14.1,36.4,20.1,0.648,6.1,55,30
齐齐哈尔,2014-11-13,30,23~54,优,12.9,27.1,36.6,0.67,10.2,58,9
齐齐哈尔,2014-11-14,41,20~115,优,24,43,47.5,1.075,19.2,52,21
齐齐哈尔,2014-11-15,63,23~124,良,42.6,67.8,57.2,1.22,23.3,62,44
齐齐哈尔,2014-11-16,120,42~207,轻度污染,89.1,113.7,66.7,1.73,34.8,57,113
齐齐哈尔,2014-11-17,106,52~181,轻度污染,76.1,103.3,59.3,1.438,35.9,53,99
齐齐哈尔,2014-11-18,97,39~131,良,71.8,91.4,65.1,1.4,23.5,58,89
齐齐哈尔,2014-11-19,149,71~351,轻度污染,115.9,159.7,90.5,1.838,36.7,28,126
齐齐哈尔,2014-11-20,249,93~363,重度污染,202.7,248.6,58.1,1.774,26.3,29,165
齐齐哈尔,2014-11-21,122,28~265,轻度污染,92,109,37.1,1.159,17.9,52,78
齐齐哈尔,2014-11-22,36,24~58,优,19.8,36.2,48.1,0.821,16.2,55,6
齐齐哈尔,2014-11-23,57,31~71,良,35.4,60.2,54.1,0.933,17.9,38,44
齐齐哈尔,2014-11-24,48,21~82,优,28.5,47.1,35.4,0.914,21,48,50
齐齐哈尔,2014-11-25,65,53~82,良,37,74.4,61.5,0.929,20.7,49,81
齐齐哈尔,2014-11-26,108,45~148,轻度污染,76.7,137.9,62.5,1.274,26.6,49,125
齐齐哈尔,2014-11-27,43,25~87,优,22.2,41.3,31,0.739,22.2,60,35
齐齐哈尔,2014-11-28,79,49~150,良,56.4,78,47.8,0.874,30.7,57,99
齐齐哈尔,2014-11-29,204,124~376,重度污染,161,206.7,84.7,1.482,50.9,55,172
齐齐哈尔,2014-11-30,70,39~319,良,40.6,62.8,39.5,0.583,13.5,51,67
齐齐哈尔,2014-12-01,42,24~65,优,9.8,42.7,39.9,0.494,10.2,54,35
齐齐哈尔,2014-12-02,26,24~34,优,7.3,18.7,27.3,0.5,7.6,52,5
齐齐哈尔,2014-12-03,27,23~32,优,10.3,24.6,29.3,0.59,12.6,50,7
齐齐哈尔,2014-12-04,24,21~30,优,10.9,19.9,36.7,0.588,13.7,50,17
齐齐哈尔,2014-12-05,27,21~35,优,11.2,24.6,36,0.57,13.1,49,8
齐齐哈尔,2014-12-06,41,22~136,优,23.2,33.1,50,0.97,27,55,20
齐齐哈尔,2014-12-07,60,22~131,良,41.3,47.3,56.7,1.1,32.3,55,40
齐齐哈尔,2014-12-08,67,24~114,良,46.6,58.4,44.8,1.188,34.3,55,50
齐齐哈尔,2014-12-09,100,50~219,良,73.2,85.9,68.1,1.529,40.9,36,94
齐齐哈尔,2014-12-10,60,29~75,良,28.5,63.8,46.4,0.779,18.4,52,42
齐齐哈尔,2014-12-11,58,26~109,良,38.8,51.5,52.5,1.061,30,55,59
齐齐哈尔,2014-12-12,59,23~137,良,41.4,45.9,53.7,1.021,31,53,54
齐齐哈尔,2014-12-13,61,24~133,良,42.8,49.2,45.4,1,24.2,49,44
齐齐哈尔,2014-12-14,60,32~97,良,41.8,55.5,79.9,0.978,28.2,34,25
齐齐哈尔,2014-12-15,108,61~231,轻度污染,80.4,97.3,56.2,1.474,36.5,33,78
齐齐哈尔,2014-12-16,92,30~184,良,67,77,62.9,1.359,30.5,38,120
齐齐哈尔,2014-12-17,61,20~139,良,43.5,53.3,66.8,1.091,28,46,62
齐齐哈尔,2014-12-18,51,37~80,良,33.8,48.8,62.3,1.033,28.4,40,13
齐齐哈尔,2014-12-19,100,61~128,良,74.3,81,78.3,1.417,34.6,43,110
齐齐哈尔,2014-12-20,95,27~213,良,68.6,86.9,49.9,1.454,32.2,40,104
齐齐哈尔,2014-12-21,74,30~198,良,52,62,55.2,1.188,26.7,39,77
齐齐哈尔,2014-12-22,52,30~76,良,35.7,41.9,66.2,1,28.1,39,16
齐齐哈尔,2014-12-23,76,45~143,良,54.2,65.8,62,1.339,34.3,35,37
齐齐哈尔,2014-12-24,61,32~92,良,41.6,55.3,44.5,1.083,25.8,53,33
齐齐哈尔,2014-12-25,45,25~120,优,26,36.8,41.6,1.013,25.9,68,25
齐齐哈尔,2014-12-26,63,35~86,良,42.1,61.2,66.5,1.258,39.8,43,50
齐齐哈尔,2014-12-27,129,53~227,轻度污染,93.9,128,57,1.796,42.5,35,104
齐齐哈尔,2014-12-28,161,70~224,中度污染,121.6,149.3,51.5,1.758,44,51,120
齐齐哈尔,2014-12-29,108,65~219,轻度污染,80,104.5,81.7,1.513,44,40,74
齐齐哈尔,2014-12-30,96,50~137,良,71,90,31.9,1.342,32,46,76
齐齐哈尔,2014-12-31,35,26~58,优,19,32.3,44.6,0.665,18.1,58,26
齐齐哈尔,2015-01-01,35,19~61,优,22.2,27.2,31.6,0.725,16.2,41,43
齐齐哈尔,2015-01-02,34,17~55,优,19.8,33.1,42.8,0.721,20,47,21
齐齐哈尔,2015-01-03,76,38~120,良,53.5,77,64.5,1.229,32.5,37,92
齐齐哈尔,2015-01-04,146,119~165,轻度污染,111,137.3,85.3,1.717,43.2,42,197
齐齐哈尔,2015-01-05,127,32~211,轻度污染,90,103.8,40.7,1.336,23.2,67,172
齐齐哈尔,2015-01-06,30,25~44,优,11.8,27,36.8,0.6,15.2,57,20
齐齐哈尔,2015-01-07,42,21~108,优,26.6,36.9,45.1,0.892,27,60,51
齐齐哈尔,2015-01-08,56,33~83,良,36.2,53.3,51.3,1.205,34.4,53,70
齐齐哈尔,2015-01-09,66,27~125,良,44.6,69.7,53.6,1.248,35.2,54,86
齐齐哈尔,2015-01-10,100,52~160,轻度污染,74.3,93.8,57,1.708,42.5,47,155
齐齐哈尔,2015-01-11,66,25~132,良,46,51.2,61,1.283,34,60,99
齐齐哈尔,2015-01-12,97,52~205,良,70.1,95.6,59.4,1.675,39,45,205
齐齐哈尔,2015-01-13,81,52~139,良,58.4,79.6,61.3,1.208,31.4,57,174
齐齐哈尔,2015-01-14,99,59~210,良,72.9,100.8,90.5,1.509,45,39,188
齐齐哈尔,2015-01-15,85,39~130,良,60.7,85.4,68.4,1.235,31.5,51,143
齐齐哈尔,2015-01-16,68,28~119,良,44.2,60.8,46.8,0.973,28,63,96
齐齐哈尔,2015-01-17,39,19~99,优,22.5,33.8,40.1,0.833,24.5,63,33
齐齐哈尔,2015-01-18,47,27~67,优,27.9,48.4,65.5,0.815,27.5,52,38
齐齐哈尔,2015-01-19,41,29~61,优,24.1,40.5,62.6,0.8,27.8,47,29
齐齐哈尔,2015-01-20,75,52~130,良,51.6,81.4,56.4,1.233,30.7,47,109
齐齐哈尔,2015-01-21,110,31~170,轻度污染,80.9,98.9,54.7,1.383,35.6,59,184
齐齐哈尔,2015-01-22,89,55~148,良,65.7,89.9,59.4,1.346,30,61,147
齐齐哈尔,2015-01-23,181,110~225,中度污染,136.9,165.3,78.4,1.905,48.7,58,288
齐齐哈尔,2015-01-24,129,56~204,轻度污染,95.7,126.3,69.6,1.417,41.3,57,188
齐齐哈尔,2015-01-25,114,76~171,轻度污染,85.3,118.3,66.9,1.7,48.1,59,164
齐齐哈尔,2015-01-26,51,28~150,良,27,47,31.4,0.668,14.7,67,42
齐齐哈尔,2015-01-27,43,23~138,优,22.7,40.5,41.8,1.067,28.1,56,73
齐齐哈尔,2015-01-28,47,19~70,优,24.2,45.7,49.3,0.991,27.2,50,133
齐齐哈尔,2015-01-29,55,36~91,良,31.5,57.5,53.8,1.036,29,59,147
齐齐哈尔,2015-01-30,38,21~87,优,20.7,32.3,42.5,0.917,24.9,64,60
齐齐哈尔,2015-01-31,47,23~67,优,28.1,45.3,49,1.129,31.7,64,82
齐齐哈尔,2015-02-01,81,35~210,良,56.1,85.9,58.7,1.671,49.2,52,153
齐齐哈尔,2015-02-02,81,60~121,良,58.5,84.8,72.3,1.308,40.6,73,143
齐齐哈尔,2015-02-03,80,57~122,良,58,92.7,99,1.47,49,48,127
齐齐哈尔,2015-02-04,69,35~130,良,46.8,64.3,58,1.122,34.2,62,121
齐齐哈尔,2015-02-05,60,34~114,良,35.7,65.1,48.7,1.435,34.4,61,114
齐齐哈尔,2015-02-06,61,29~121,良,37.1,66.3,55.2,1.222,35.3,69,73
齐齐哈尔,2015-02-07,39,28~64,优,8.5,38.3,25.2,0.761,11,68,24
齐齐哈尔,2015-02-08,36,25~71,优,17,33.6,36.2,1.075,22.5,67,37
齐齐哈尔,2015-02-09,46,25~74,优,26.4,48,60.7,1.121,30.2,66,50
齐齐哈尔,2015-02-10,63,36~119,良,39.3,73.8,59.2,1.388,37.1,62,77
齐齐哈尔,2015-02-11,48,23~106,优,21.9,50.6,37.8,0.965,23.2,67,48
齐齐哈尔,2015-02-12,39,26~59,优,18.4,37.9,45.7,0.942,24.8,71,27
齐齐哈尔,2015-02-13,44,27~106,优,21.7,44.1,32.9,1.174,30,78,29
齐齐哈尔,2015-02-14,91,40~163,良,63.3,106.1,77.1,1.65,47.6,75,131
齐齐哈尔,2015-02-15,81,37~149,良,57.4,85.5,44.5,1.479,38.5,77,126
齐齐哈尔,2015-02-16,68,41~116,良,46.2,73.9,63.9,1.025,34.4,68,87
齐齐哈尔,2015-02-17,42,34~62,优,22.8,42.1,61.6,0.683,21.1,78,34
齐齐哈尔,2015-02-18,53,32~189,良,29.6,50.3,52.4,0.738,21.3,81,61
齐齐哈尔,2015-02-19,105,56~255,轻度污染,72,118.7,62.1,0.863,21.8,66,179
齐齐哈尔,2015-02-20,116,74~205,轻度污染,86.2,121.2,54.3,1.424,30.4,69,291
齐齐哈尔,2015-02-21,107,82~193,轻度污染,79.7,119.8,36.5,1.304,26.2,65,276
齐齐哈尔,2015-02-22,101,37~288,轻度污染,36.1,137.1,28.2,0.783,17,82,182
齐齐哈尔,2015-02-23,40,37~52,优,15.5,29.1,20,0.627,12.2,80,66
齐齐哈尔,2015-02-24,42,32~87,优,22,37.1,35,0.832,24.2,83,67
齐齐哈尔,2015-02-25,79,52~119,良,56.1,84.6,28.8,1.195,38.6,74,229
齐齐哈尔,2015-02-26,145,96~217,轻度污染,109.3,146.7,44.5,1.327,45.9,95,334
齐齐哈尔,2015-02-27,71,41~139,良,48.8,72.6,37.8,0.867,28.4,96,250
齐齐哈尔,2015-02-28,54,35~72,良,35,56.3,38.3,0.758,26,84,208
齐齐哈尔,2015-03-01,75,38~122,良,52.1,75.9,36.5,0.892,29.9,95,214
齐齐哈尔,2015-03-02,55,32~100,良,36.6,55.1,48.2,0.917,37.3,89,100
齐齐哈尔,2015-03-03,83,41~122,良,58.6,83.3,52.6,0.85,30.4,106,201
齐齐哈尔,2015-03-04,46,34~65,优,26.3,45.5,56.6,0.709,28.5,90,108
齐齐哈尔,2015-03-05,78,43~136,良,54.6,82.6,63.5,0.963,33.6,87,235
齐齐哈尔,2015-03-06,124,86~170,轻度污染,93.5,128.3,48.8,1.254,38,91,315
齐齐哈尔,2015-03-07,51,32~126,良,30.3,47.7,33.6,0.709,21,79,88
齐齐哈尔,2015-03-08,37,32~54,优,15.3,29.3,26.5,0.63,17.6,76,44
齐齐哈尔,2015-03-09,35,30~49,优,13.1,27.8,38.5,0.592,17.6,72,34
齐齐哈尔,2015-03-10,38,27~75,优,17.6,34.7,40.1,0.709,22,79,48
齐齐哈尔,2015-03-11,41,30~71,优,17.2,32.3,29.8,0.627,16.5,82,66
齐齐哈尔,2015-03-12,44,36~78,优,18.5,38.8,33.7,0.823,24.3,83,68
齐齐哈尔,2015-03-13,42,28~65,优,24.6,40,28.7,0.808,19.7,82,51
齐齐哈尔,2015-03-14,54,27~82,良,35.1,57.3,32.5,0.954,26,98,69
齐齐哈尔,2015-03-15,73,39~120,良,48,86.3,35.9,1.004,24,98,121
齐齐哈尔,2015-03-16,48,31~64,优,25.4,47.1,34.1,0.822,19.9,84,53
齐齐哈尔,2015-03-17,40,35~53,优,16.4,32.7,18.1,0.725,13.6,93,41
齐齐哈尔,2015-03-18,61,31~99,良,24.5,74.3,37.6,0.813,18.8,96,162
齐齐哈尔,2015-03-19,42,32~63,优,17.4,36.2,18.3,0.722,13.1,93,56
齐齐哈尔,2015-03-20,43,31~62,优,19.8,41,24.3,0.85,17.2,92,53
齐齐哈尔,2015-03-21,48,37~64,优,18.1,49.3,14.1,0.75,9.8,98,54
齐齐哈尔,2015-03-22,42,36~54,优,10.2,37.1,19.1,0.633,7.4,84,23
齐齐哈尔,2015-03-23,42,30~113,优,18.5,35.7,32.3,0.983,21.1,81,49
齐齐哈尔,2015-03-24,154,89~208,中度污染,115.4,154.7,45.5,1.743,41.3,119,358
齐齐哈尔,2015-03-25,117,66~245,轻度污染,87.6,133.5,35.3,1.342,27,176,306
齐齐哈尔,2015-03-26,115,58~186,轻度污染,82.2,149.4,34.1,1.858,32.9,153,293
齐齐哈尔,2015-03-27,113,41~193,轻度污染,83.2,147,38.7,1.23,29.9,116,271
齐齐哈尔,2015-03-28,49,35~89,优,22.2,45.3,25.9,0.914,19.4,102,55
齐齐哈尔,2015-03-29,96,66~137,良,71.1,100.9,32.3,1.23,25.7,112,203
齐齐哈尔,2015-03-30,84,45~132,良,59.8,95.3,30.1,1.071,24.7,99,188
齐齐哈尔,2015-03-31,47,33~78,优,25.8,46.3,21.4,0.888,16.2,103,82
齐齐哈尔,2015-04-01,84,57~124,良,54.3,98.7,31.3,1.039,24.8,100,260
齐齐哈尔,2015-04-02,134,74~211,轻度污染,100.4,149.6,40.1,1.6,44.5,93,336
齐齐哈尔,2015-04-03,56,27~149,良,32,56.2,24.3,0.738,16.2,87,132
齐齐哈尔,2015-04-04,56,30~88,良,24.4,63,21.8,0.75,14.8,60,136
齐齐哈尔,2015-04-05,42,26~58,优,16.8,41,30.6,0.704,10.7,76,79
齐齐哈尔,2015-04-06,36,32~52,优,12.6,24.5,18.6,0.663,9.3,84,67
齐齐哈尔,2015-04-07,38,31~50,优,15.8,31.1,25,0.858,15.3,84,89
齐齐哈尔,2015-04-08,49,32~65,优,26.1,49.9,35.2,0.986,24,86,134
齐齐哈尔,2015-04-09,52,33~76,良,29,54.6,28,1.13,26,89,121
齐齐哈尔,2015-04-10,42,28~56,优,26.4,40.3,27.7,0.819,16.7,93,69
齐齐哈尔,2015-04-11,47,30~71,优,28,46.1,22,0.873,18.8,81,75
齐齐哈尔,2015-04-12,43,29~55,优,18.8,37.8,29.2,0.691,11.5,99,49
齐齐哈尔,2015-04-13,72,43~135,良,24.4,91.7,19.9,0.933,19.3,79,205
齐齐哈尔,2015-04-14,93,54~189,良,42.6,133.1,27.9,0.989,24.9,136,236
齐齐哈尔,2015-04-15,189,77~467,中度污染,81.5,269.1,24.1,1.254,24.5,140,312
齐齐哈尔,2015-04-16,59,32~171,良,30.8,61.1,11.7,0.761,10.5,85,65
齐齐哈尔,2015-04-17,62,36~95,良,19.3,73.5,11.5,0.752,13.2,89,76
齐齐哈尔,2015-04-18,42,30~59,优,21.4,37.5,12.2,0.775,13.8,94,34
齐齐哈尔,2015-04-19,63,47~83,良,27.5,69.6,9.9,0.8,9.5,104,177
齐齐哈尔,2015-04-20,67,36~134,良,20,84.5,10.9,0.723,10.5,89,185
齐齐哈尔,2015-04-21,38,29~58,优,10.5,29.5,10.9,0.868,12.5,96,42
齐齐哈尔,2015-04-22,65,31~132,良,25.2,81,13.3,1,16.6,100,153
齐齐哈尔,2015-04-23,61,39~81,良,17,67.6,9,0.879,11.8,97,113
齐齐哈尔,2015-04-24,40,31~53,优,9.9,32.7,11.2,0.776,11.1,95,27
齐齐哈尔,2015-04-25,52,30~76,良,17.5,56.6,17,0.671,16,108,52
齐齐哈尔,2015-04-26,53,36~74,良,20.2,58,16.8,0.673,19.2,113,52
齐齐哈尔,2015-04-27,62,32~96,良,23,74.1,13.4,0.617,13.8,118,113
齐齐哈尔,2015-04-28,62,32~105,良,30.6,61.9,13.5,0.643,21,130,132
齐齐哈尔,2015-04-29,90,66~122,良,38.5,128,17.1,0.933,23.4,133,243
齐齐哈尔,2015-04-30,73,47~124,良,27.2,91.3,11,0.664,14.6,103,142
齐齐哈尔,2015-05-01,50,33~69,良,22.3,53.6,13.6,0.6,16.2,80,96
齐齐哈尔,2015-05-02,54,31~88,良,21,61.3,15.4,0.704,18.3,108,162
齐齐哈尔,2015-05-03,58,40~93,良,17.1,61.4,9.5,0.65,9.2,90,141
齐齐哈尔,2015-05-04,39,31~42,优,5.8,25.5,7.5,0.5,9.5,83,44
齐齐哈尔,2015-05-05,34,26~53,优,7.5,25.7,8.6,0.561,10.2,70,27
齐齐哈尔,2015-05-06,33,29~36,优,6.3,17,8.2,0.548,8.5,78,24
齐齐哈尔,2015-05-07,31,27~37,优,8.4,20.1,8.9,0.517,11.7,76,19
齐齐哈尔,2015-05-08,30,25~37,优,10.3,17.8,10.2,0.554,20.1,66,26
齐齐哈尔,2015-05-09,34,21~46,优,14.8,29.1,13,0.559,13.2,100,47
齐齐哈尔,2015-05-10,43,32~61,优,16.4,36.9,16.2,0.865,17.5,105,68
齐齐哈尔,2015-05-11,40,37~58,优,14.2,26.6,10.6,0.757,17.3,97,90
齐齐哈尔,2015-05-12,36,33~43,优,13.3,23.6,8.5,0.555,10.8,93,39
齐齐哈尔,2015-05-13,48,44~55,优,13.1,27.5,9.3,0.655,20.5,108,60
齐齐哈尔,2015-05-14,44,31~67,优,22,37.7,7.5,0.805,25.7,87,64
齐齐哈尔,2015-05-15,39,28~47,优,12.3,30.1,7.8,0.514,12.9,91,73
齐齐哈尔,2015-05-16,28,24~35,优,7,18.5,7.8,0.423,10.9,66,23
齐齐哈尔,2015-05-17,34,21~51,优,7.9,24.7,8.4,0.486,19,104,35
齐齐哈尔,2015-05-18,45,37~56,优,15.3,30.6,7.9,0.586,20,117,81
齐齐哈尔,2015-05-19,43,41~47,优,10.7,20.7,8,0.487,15.8,100,86
齐齐哈尔,2015-05-20,42,38~49,优,10.2,25.4,10.1,0.405,15.1,103,85
齐齐哈尔,2015-05-21,44,32~54,优,13.8,33.3,9.2,0.446,16.5,95,81
齐齐哈尔,2015-05-22,50,38~79,优,14.3,44.3,9.6,0.536,16,98,109
齐齐哈尔,2015-05-23,45,34~65,优,14.7,40.3,10.1,0.513,18.1,102,85
齐齐哈尔,2015-05-24,48,32~70,优,22,47.9,11.7,0.496,18,139,82
齐齐哈尔,2015-05-25,40,26~65,优,14.3,39,9.4,0.448,16.6,60,42
齐齐哈尔,2015-05-26,42,25~53,优,15.7,35.4,9.5,0.585,25.6,105,55
齐齐哈尔,2015-05-27,44,33~58,优,12.1,31.7,14.7,0.55,27.3,120,65
齐齐哈尔,2015-05-28,72,50~110,良,13.9,26.7,10.9,0.614,22,176,186
齐齐哈尔,2015-05-29,62,38~96,良,28.3,59,8.3,0.687,11.7,134,172
齐齐哈尔,2015-05-30,37,27~54,优,8.8,33.7,7.6,0.373,17.6,83,51
齐齐哈尔,2015-05-31,44,29~61,优,13.8,44.4,9.7,0.576,31.3,113,68
齐齐哈尔,2015-06-01,38,30~63,优,9.9,30.9,8.3,0.395,14.7,90,46
齐齐哈尔,2015-06-02,39,27~53,优,10.3,27,8.1,0.358,18.6,112,80
齐齐哈尔,2015-06-03,39,29~50,优,10.1,26.3,10.8,0.417,23.3,105,93
齐齐哈尔,2015-06-04,45,37~67,优,14.7,38.4,13.7,0.576,28,100,129
齐齐哈尔,2015-06-05,53,32~67,良,19.5,38.3,9.8,0.605,22.7,127,145
齐齐哈尔,2015-06-06,40,29~56,优,22.5,30.2,7.3,0.59,23.9,99,61
齐齐哈尔,2015-06-07,34,28~41,优,12.8,21,7.8,0.487,14.9,77,51
齐齐哈尔,2015-06-08,37,32~46,优,9,17.8,9.3,0.457,15,95,84
齐齐哈尔,2015-06-09,37,23~52,优,11.9,32.5,8.3,0.44,19.9,84,69
齐齐哈尔,2015-06-10,54,31~66,良,20,43.7,9.8,0.648,32.5,131,144
齐齐哈尔,2015-06-11,47,44~56,优,16.7,29.3,8.8,0.491,17.7,126,122
齐齐哈尔,2015-06-12,61,48~76,良,15.8,26.7,10.5,0.439,19.7,134,177
齐齐哈尔,2015-06-13,66,34~96,良,18.1,36.4,13.5,0.482,27.2,164,207
齐齐哈尔,2015-06-14,71,61~81,良,21.1,37.2,13.1,0.687,25.7,162,243
齐齐哈尔,2015-06-15,56,44~70,良,21.4,39.2,12.7,0.93,21.7,141,154
齐齐哈尔,2015-06-16,46,39~55,优,17.6,39.7,8.7,0.532,16.1,100,108
齐齐哈尔,2015-06-17,40,31~50,优,16.8,30.9,9.1,0.381,10.8,106,98
齐齐哈尔,2015-06-18,45,28~66,优,15.2,23.5,5,0.479,14,131,122
齐齐哈尔,2015-06-19,45,38~56,优,12,25.4,5.1,0.471,19.4,99,110
齐齐哈尔,2015-06-20,38,29~54,优,15,29.9,8.1,0.531,23.3,116,63
齐齐哈尔,2015-06-21,44,35~52,优,15.2,30.3,6,0.671,24,104,95
齐齐哈尔,2015-06-22,46,35~61,优,15,32.1,7.2,0.557,19.3,117,111
齐齐哈尔,2015-06-23,53,42~71,良,19.2,34.8,7.5,0.663,21,125,157
齐齐哈尔,2015-06-24,56,40~72,良,20,41.3,10.3,0.629,21.8,131,220
齐齐哈尔,2015-06-25,61,47~74,良,18.6,35.9,6.4,0.574,15,134,259
齐齐哈尔,2015-06-26,59,35~76,良,31.3,54.5,5.1,0.717,21.8,119,225
齐齐哈尔,2015-06-27,58,44~71,良,22.2,52.8,7,0.663,29.7,131,228
齐齐哈尔,2015-06-28,41,30~53,优,9.6,35.8,5.6,0.483,16.3,84,124
齐齐哈尔,2015-06-29,30,24~47,优,6.6,26.1,5,0.421,12.7,59,50
齐齐哈尔,2015-06-30,33,21~50,优,10.2,32,6.8,0.424,19.1,72,72
齐齐哈尔,2015-07-01,35,23~52,优,6.7,33.2,8,0.426,14.8,69,75
齐齐哈尔,2015-07-02,30,20~41,优,8.4,27.8,6.1,0.509,16.8,86,36
齐齐哈尔,2015-07-03,34,21~53,优,9.5,30.5,6.9,0.505,16.6,77,59
齐齐哈尔,2015-07-04,41,30~54,优,15.3,36.8,7.5,0.675,21.9,93,95
齐齐哈尔,2015-07-05,42,31~53,优,15.8,35.9,9.4,0.775,18.4,107,107
齐齐哈尔,2015-07-06,50,41~58,优,16.5,44.8,10.3,0.8,19.7,115,151
齐齐哈尔,2015-07-07,60,42~76,良,24.3,57.3,12.3,0.875,22.3,144,201
齐齐哈尔,2015-07-08,67,48~90,良,22.8,47.6,11.7,0.648,21.9,156,203
齐齐哈尔,2015-07-09,71,59~89,良,28.9,55.3,11.1,0.796,23.3,157,226
齐齐哈尔,2015-07-10,65,48~83,良,28,64.8,12.9,0.729,20.9,150,215
齐齐哈尔,2015-07-11,45,34~72,优,17.5,37.5,9.7,0.667,19.5,110,128
齐齐哈尔,2015-07-12,47,33~64,优,13.8,36.5,10.3,0.604,18.1,126,114
齐齐哈尔,2015-07-13,50,32~81,优,24.7,50.3,11.2,0.679,21.4,104,76
齐齐哈尔,2015-07-14,37,28~53,优,13.6,34.3,10,0.533,15.3,83,39
齐齐哈尔,2015-07-15,31,23~48,优,7.9,27.9,9.9,0.486,15.8,80,30
齐齐哈尔,2015-07-16,40,29~54,优,9.2,32.4,9.7,0.488,22.2,105,74
齐齐哈尔,2015-07-17,51,34~62,良,15.7,39.6,10.9,0.604,27.3,118,145
齐齐哈尔,2015-07-18,52,31~81,良,14.3,31.8,10.6,0.505,19.2,141,143
齐齐哈尔,2015-07-19,55,42~76,良,18.6,43.7,13.3,0.6,22.8,141,158
齐齐哈尔,2015-07-20,57,46~79,良,29.1,61.3,12.5,0.657,23.8,125,171
齐齐哈尔,2015-07-21,40,25~58,优,23.5,40.3,10.9,0.679,22.8,110,112
齐齐哈尔,2015-07-22,40,25~60,优,21.4,40.3,10.9,0.692,22.4,92,121
齐齐哈尔,2015-07-23,45,29~61,优,25,45.8,11.4,0.729,19.5,113,178
齐齐哈尔,2015-07-24,54,34~72,良,34.5,55.5,10.3,0.938,23.1,106,212
齐齐哈尔,2015-07-25,37,23~52,优,19.2,36.7,9.6,0.725,19.5,111,100
齐齐哈尔,2015-07-26,33,27~42,优,16.3,32.8,9.8,0.842,16.8,105,62
齐齐哈尔,2015-07-27,37,23~53,优,14,36.9,11.9,0.608,13.1,57,83
齐齐哈尔,2015-07-28,29,18~55,优,7.5,29.5,10.4,0.563,12.9,68,59
齐齐哈尔,2015-07-29,37,25~59,优,11.4,37.9,10.2,0.621,18.5,71,109
齐齐哈尔,2015-07-30,41,28~57,优,10,41,10.8,0.542,17.2,99,142
齐齐哈尔,2015-07-31,52,36~73,良,24,55,11.3,1.083,22.6,106,229
齐齐哈尔,2015-08-01,47,30~69,优,22.9,50.1,9.3,0.65,19.8,95,165
齐齐哈尔,2015-08-02,52,34~65,良,24.7,56.1,14.9,0.604,14.3,93,195
齐齐哈尔,2015-08-03,60,36~123,良,29.3,68.8,11.5,0.517,8.4,81,230
齐齐哈尔,2015-08-04,61,38~72,良,31.8,68.8,12.9,0.821,13.8,74,275
齐齐哈尔,2015-08-05,48,30~64,优,11.8,51.1,9.6,0.563,13.8,74,165
齐齐哈尔,2015-08-06,43,26~79,优,19.2,45.7,13.1,0.642,19.2,123,140
齐齐哈尔,2015-08-07,49,28~68,优,26.1,52.4,32.5,0.671,17,89,164
齐齐哈尔,2015-08-08,52,27~68,良,27.3,55,30,0.496,18.4,73,206
齐齐哈尔,2015-08-09,30,22~52,优,9,30.5,16,0.392,14.6,64,87
齐齐哈尔,2015-08-10,34,22~56,优,7,34,12.2,0.348,13.2,61,120
齐齐哈尔,2015-08-11,37,20~67,优,10.7,38,9.3,0.454,18.3,63,115
齐齐哈尔,2015-08-12,51,32~72,良,19,53.8,12,0.571,19.1,95,173
齐齐哈尔,2015-08-13,50,22~73,优,19.5,54.9,12.6,0.679,14.4,93,142
齐齐哈尔,2015-08-14,50,32~65,良,20.7,54.2,11.3,0.667,17.6,119,162
齐齐哈尔,2015-08-15,34,24~52,优,15.3,34.1,10,0.471,12.1,95,81
齐齐哈尔,2015-08-16,31,22~51,优,9.9,30.6,10.7,0.525,13.4,93,56
齐齐哈尔,2015-08-17,36,24~46,优,15.1,35.5,10.3,0.645,16.4,79,75
齐齐哈尔,2015-08-18,48,32~60,优,23.5,49.3,9.3,0.796,19.4,88,127
齐齐哈尔,2015-08-19,48,38~61,优,19.4,50.2,11.1,0.75,16.3,104,176
齐齐哈尔,2015-08-20,48,32~58,优,21.2,49.2,10.3,0.633,10.7,94,185
齐齐哈尔,2015-08-21,46,30~59,优,22.5,47.2,12.1,0.55,12.2,95,134
齐齐哈尔,2015-08-22,40,22~59,优,12.7,41.6,7.1,0.392,11.1,61,101
齐齐哈尔,2015-08-23,40,18~62,优,12.3,41,7,0.417,8.7,58,107
齐齐哈尔,2015-08-24,36,23~57,优,8.2,36.3,7,0.433,10.7,35,96
齐齐哈尔,2015-08-25,45,26~82,优,12,49.7,8,0.443,16.9,55,131
齐齐哈尔,2015-08-26,50,34~84,优,16.4,54.1,8.4,0.439,16.3,65,130
齐齐哈尔,2015-08-27,53,33~65,良,19.2,57.8,5.5,0.342,11,68,154
齐齐哈尔,2015-08-28,39,26~58,优,9.6,39.5,2.9,0.35,8.3,55,95
齐齐哈尔,2015-08-29,32,17~54,优,6.5,31.8,2.3,0.367,7.7,47,72
齐齐哈尔,2015-08-30,37,16~57,优,8.2,37.4,2.2,0.4,10,47,96
齐齐哈尔,2015-08-31,34,18~59,优,13.7,34.3,3.6,0.533,14.3,51,85
齐齐哈尔,2015-09-01,47,31~81,优,18.5,50,4.8,0.471,16,66,154
齐齐哈尔,2015-09-02,43,24~74,优,17.2,44.5,3.9,0.4,12.4,41,136
齐齐哈尔,2015-09-03,35,15~59,优,9.1,35.3,3.3,0.342,14,61,105
齐齐哈尔,2015-09-04,44,12~152,优,17.9,54.6,7.9,0.313,16.5,59,126
齐齐哈尔,2015-09-05,57,22~155,良,26.8,65.9,4.4,0.392,17.9,71,203
齐齐哈尔,2015-09-06,47,26~75,优,19,50.3,5.9,0.813,18.7,78,185
齐齐哈尔,2015-09-07,48,30~63,优,21.2,49.3,3.4,0.425,19.1,67,170
齐齐哈尔,2015-09-08,49,30~73,优,26.1,51.9,4,0.579,21.2,60,160
齐齐哈尔,2015-09-09,34,17~59,优,12.8,33.6,3.1,0.363,13.8,56,96
齐齐哈尔,2015-09-10,38,18~74,优,10.4,40.6,3.6,0.421,17.8,57,126
齐齐哈尔,2015-09-11,38,22~61,优,10.3,38.7,2.7,0.346,16.2,65,131
齐齐哈尔,2015-09-12,29,18~58,优,7.7,29.3,2.5,0.383,12.3,43,80
齐齐哈尔,2015-09-13,39,17~56,优,11.8,39,6.2,0.479,19.8,60,95
齐齐哈尔,2015-09-14,46,27~59,优,15.8,47.7,7.8,0.654,20.9,73,108
齐齐哈尔,2015-09-15,61,32~84,良,23.5,74.5,9.1,0.733,24.8,121,195
齐齐哈尔,2015-09-16,71,52~118,良,32,92,9.2,0.765,22,126,218
齐齐哈尔,2015-09-17,57,44~67,良,29.9,63.7,7.5,0.713,21.5,112,159
齐齐哈尔,2015-09-18,45,24~79,优,15.7,47.8,3.5,0.496,15.1,77,103
齐齐哈尔,2015-09-19,30,18~41,优,6.7,29.9,3.7,0.383,12.3,46,49
齐齐哈尔,2015-09-20,47,34~57,优,11.9,48.5,6.6,0.5,22,58,136
齐齐哈尔,2015-09-21,41,22~90,优,15.4,43,4.3,0.546,22.8,68,98
齐齐哈尔,2015-09-22,31,15~51,优,6.6,30.5,2.5,0.388,11,38,65
齐齐哈尔,2015-09-23,25,13~46,优,7.6,24.9,2.5,0.454,15.3,46,42
齐齐哈尔,2015-09-24,46,28~63,优,19.9,48.2,4.3,0.692,26.5,59,155
齐齐哈尔,2015-09-25,41,18~63,优,22.4,42.8,3.1,0.617,29.2,47,124
齐齐哈尔,2015-09-26,26,10~49,优,9.2,25.3,3,0.425,13,47,40
齐齐哈尔,2015-09-27,27,15~44,优,10.1,27.4,2.5,0.438,16,44,40
齐齐哈尔,2015-09-28,42,23~79,优,16.1,45.7,4.9,0.583,22.3,55,129
齐齐哈尔,2015-09-29,44,20~63,优,20.4,45.7,4.8,0.571,21.5,60,144
齐齐哈尔,2015-09-30,42,21~67,优,13.6,44.3,5.3,0.583,17.8,71,137
齐齐哈尔,2015-10-01,25,13~40,优,8.3,24.8,2.3,0.417,9.4,62,52
齐齐哈尔,2015-10-02,33,16~65,优,9.5,33.5,3,0.283,7.1,59,54
齐齐哈尔,2015-10-03,37,20~99,优,15.9,39.8,5.6,0.613,17.4,57,64
齐齐哈尔,2015-10-04,49,36~77,优,24.4,50.3,6.9,0.667,21.4,58,128
齐齐哈尔,2015-10-05,72,30~166,良,46.2,90.4,10.4,1.388,40.4,87,202
齐齐哈尔,2015-10-06,118,69~179,轻度污染,88.3,150.3,6.5,1.429,46.5,111,305
齐齐哈尔,2015-10-07,123,70~170,轻度污染,93,145.7,5.3,1.429,29.4,125,329
齐齐哈尔,2015-10-08,48,24~109,优,18.9,53.2,4.7,0.571,17.3,88,168
齐齐哈尔,2015-10-09,44,22~60,优,18.8,45.3,4.3,0.663,20.7,49,125
齐齐哈尔,2015-10-10,25,14~50,优,11.7,25,2.6,0.53,13.2,33,46
齐齐哈尔,2015-10-11,28,13~72,优,11,29,3.4,0.546,15.7,38,53
齐齐哈尔,2015-10-12,37,23~55,优,15.2,37.3,6.8,0.525,21.8,44,59
齐齐哈尔,2015-10-13,45,27~64,优,20.4,48.2,7.3,0.513,21.7,37,67
齐齐哈尔,2015-10-14,60,35~83,良,33.9,73.3,20.2,0.804,34.2,62,97
齐齐哈尔,2015-10-15,81,64~99,良,59.3,93.7,25.6,0.825,38.6,107,156
齐齐哈尔,2015-10-16,71,56~96,良,47,86,36.9,0.867,29.9,60,112
齐齐哈尔,2015-10-17,50,38~64,优,22.3,52,36.8,0.438,16.1,58,56
齐齐哈尔,2015-10-18,38,24~62,优,12.9,39,19.1,0.379,15.5,58,58
齐齐哈尔,2015-10-19,44,24~60,优,15.3,44.6,18.5,0.379,15.5,61,58
齐齐哈尔,2015-10-20,41,30~66,优,20.3,42.7,32.3,0.583,25.2,51,46
齐齐哈尔,2015-10-21,48,28~71,优,25.6,52.3,25.3,0.733,26.2,57,71
齐齐哈尔,2015-10-22,63,47~96,良,36.6,72.5,24.8,1.079,33.6,44,128
齐齐哈尔,2015-10-23,66,48~102,良,28.7,82.2,19.9,0.696,22.7,59,127
齐齐哈尔,2015-10-24,43,20~95,优,16.1,46.3,18,0.396,15.6,44,68
齐齐哈尔,2015-10-25,51,28~73,良,25.7,57.4,22.2,0.567,27.8,56,126
齐齐哈尔,2015-10-26,263,69~422,重度污染,222.5,269,23,1.179,42.9,72,333
齐齐哈尔,2015-10-27,59,29~80,良,39.9,64.3,8.7,0.533,11.8,54,189
齐齐哈尔,2015-10-28,37,20~50,优,15.4,35.8,22,0.396,16.4,51,63
齐齐哈尔,2015-10-29,38,18~73,优,16.3,38.5,22,0.525,19,41,91
齐齐哈尔,2015-10-30,42,19~112,优,22.7,43.3,17.5,0.463,21,46,109
齐齐哈尔,2015-10-31,125,30~384,轻度污染,96.4,131.9,37.3,1.021,40,75,284
齐齐哈尔,2015-11-01,272,117~404,重度污染,224.8,267,44.7,1.504,53.7,95,360
齐齐哈尔,2015-11-02,102,39~273,轻度污染,75.3,95.8,40,0.842,40.6,59,216
齐齐哈尔,2015-11-03,301,133~500,严重污染,266.1,320.5,39.3,1.525,53.8,112,347
齐齐哈尔,2015-11-04,117,47~275,轻度污染,81.9,158.3,20.3,0.763,20.1,54,229
齐齐哈尔,2015-11-05,75,32~226,良,45.4,77.1,17.9,0.588,20.2,60,149
齐齐哈尔,2015-11-06,124,48~216,轻度污染,92.7,111.3,41.5,0.825,37.5,60,306
齐齐哈尔,2015-11-07,136,46~211,轻度污染,101.8,131.6,56.2,0.875,40.5,56,310
齐齐哈尔,2015-11-08,247,129~349,重度污染,200.8,214.5,47.4,1.075,48.9,40,340
齐齐哈尔,2015-11-09,183,99~254,中度污染,141.1,168.6,34.2,0.81,37.9,68,329
齐齐哈尔,2015-11-10,134,90~218,轻度污染,101.3,128.4,64.9,0.742,47.1,49,305
齐齐哈尔,2015-11-11,199,133~253,中度污染,152.4,174.3,39.8,0.758,43.5,56,338
齐齐哈尔,2015-11-12,148,113~172,轻度污染,112.1,126.5,28.5,0.642,40.3,66,302
齐齐哈尔,2015-11-13,173,124~201,中度污染,130.5,159.6,27.4,1.229,38.1,51,331
齐齐哈尔,2015-11-14,103,78~142,轻度污染,77.3,106.6,19.6,1.3,30.3,23,262
齐齐哈尔,2015-11-15,52,29~119,良,30.5,51.5,19.7,0.242,15.5,48,102
齐齐哈尔,2015-11-16,55,26~165,良,37.5,52.7,24,0.421,18.2,35,131
齐齐哈尔,2015-11-17,48,23~77,优,30.9,44.8,37.9,0.504,21.2,44,140
齐齐哈尔,2015-11-18,46,23~65,优,27.2,47.4,54.1,0.529,25.5,37,150
齐齐哈尔,2015-11-19,61,35~99,良,42,59.1,61.2,0.779,32.5,42,163
齐齐哈尔,2015-11-20,86,48~139,良,62.5,76.4,38,0.983,37,41,253
齐齐哈尔,2015-11-21,67,34~134,良,46.5,66.9,33.2,0.825,30,44,190
齐齐哈尔,2015-11-22,51,27~105,良,32.7,50.3,41.4,0.592,26.3,44,180
齐齐哈尔,2015-11-23,60,26~88,良,40,62.8,56.4,0.771,29.3,47,250
齐齐哈尔,2015-11-24,49,20~114,优,33.2,48.6,30.9,0.779,29.3,51,205
齐齐哈尔,2015-11-25,70,41~132,良,48.8,72.2,64.5,0.942,35.2,41,242
齐齐哈尔,2015-11-26,55,38~79,良,34.9,60.4,65,0.838,32.3,41,193
齐齐哈尔,2015-11-27,110,59~218,轻度污染,82.3,119.2,57.3,1.233,43.8,37,280
齐齐哈尔,2015-11-28,101,55~134,轻度污染,75,103,47.7,1.083,37.3,40,229
齐齐哈尔,2015-11-29,72,54~108,良,52.1,77.6,56.2,0.95,33.2,25,136
齐齐哈尔,2015-11-30,97,52~132,良,70,102.5,51.3,1.175,40.3,43,199
齐齐哈尔,2015-12-01,109,95~127,轻度污染,82.1,109,46.8,0.921,32.9,16,247
齐齐哈尔,2015-12-02,64,55~98,良,40.1,70.3,30,0.708,21.4,38,158
齐齐哈尔,2015-12-03,47,25~62,优,19.1,47.8,33,0.513,15.3,51,119
齐齐哈尔,2015-12-04,34,18~65,优,19.7,33.3,19.1,0.521,17.2,52,69
齐齐哈尔,2015-12-05,32,19~51,优,17,31.7,23,0.408,16.4,47,82
齐齐哈尔,2015-12-06,46,29~78,优,27.1,46.7,47.4,0.733,30.9,43,125
齐齐哈尔,2015-12-07,74,52~104,良,53.1,75.7,69.4,0.925,40.6,39,173
齐齐哈尔,2015-12-08,150,108~224,中度污染,114.7,143.3,54.5,1.229,50.4,38,275
齐齐哈尔,2015-12-09,129,69~223,轻度污染,97,122.9,69.7,1.304,47,30,247
齐齐哈尔,2015-12-10,108,34~178,轻度污染,79.9,98.8,54.1,1.133,43.5,41,210
齐齐哈尔,2015-12-11,105,59~186,轻度污染,78.6,99.8,58.1,1.167,42,32,229
齐齐哈尔,2015-12-12,110,67~170,轻度污染,82.6,110.4,69.3,1.404,48.9,33,252
齐齐哈尔,2015-12-13,201,88~280,重度污染,158.1,188.5,59.5,2.079,63,30,316
齐齐哈尔,2015-12-14,246,180~300,重度污染,196.5,236.4,76.1,1.896,75.3,13,338
齐齐哈尔,2015-12-15,156,47~301,中度污染,121.2,141.6,63.8,1.208,42.8,31,266
齐齐哈尔,2015-12-16,39,29~66,优,22.3,39.5,37.9,0.642,24,41,102
齐齐哈尔,2015-12-17,61,33~85,良,42.9,64.5,52.2,0.992,32.6,32,204
齐齐哈尔,2015-12-18,62,38~79,良,42.1,62.2,53,0.867,31.2,42,143
齐齐哈尔,2015-12-19,142,58~274,轻度污染,107.2,106.2,63,1.713,58.3,24,245
齐齐哈尔,2015-12-20,193,150~216,中度污染,146.5,181,86.3,1.671,61.4,23,307
齐齐哈尔,2015-12-21,125,82~190,轻度污染,94.3,110.1,72.6,1.192,39.1,36,190
齐齐哈尔,2015-12-22,131,88~205,轻度污染,98.7,112.7,39.5,1.15,40.3,34,185
齐齐哈尔,2015-12-23,151,74~208,中度污染,114,128.7,40.5,0.863,37.7,43,206
齐齐哈尔,2015-12-24,97,46~168,良,72,79.6,44,0.996,38,33,199
齐齐哈尔,2015-12-25,87,52~133,良,64.4,71.3,59.3,0.958,37,34,188
齐齐哈尔,2015-12-26,61,32~120,良,42.3,54.6,43.4,0.775,22.9,34,120
齐齐哈尔,2015-12-27,63,35~89,良,42.8,64.9,45.5,0.954,25.7,40,157
齐齐哈尔,2015-12-28,55,29~132,良,36.3,52.1,31.8,0.667,26.9,41,86
齐齐哈尔,2015-12-29,91,45~168,良,66.1,90.8,40.6,1.092,38.3,36,149
齐齐哈尔,2015-12-30,178,92~273,中度污染,136.8,156.2,51.8,1.883,45.4,23,266
齐齐哈尔,2015-12-31,175,104~310,中度污染,135.8,155.3,49.5,1.583,39.2,32,257
齐齐哈尔,2016-01-01,140,82~215,轻度污染,105.3,120.9,54.6,0.846,31.4,50,217
齐齐哈尔,2016-01-02,84,49~166,良,60.9,68.5,50.1,1.025,30.5,38,102
齐齐哈尔,2016-01-03,110,78~153,轻度污染,82.8,99.3,40.2,1.321,29.8,40,154
齐齐哈尔,2016-01-04,55,39~82,良,29,58.1,34.5,0.608,18.9,40,85
齐齐哈尔,2016-01-05,56,35~74,良,37.6,54.5,48.8,0.775,22.4,28,140
齐齐哈尔,2016-01-06,51,30~98,良,31.1,49.9,38,0.608,24.3,41,107
齐齐哈尔,2016-01-07,48,29~74,优,30.4,48.6,40.5,0.588,26.6,48,103
齐齐哈尔,2016-01-08,57,24~104,良,39.2,57.5,41.4,0.8,34.3,51,108
齐齐哈尔,2016-01-09,59,31~135,良,38,56.3,38.9,0.729,27.3,50,94
齐齐哈尔,2016-01-10,44,26~70,优,28.5,40.3,31.5,0.529,20.9,53,76
齐齐哈尔,2016-01-11,43,22~85,优,23.7,42.5,31.1,0.579,19.9,52,119
齐齐哈尔,2016-01-12,42,24~62,优,23,43.5,42.6,0.604,21.8,50,98
齐齐哈尔,2016-01-13,47,30~79,优,28.2,47.5,41,0.825,28.3,49,82
齐齐哈尔,2016-01-14,108,74~153,轻度污染,81.4,107.7,76.2,1.45,50.2,30,233
齐齐哈尔,2016-01-15,103,58~147,轻度污染,77.1,102,91.7,1.067,35.9,40,200
齐齐哈尔,2016-01-16,62,38~120,良,43.7,54.8,69.4,1.113,30.8,39,105
齐齐哈尔,2016-01-17,76,40~130,良,55.3,66.8,36.3,1.008,29.8,48,168
齐齐哈尔,2016-01-18,104,75~138,轻度污染,78,97.9,84.1,1.208,34.6,36,244
齐齐哈尔,2016-01-19,52,40~72,良,33.3,50.9,69,0.838,22.6,43,77
齐齐哈尔,2016-01-20,50,25~104,优,33.9,46.6,37.9,0.979,27.5,51,83
齐齐哈尔,2016-01-21,64,31~120,良,46,54.8,65.8,1.225,30.3,45,175
齐齐哈尔,2016-01-22,57,30~137,良,39.5,50.1,47.9,1.25,29.5,43,180
齐齐哈尔,2016-01-23,55,28~119,良,38.3,50.8,59.2,0.854,26,45,179
齐齐哈尔,2016-01-24,48,24~119,优,30.5,44.1,40.7,0.729,22.9,51,116
齐齐哈尔,2016-01-25,60,29~100,良,42.3,56.9,51.4,1.004,26.5,59,168
齐齐哈尔,2016-01-26,43,24~66,优,25.3,44.3,49.8,0.796,19.6,51,55
齐齐哈尔,2016-01-27,45,28~63,优,27.8,43.3,48.9,0.846,20.5,45,64
齐齐哈尔,2016-01-28,47,28~83,优,31.5,44.7,40.4,0.758,22.9,45,89
齐齐哈尔,2016-01-29,44,23~85,优,28.7,43.6,41.9,0.717,24.1,52,100
齐齐哈尔,2016-01-30,46,29~68,优,29.9,46.7,47.9,0.671,23.6,57,92
齐齐哈尔,2016-01-31,48,20~74,优,32.5,49.7,46.7,0.654,25,56,116
齐齐哈尔,2016-02-01,65,37~120,良,44.4,69.1,49.7,0.958,34.3,62,157
齐齐哈尔,2016-02-02,67,45~117,良,47.8,64.9,57.2,0.833,35.3,67,117
齐齐哈尔,2016-02-03,85,47~201,良,61.4,85,59.6,1.063,40,64,132
齐齐哈尔,2016-02-04,48,23~79,优,29.5,46.7,49.2,0.621,21.3,64,71
齐齐哈尔,2016-02-05,66,33~182,良,45.1,65.7,54,1.017,36.5,65,141
齐齐哈尔,2016-02-06,59,33~145,良,39,56.9,49.3,0.725,24.5,60,130
齐齐哈尔,2016-02-07,48,25~88,优,31.1,48.4,51.8,0.629,18.8,58,60
齐齐哈尔,2016-02-08,103,45~278,轻度污染,77.5,85,81,0.829,24.5,60,111
齐齐哈尔,2016-02-09,114,53~219,轻度污染,84.9,115.9,54,1.179,37.1,59,231
齐齐哈尔,2016-02-10,145,89~208,轻度污染,109.5,145.1,77.2,1.408,49.9,87,297
齐齐哈尔,2016-02-11,155,87~218,中度污染,117.3,150.4,52.5,1.467,45.5,49,298
齐齐哈尔,2016-02-12,125,36~212,轻度污染,89.8,118.3,35.6,1.054,26.9,63,211
齐齐哈尔,2016-02-13,32,19~54,优,19.2,31.6,44.2,0.579,16,58,86
齐齐哈尔,2016-02-14,32,19~55,优,14.7,32.7,28.8,0.492,14.5,67,120
齐齐哈尔,2016-02-15,43,22~72,优,25.8,45.6,47.9,0.667,25.4,63,173
齐齐哈尔,2016-02-16,36,20~62,优,21,35.2,32,0.663,15.5,60,90
齐齐哈尔,2016-02-17,44,31~57,优,27.7,43.2,50.8,0.813,23.1,71,74
齐齐哈尔,2016-02-18,68,49~107,良,47,74.7,71.5,0.913,36.4,55,155
齐齐哈尔,2016-02-19,37,19~74,优,23.6,37.6,36.3,0.733,23,61,39
齐齐哈尔,2016-02-20,42,28~62,优,26.5,42.6,44.4,0.863,21.8,60,64
齐齐哈尔,2016-02-21,33,22~46,优,18.6,32.5,35.9,0.492,18.5,68,23
齐齐哈尔,2016-02-22,51,18~133,良,34.2,53.1,49.1,0.617,22.7,63,78
齐齐哈尔,2016-02-23,37,21~77,优,20.5,36.2,37.8,0.592,19.3,59,79
齐齐哈尔,2016-02-24,42,23~63,优,26.1,40.8,50.9,0.846,28.6,62,86
齐齐哈尔,2016-02-25,41,24~67,优,26.8,41.4,37.9,0.667,25,68,64
齐齐哈尔,2016-02-26,41,24~60,优,26.1,40.5,40.9,0.667,27,67,64
齐齐哈尔,2016-02-27,51,24~78,良,34,48.8,38.8,0.858,30.5,71,98
齐齐哈尔,2016-02-28,77,52~137,良,56.1,85,67.8,1.054,42.5,69,195
齐齐哈尔,2016-02-29,42,24~82,优,24.2,41.4,44.3,0.633,21.4,73,69
齐齐哈尔,2016-03-01,46,29~59,优,28.5,47.5,50.4,0.829,26.1,68,58
齐齐哈尔,2016-03-02,65,44~104,良,45.3,68.1,50.5,0.963,39.5,65,89
齐齐哈尔,2016-03-03,62,43~83,良,44.5,62.3,43.5,0.821,30.3,98,83
齐齐哈尔,2016-03-04,70,47~107,良,48.9,75.3,55.7,0.863,34.1,75,107
齐齐哈尔,2016-03-05,113,49~492,轻度污染,47.9,146.3,33.3,1.121,27.8,67,135
齐齐哈尔,2016-03-06,54,24~112,良,26.8,61,27.5,0.692,19.8,77,55
齐齐哈尔,2016-03-07,30,21~43,优,15.4,29.3,28.2,0.617,16.3,76,20
齐齐哈尔,2016-03-08,30,20~56,优,14.2,29.8,22.3,0.579,13.2,68,61
齐齐哈尔,2016-03-09,28,21~40,优,12.6,27,18,0.429,13,73,80
齐齐哈尔,2016-03-10,31,18~62,优,15.9,31.1,18.1,0.378,15.5,73,90
齐齐哈尔,2016-03-11,38,20~59,优,21.2,38.7,31.1,0.496,21.3,72,62
齐齐哈尔,2016-03-12,53,35~94,良,23.8,58.2,29,0.454,16.7,78,71
齐齐哈尔,2016-03-13,36,23~65,优,13.7,37,20.8,0.413,15.3,75,49
齐齐哈尔,2016-03-14,57,25~97,良,34.3,62.4,44.7,0.608,32.5,82,106
齐齐哈尔,2016-03-15,86,51~145,良,57.7,100.7,39.1,0.758,33.8,90,160
齐齐哈尔,2016-03-16,47,29~58,优,20,48.7,37.2,0.408,23.3,91,55
齐齐哈尔,2016-03-17,151,22~296,中度污染,112.7,190.3,50.9,1.154,46,98,216
齐齐哈尔,2016-03-18,58,28~214,良,33.9,60.5,28.9,0.55,17.5,75,68
齐齐哈尔,2016-03-19,38,26~70,优,21.7,37.8,26.9,0.567,24,87,36
齐齐哈尔,2016-03-20,69,28~114,良,46,72,34.5,0.779,30.1,90,128
齐齐哈尔,2016-03-21,67,35~119,良,45,65.1,33.8,0.721,31,80,148
齐齐哈尔,2016-03-22,39,18~61,优,15.5,39.3,31.6,0.438,16.3,77,73
齐齐哈尔,2016-03-23,52,25~150,良,27.7,55,26,0.538,18.4,82,137
齐齐哈尔,2016-03-24,60,29~162,良,39.5,64.4,31.5,0.775,31,86,183
齐齐哈尔,2016-03-25,98,39~176,良,68.3,106.1,25.9,1.017,40,93,259
齐齐哈尔,2016-03-26,92,42~169,良,55.8,107.1,27.3,0.629,28.3,112,252
齐齐哈尔,2016-03-27,106,69~144,轻度污染,76.9,126.4,33.4,0.704,32.8,104,313
齐齐哈尔,2016-03-28,169,60~218,中度污染,126.7,179.8,26.1,0.85,34.2,121,333
齐齐哈尔,2016-03-29,50,32~66,良,22.8,54.5,17.5,0.483,16.4,102,61
齐齐哈尔,2016-03-30,57,39~94,良,39.1,58.8,17.5,0.596,22.5,109,107
齐齐哈尔,2016-03-31,164,72~334,中度污染,126.9,190,41.3,1.096,49.3,137,309
齐齐哈尔,2016-04-01,167,41~416,中度污染,104.2,206.4,30.2,0.821,29.2,82,290
齐齐哈尔,2016-04-02,51,28~82,良,12.6,55.7,12.6,0.354,8.8,80,90
齐齐哈尔,2016-04-03,48,19~71,优,15.1,52,16.1,0.392,10.6,86,146
齐齐哈尔,2016-04-04,52,37~68,良,24.3,57,19.6,0.533,19.8,79,140
齐齐哈尔,2016-04-05,48,26~105,优,26.8,49,17.2,0.604,21.7,96,106
齐齐哈尔,2016-04-06,95,61~173,良,66.9,107.3,27.9,0.938,36.1,106,279
齐齐哈尔,2016-04-07,81,38~142,良,18.8,112.5,9.7,0.408,6.5,83,241
齐齐哈尔,2016-04-08,50,23~82,优,16.3,55.8,15,0.517,9,83,124
齐齐哈尔,2016-04-09,33,19~56,优,17.5,33.6,14.8,0.529,13.1,82,55
齐齐哈尔,2016-04-10,47,29~98,优,27.1,50.8,17.7,0.663,20.4,84,116
齐齐哈尔,2016-04-11,70,54~105,良,37.8,85.6,19.4,0.708,23.3,82,199
齐齐哈尔,2016-04-12,83,35~122,良,58.5,100.8,29.4,0.779,33.2,131,230
齐齐哈尔,2016-04-13,143,95~212,轻度污染,108.2,165.5,33.3,1.038,43.3,126,317
齐齐哈尔,2016-04-14,83,58~186,良,55.5,99.3,20.8,0.842,29.3,118,205
齐齐哈尔,2016-04-15,69,41~95,良,47.9,79.1,24.3,0.814,28.4,117,189
齐齐哈尔,2016-04-16,43,30~59,优,26.4,42.7,13.5,0.661,20.7,95,116
齐齐哈尔,2016-04-17,54,39~77,良,29.8,55.8,8,0.633,16.7,114,185
齐齐哈尔,2016-04-18,50,32~70,优,29.5,52.3,10.2,0.779,23.8,109,165
齐齐哈尔,2016-04-19,62,38~105,良,24.2,74,11,0.958,20.8,94,186
齐齐哈尔,2016-04-20,48,30~111,优,13.6,52.5,6.7,0.596,10.2,105,129
齐齐哈尔,2016-04-21,69,44~126,良,17.2,89,9.3,0.608,11.7,109,196
齐齐哈尔,2016-04-22,64,24~188,良,20.2,87.3,9.9,0.592,11.5,78,139
齐齐哈尔,2016-04-23,29,17~51,优,11.8,29.2,7,0.421,12.1,90,46
齐齐哈尔,2016-04-24,34,23~59,优,17.5,33.9,7.7,0.5,17.8,90,64
齐齐哈尔,2016-04-25,32,23~55,优,15.8,30.3,8.1,0.458,18.4,97,45
齐齐哈尔,2016-04-26,39,30~56,优,16.8,37.4,8.1,0.421,17.9,101,74
齐齐哈尔,2016-04-27,38,27~52,优,19.3,38.1,8.5,0.442,19.5,107,61
齐齐哈尔,2016-04-28,39,27~57,优,16.6,39.5,8,0.396,18.7,103,44
齐齐哈尔,2016-04-29,51,37~65,良,20.8,53.5,8.1,0.442,25,114,70
齐齐哈尔,2016-04-30,49,32~64,优,22.1,52.5,8.4,0.442,18.7,138,70
齐齐哈尔,2016-05-01,67,44~83,良,35.9,83.5,13.8,0.596,20.3,98,165
齐齐哈尔,2016-05-02,55,29~82,良,35.4,59.6,12.8,0.596,23.8,95,148
齐齐哈尔,2016-05-03,51,30~68,良,21.5,55.1,8.6,0.546,22.3,106,134
齐齐哈尔,2016-05-04,49,30~74,优,14.9,53.5,5.8,0.413,15.8,95,101
齐齐哈尔,2016-05-05,95,42~317,良,26.5,133.7,8.8,0.508,23.6,110,235
齐齐哈尔,2016-05-06,30,24~38,优,16.9,29.4,9.8,0.438,14.9,109,31
齐齐哈尔,2016-05-07,28,22~34,优,12.3,26,7.4,0.263,10.1,91,36
齐齐哈尔,2016-05-08,72,24~149,良,17.8,102,8.3,0.371,15.2,105,215
齐齐哈尔,2016-05-09,53,32~104,良,19,60.8,7.2,0.35,18.6,103,149
齐齐哈尔,2016-05-10,49,38~59,优,20.8,49.8,8.3,0.404,17.4,118,133
齐齐哈尔,2016-05-11,51,36~78,良,27.8,54.8,9.6,0.417,18.9,100,87
齐齐哈尔,2016-05-12,25,18~39,优,11.4,23.8,7.9,0.271,11.4,70,13
齐齐哈尔,2016-05-13,39,20~56,优,18.4,39.3,7,0.338,11.9,94,73
齐齐哈尔,2016-05-14,233,42~500,重度污染,37.1,372.5,8.3,0.633,14.2,97,320
齐齐哈尔,2016-05-15,68,39~142,良,38.5,83.9,7.5,0.571,19,70,261
齐齐哈尔,2016-05-16,35,25~55,优,18.7,32.7,7,0.495,16.3,80,56
齐齐哈尔,2016-05-17,48,28~65,优,22.3,52.8,9.5,0.6,18.6,118,88
齐齐哈尔,2016-05-18,107,60~309,轻度污染,30,157.5,10.1,0.571,18.5,126,295
齐齐哈尔,2016-05-19,189,97~453,中度污染,61.5,268,14.8,0.875,14.6,175,344
齐齐哈尔,2016-05-20,112,68~213,轻度污染,45.3,172.5,14.9,0.717,16.1,174,326
齐齐哈尔,2016-05-21,41,22~67,优,16.2,43.8,7.4,0.317,13.7,63,138
齐齐哈尔,2016-05-22,39,28~54,优,14.7,38.6,8.3,0.338,17.5,97,123
齐齐哈尔,2016-05-23,54,32~92,良,26,61.3,8.8,0.422,17.6,114,174
齐齐哈尔,2016-05-24,32,20~49,优,20.3,31.5,9.8,0.544,16.5,99,60
齐齐哈尔,2016-05-25,39,20~59,优,24.7,38.3,11,0.388,14,87,117
齐齐哈尔,2016-05-26,43,25~65,优,18.6,43.3,9,0.275,12.1,71,142
齐齐哈尔,2016-05-27,37,26~53,优,16.4,36,8.2,0.323,14,85,102
齐齐哈尔,2016-05-28,70,36~105,良,29.9,91.4,10.5,0.521,21,144,255
齐齐哈尔,2016-05-29,46,26~81,优,16,49.3,9.5,0.292,8.6,68,139
齐齐哈尔,2016-05-30,28,18~38,优,13,27.5,6.6,0.321,10.3,66,25
齐齐哈尔,2016-05-31,33,21~87,优,15.3,33.9,7.7,0.413,14.6,78,65
齐齐哈尔,2016-06-01,45,33~58,优,26.8,43.4,11.2,0.557,22.8,112,164
齐齐哈尔,2016-06-02,42,30~61,优,22.6,41.8,10,0.389,17.6,110,135
齐齐哈尔,2016-06-03,55,42~73,良,26.5,60.6,9.9,0.333,18.2,98,223
齐齐哈尔,2016-06-04,38,18~57,优,15.8,38.6,7.9,0.267,14.8,94,112
齐齐哈尔,2016-06-05,51,23~73,良,21.7,56.9,10.1,0.291,14.3,98,178
齐齐哈尔,2016-06-06,37,23~47,优,15,36.9,9.8,0.379,20.2,59,72
齐齐哈尔,2016-06-07,47,24~82,优,18.1,50.2,11.2,0.421,17.8,64,144
齐齐哈尔,2016-06-08,39,18~56,优,17.4,39.6,8.5,0.396,20.1,65,91
齐齐哈尔,2016-06-09,43,24~71,优,19.2,45.6,8.8,0.408,22.1,80,119
齐齐哈尔,2016-06-10,26,17~44,优,12.6,25.3,8,0.408,14.5,79,45
齐齐哈尔,2016-06-11,23,13~51,优,9.3,22,7.8,0.354,12.8,62,41
齐齐哈尔,2016-06-12,34,19~68,优,14.3,34.2,10,0.538,25.1,65,107
齐齐哈尔,2016-06-13,33,18~66,优,17.4,34.3,8.5,0.383,21.2,69,82
齐齐哈尔,2016-06-14,30,18~80,优,12.8,31.3,8,0.354,17.7,70,58
齐齐哈尔,2016-06-15,51,25~113,良,22.8,57.4,9.7,0.458,26.9,96,193
齐齐哈尔,2016-06-16,44,27~73,优,18.8,46.3,9,0.392,21.5,105,141
齐齐哈尔,2016-06-17,32,20~49,优,14.7,32.1,9.2,0.483,23.1,68,60
齐齐哈尔,2016-06-18,40,24~55,优,21.3,40.8,8.4,0.492,22.3,94,121
齐齐哈尔,2016-06-19,32,24~47,优,15.3,29.9,8.6,0.483,20.8,109,103
齐齐哈尔,2016-06-20,37,27~54,优,14.6,37.4,7.7,0.413,16.7,104,135
齐齐哈尔,2016-06-21,40,31~57,优,20.8,39.8,8,0.738,21.3,111,135
齐齐哈尔,2016-06-22,39,26~57,优,15.2,38.9,7.1,0.358,16.2,66,129
齐齐哈尔,2016-06-23,26,14~44,优,11,26,6.2,0.367,16,43,78
齐齐哈尔,2016-06-24,29,21~39,优,11.5,28.8,7.1,0.417,16.2,51,111
齐齐哈尔,2016-06-25,35,16~111,优,15.3,38.2,5,0.442,19.7,70,122
齐齐哈尔,2016-06-26,51,33~109,良,23.9,56.1,4.6,0.417,21.5,93,188
齐齐哈尔,2016-06-27,37,24~52,优,15.9,36.8,4.5,0.446,15.4,113,121
齐齐哈尔,2016-06-28,57,0~123,良,30.8,68.2,4.3,0.6,18,109,239
齐齐哈尔,2016-06-29,51,35~58,良,29.3,53.6,5,0.558,20.8,95,218
齐齐哈尔,2016-06-30,23,12~47,优,9.3,22.4,5,0.338,12.9,51,56
齐齐哈尔,2016-07-01,39,28~61,优,17,40,5.8,0.713,20.9,68,196
齐齐哈尔,2016-07-02,34,18~55,优,13,33.8,5.2,0.433,19.9,82,121
齐齐哈尔,2016-07-03,42,27~54,优,18.1,42.3,6,0.5,20.8,106,168
齐齐哈尔,2016-07-04,63,37~77,良,36.5,76.1,5.8,0.825,21.4,134,267
齐齐哈尔,2016-07-05,51,35~67,良,27.5,55.1,4.8,0.575,19.4,135,227
齐齐哈尔,2016-07-06,50,33~64,良,23.5,54.4,5.3,0.596,19.2,130,220
齐齐哈尔,2016-07-07,60,32~83,良,32.1,71.8,4.8,0.8,25.3,111,261
齐齐哈尔,2016-07-08,54,45~65,良,29.2,58.7,3,0.471,23.3,123,232
齐齐哈尔,2016-07-09,42,27~55,优,17.5,42.3,2.9,0.346,22.1,90,156
齐齐哈尔,2016-07-10,48,20~72,优,25,54.3,4,0.529,15.8,129,186
齐齐哈尔,2016-07-11,75,29~112,良,51,93.1,4.8,0.892,20.9,114,281
齐齐哈尔,2016-07-12,31,22~58,优,13.4,30.5,3,0.638,21.2,84,87
齐齐哈尔,2016-07-13,44,26~58,优,15.9,45.4,2.5,0.479,16,62,190
齐齐哈尔,2016-07-14,35,21~68,优,11.5,36.2,2.5,0.35,18.4,62,130
齐齐哈尔,2016-07-15,42,26~65,优,14,44.4,4.4,0.338,23.7,70,185
齐齐哈尔,2016-07-16,45,22~71,优,15.1,48.4,5.7,0.392,22.2,69,183
齐齐哈尔,2016-07-17,36,26~59,优,13.8,36.3,5.4,0.354,14.8,71,101
齐齐哈尔,2016-07-18,34,18~48,优,13.2,33.9,5,0.321,12.3,92,97
齐齐哈尔,2016-07-19,53,27~71,良,25.9,60.4,4.3,0.517,17.1,110,239
齐齐哈尔,2016-07-20,63,51~93,良,41,72.3,2.7,0.7,17.5,92,308
齐齐哈尔,2016-07-21,57,45~66,良,33.3,62.5,2.7,0.588,16.3,80,280
齐齐哈尔,2016-07-22,55,24~83,良,33.2,63,3,0.675,18.4,89,237
齐齐哈尔,2016-07-23,35,21~62,优,18.8,35.3,2.9,0.6,13.3,69,103
齐齐哈尔,2016-07-24,29,18~55,优,11,29.3,3.3,0.396,15.1,71,65
齐齐哈尔,2016-07-25,46,28~87,优,19.7,50.2,3,0.483,25.1,77,150
齐齐哈尔,2016-07-26,38,23~54,优,18.6,38.1,3.7,0.496,16.7,87,114
齐齐哈尔,2016-07-27,40,26~64,优,17.1,40.9,3.9,0.388,16.5,87,113
齐齐哈尔,2016-07-28,54,41~70,良,23,59.2,5.9,0.608,23,94,184
齐齐哈尔,2016-07-29,52,39~81,良,25.8,55.8,6,0.692,18,98,176
齐齐哈尔,2016-07-30,44,27~63,优,18.5,46.1,4.3,0.533,20.3,83,120
齐齐哈尔,2016-07-31,42,23~71,优,18.2,44.2,4.2,0.546,23.2,79,138
齐齐哈尔,2016-08-01,43,25~64,优,17.5,45.7,5.7,0.604,19,84,163
齐齐哈尔,2016-08-02,45,31~63,优,20.4,46.5,6.2,0.542,17.3,93,185
齐齐哈尔,2016-08-03,45,31~53,优,17.6,45.4,5.5,0.654,16.3,113,207
齐齐哈尔,2016-08-04,51,36~78,良,20.4,55,4.1,0.604,12.1,70,232
齐齐哈尔,2016-08-05,31,15~49,优,10.2,31.4,4,0.379,12.3,53,98
齐齐哈尔,2016-08-06,18,8~29,优,6.7,17.5,3.5,0.425,11.2,50,17
齐齐哈尔,2016-08-07,29,12~85,优,10,31.7,4,0.442,16.6,61,85
齐齐哈尔,2016-08-08,43,29~60,优,16.3,43.4,5.5,0.492,23.2,92,187
齐齐哈尔,2016-08-09,39,22~54,优,13.6,38.9,4.2,0.571,15.3,83,136
齐齐哈尔,2016-08-10,45,29~67,优,18.5,46.4,5.2,0.708,21.9,106,175
齐齐哈尔,2016-08-11,79,52~100,良,55.7,90.9,4.1,1.208,18.9,74,325
齐齐哈尔,2016-08-12,63,37~119,良,29.6,73.8,5.8,0.596,31.6,68,259
齐齐哈尔,2016-08-13,44,22~76,优,15.6,47.1,6.2,0.475,20.3,62,168
齐齐哈尔,2016-08-14,38,20~75,优,12.6,38.7,4.2,0.471,15.5,54,145
齐齐哈尔,2016-08-15,38,14~83,优,11.7,40.8,3,0.521,15.8,60,153
齐齐哈尔,2016-08-16,54,28~79,良,21.4,61.5,7.5,0.625,22.9,75,227
齐齐哈尔,2016-08-17,48,32~69,优,18.4,51.5,9.7,0.65,18.2,86,174
齐齐哈尔,2016-08-18,46,31~62,优,16,47.1,4.7,0.521,21.3,100,164
齐齐哈尔,2016-08-19,36,25~55,优,14.6,36.6,3.8,0.346,17.5,68,123
齐齐哈尔,2016-08-20,35,17~53,优,15,35,4.5,0.383,18,84,92
齐齐哈尔,2016-08-21,41,22~62,优,17,42.2,4.4,0.6,19.5,76,115
齐齐哈尔,2016-08-22,40,25~79,优,17.1,42.7,3.4,0.478,17.2,70,99
齐齐哈尔,2016-08-23,58,38~80,良,27.3,67.3,4.8,0.65,29.1,84,206
齐齐哈尔,2016-08-24,38,20~61,优,15.7,39.1,5.2,0.421,14.5,67,73
齐齐哈尔,2016-08-25,40,14~60,优,11.8,42,3.2,0.246,9.3,53,133
齐齐哈尔,2016-08-26,27,12~44,优,8.6,26.5,4,0.392,14.5,59,71
齐齐哈尔,2016-08-27,43,27~65,优,13.9,43.8,5.8,0.483,22.4,73,157
齐齐哈尔,2016-08-28,59,24~96,良,21.3,70.2,5.5,0.538,22.6,79,239
齐齐哈尔,2016-08-29,45,27~69,优,15.4,46.9,2.5,0.354,10.1,48,133
齐齐哈尔,2016-08-30,43,20~61,优,15.7,44.6,2.6,0.413,9.7,46,127
齐齐哈尔,2016-08-31,12,6~32,优,4.3,11.7,3.3,0.442,5.8,28,13
齐齐哈尔,2016-09-01,16,10~25,优,5.9,15.9,4.2,0.496,10.1,21,23
齐齐哈尔,2016-09-02,24,7~52,优,11,23.5,4.2,0.575,17.3,21,33
齐齐哈尔,2016-09-03,46,14~70,优,26.4,49,4.8,0.617,29,85,118
齐齐哈尔,2016-09-04,55,42~67,良,32.7,59.2,4.8,0.596,27.8,63,155
齐齐哈尔,2016-09-05,36,24~56,优,16.3,36,4.9,0.55,21.3,43,70
齐齐哈尔,2016-09-06,40,20~66,优,18.3,42,4.7,0.542,19.2,60,121
齐齐哈尔,2016-09-07,42,26~60,优,17.9,43.5,4.8,0.588,17.5,71,130
齐齐哈尔,2016-09-08,36,23~55,优,14.8,36.5,4.2,0.467,17.5,59,77
齐齐哈尔,2016-09-09,21,14~34,优,8.5,21.3,4,0.304,10.3,30,30
齐齐哈尔,2016-09-10,35,13~57,优,9,35.5,4,0.25,14.6,43,103
齐齐哈尔,2016-09-11,41,27~56,优,13.5,41.6,4.2,0.325,19.9,48,135
齐齐哈尔,2016-09-12,45,20~76,优,14.4,47.8,3.5,0.425,17.7,28,140
齐齐哈尔,2016-09-13,50,32~85,优,20.8,55.1,4.5,0.475,19.5,60,133
齐齐哈尔,2016-09-14,40,26~63,优,16.6,41.4,3.6,0.496,17.5,55,99
齐齐哈尔,2016-09-15,30,18~45,优,13.9,29.5,3.4,0.267,15.2,68,82
齐齐哈尔,2016-09-16,22,12~32,优,9,21.8,4.5,0.25,9.8,55,54
齐齐哈尔,2016-09-17,31,13~92,优,13.2,33.8,4.5,0.335,14.7,56,78
齐齐哈尔,2016-09-18,35,22~50,优,14.3,35.1,3.9,0.408,19,39,96
齐齐哈尔,2016-09-19,56,39~76,良,27.1,61.5,6.5,0.58,25.7,64,224
齐齐哈尔,2016-09-20,42,22~63,优,18.1,43.8,7,0.492,23,66,104
齐齐哈尔,2016-09-21,48,25~71,优,15,52,6.5,0.554,18.1,74,115
齐齐哈尔,2016-09-22,57,37~79,良,24.9,66,6.8,0.713,23.1,65,154
齐齐哈尔,2016-09-23,52,22~77,良,32.1,57.5,5.7,0.721,27.5,52,125
齐齐哈尔,2016-09-24,74,30~97,良,53.3,81.6,5.8,0.975,21,65,219
齐齐哈尔,2016-09-25,50,16~64,良,32.8,51.8,5.5,0.608,15.1,53,132
齐齐哈尔,2016-09-26,53,29~68,良,36,54,4.8,0.658,17.5,48,135
齐齐哈尔,2016-09-27,31,16~73,优,15,32.2,3.6,0.479,13.7,51,74
齐齐哈尔,2016-09-28,37,18~54,优,16.5,37,5.1,0.563,14.6,49,149
齐齐哈尔,2016-09-29,51,36~62,良,27.8,55.2,8.3,0.661,18.4,54,230
齐齐哈尔,2016-09-30,57,35~132,良,28.6,66.5,4.9,0.713,24.3,58,201
齐齐哈尔,2016-10-01,43,24~63,优,22.8,42.9,4.2,0.667,19,73,118
齐齐哈尔,2016-10-02,39,23~55,优,18.2,38.9,3.6,0.683,16.7,44,113
齐齐哈尔,2016-10-03,32,17~63,优,19.5,32.9,3,0.579,11.3,65,73
齐齐哈尔,2016-10-04,38,23~57,优,21.4,38.2,3.3,0.688,17.9,38,86
齐齐哈尔,2016-10-05,49,39~70,优,27.6,51.1,3,0.879,17.3,49,127
齐齐哈尔,2016-10-06,41,22~68,优,16.3,43.8,3.1,0.975,18,50,98
齐齐哈尔,2016-10-07,47,19~80,优,22.3,51.5,4.1,1.313,21.9,35,158
齐齐哈尔,2016-10-08,33,18~67,优,12.4,34.7,3,1.083,15.4,49,105
齐齐哈尔,2016-10-09,30,13~51,优,12.3,30,3.3,0.496,13.4,46,78
齐齐哈尔,2016-10-10,37,23~72,优,16.4,39.1,8.5,0.625,16.7,51,98
齐齐哈尔,2016-10-11,38,18~63,优,14.5,39.7,7.3,0.55,15.4,45,102
齐齐哈尔,2016-10-12,42,30~60,优,19.7,43.3,21.6,0.604,22.4,52,107
齐齐哈尔,2016-10-13,67,38~103,良,38.3,84,18.4,1.017,35.3,62,210
齐齐哈尔,2016-10-14,78,44~145,良,50.5,90.3,19.7,1.071,30,89,240
齐齐哈尔,2016-10-15,108,63~145,轻度污染,80,123.5,15.9,1.367,31.3,69,326
齐齐哈尔,2016-10-16,79,57~110,良,55.1,102.1,14.9,0.683,26.4,69,265
齐齐哈尔,2016-10-17,32,20~57,优,14.9,31.9,14.5,0.433,17.2,49,49
齐齐哈尔,2016-10-18,41,24~57,优,19.8,41.7,26.1,0.575,22.8,51,81
齐齐哈尔,2016-10-19,30,17~48,优,16.8,29.3,8.9,0.563,15.3,47,61
齐齐哈尔,2016-10-20,41,21~85,优,23.3,43.7,13.7,0.7,27.8,47,127
齐齐哈尔,2016-10-21,46,31~60,优,29,47.8,22.7,0.683,27.8,39,195
齐齐哈尔,2016-10-22,51,21~64,良,33.3,52.2,15.3,0.758,23,47,238
齐齐哈尔,2016-10-23,52,29~107,良,32.4,55.9,22.5,0.85,24.8,49,239
齐齐哈尔,2016-10-24,42,19~85,优,24.4,41.8,15.7,0.654,21.4,55,148
齐齐哈尔,2016-10-25,56,33~82,良,36.8,58.8,18.1,0.667,23,56,195
齐齐哈尔,2016-10-26,57,29~127,良,33.4,64,16.5,0.692,19.3,52,202
齐齐哈尔,2016-10-27,88,44~179,良,63.5,91.1,29.7,0.975,37.3,46,303
齐齐哈尔,2016-10-28,73,30~130,良,50.4,79.6,21,0.813,25.1,51,290
齐齐哈尔,2016-10-29,72,23~220,良,46.5,78.8,25.2,0.863,24.6,49,250
齐齐哈尔,2016-10-30,128,57~244,轻度污染,93.2,122.3,19.4,0.983,28.7,49,323
齐齐哈尔,2016-10-31,77,29~168,良,54.3,74.5,15.3,0.808,21.1,63,257
齐齐哈尔,2016-11-01,78,45~128,良,56.5,76.5,40.8,0.975,29.8,61,279
齐齐哈尔,2016-11-02,133,52~264,轻度污染,100.1,122.1,28.1,1.175,35.2,57,292
齐齐哈尔,2016-11-03,64,37~97,良,44.8,65.3,31.4,0.721,24.7,57,152
齐齐哈尔,2016-11-04,178,54~327,中度污染,139,167.5,41,1.317,43.7,44,284
齐齐哈尔,2016-11-05,221,45~381,重度污染,183.1,215.7,32.3,1.471,40,47,249
齐齐哈尔,2016-11-06,64,32~124,良,43.3,63,44.7,0.996,31.3,37,96
齐齐哈尔,2016-11-07,92,63~155,良,68.4,83.9,21.5,1.017,27.9,42,229
齐齐哈尔,2016-11-08,58,34~109,良,39.3,54,22.1,0.938,21.5,45,190
齐齐哈尔,2016-11-09,39,16~57,优,24.5,40.3,27.8,0.967,24.1,46,130
齐齐哈尔,2016-11-10,79,42~109,良,57.4,79,43.8,1.017,32.3,26,245
齐齐哈尔,2016-11-11,78,58~113,良,57.3,72.4,32.9,1.079,27.8,53,240
齐齐哈尔,2016-11-12,68,39~97,良,48.3,57.3,29.3,1.113,26.7,51,152
齐齐哈尔,2016-11-13,83,63~97,良,61,85.9,33.3,1.133,37.9,39,181
齐齐哈尔,2016-11-14,54,36~69,良,28.9,57.2,31.8,0.996,23.6,40,83
齐齐哈尔,2016-11-15,61,33~89,良,43.9,56.3,43.6,1.157,35.2,49,127
齐齐哈尔,2016-11-16,70,38~109,良,51.1,64.2,39.6,1.348,38,42,151
齐齐哈尔,2016-11-17,84,50~128,良,62.1,77.5,33.2,1.296,38.7,41,199
齐齐哈尔,2016-11-18,82,37~122,良,59.9,70.3,40.3,1.174,34.3,41,215
齐齐哈尔,2016-11-19,56,29~83,良,39.9,50.2,41.5,1.125,28.7,46,0
齐齐哈尔,2016-11-20,67,30~94,良,48.5,62.1,39.3,1.092,23.7,50,0
齐齐哈尔,2016-11-21,51,20~79,良,35.6,48,44.8,1.046,24.5,49,0
齐齐哈尔,2016-11-22,46,20~102,优,29.9,40.7,37.8,1.096,23,50,0
齐齐哈尔,2016-11-23,52,29~83,良,35.5,49.3,47.3,1.213,29,47,0
齐齐哈尔,2016-11-24,65,23~94,良,46.3,62.1,32.3,1.229,29.8,53,0
齐齐哈尔,2016-11-25,141,67~276,轻度污染,108.9,127.6,38,2.396,50.6,40,0
齐齐哈尔,2016-11-26,200,123~284,中度污染,155,168.3,48.4,2.008,51.8,37,0
齐齐哈尔,2016-11-27,62,36~125,良,44,57.4,38.9,1.129,29.8,50,0
齐齐哈尔,2016-11-28,74,51~130,良,53.8,68.4,46.7,1.521,37.6,44,0
齐齐哈尔,2016-11-29,56,36~122,良,39.2,53.2,31.1,1.363,27.3,40,0
齐齐哈尔,2016-11-30,66,49~107,良,47.8,60.3,26.5,1.238,25.2,41,0
齐齐哈尔,2016-12-01,50,29~64,良,33,47.7,40.5,1.171,24.1,44,0
齐齐哈尔,2016-12-02,52,26~82,良,36,52.3,55.4,1.263,34.5,43,0
齐齐哈尔,2016-12-03,64,30~149,良,45.8,62.3,47.2,1.517,34.4,48,0
齐齐哈尔,2016-12-04,51,22~114,良,34.5,47.6,28,1.179,25.5,56,0
齐齐哈尔,2016-12-05,52,20~103,良,36.3,47.3,38.3,1.333,29.8,40,0
齐齐哈尔,2016-12-06,89,49~166,良,65.9,86.2,54.5,1.658,39.2,29,0
齐齐哈尔,2016-12-07,105,63~159,轻度污染,78.4,94.1,50.5,1.708,37.2,24,0
齐齐哈尔,2016-12-08,154,120~199,中度污染,117.1,133.7,59.7,1.929,41.4,28,0
齐齐哈尔,2016-12-09,151,87~237,中度污染,114.9,125.1,66.3,1.913,43.3,33,0
齐齐哈尔,2016-12-10,101,74~144,轻度污染,75.2,82.9,47.6,1.667,37.4,32,0
齐齐哈尔,2016-12-11,90,54~213,良,66,76.7,44.2,1.696,33.4,36,0
齐齐哈尔,2016-12-12,159,100~215,中度污染,120.4,129.5,45,1.888,42.7,39,0
齐齐哈尔,2016-12-13,78,43~153,良,56.9,66.3,37.9,1.27,26.8,42,0
齐齐哈尔,2016-12-14,55,26~75,良,38,52.6,42,1.033,26.3,38,0
齐齐哈尔,2016-12-15,63,38~90,良,44.6,61.9,42.4,0.817,26.8,41,0
齐齐哈尔,2016-12-16,94,35~210,良,69.6,91.3,58.8,1.454,44.1,45,0
齐齐哈尔,2016-12-17,102,55~209,轻度污染,75.8,87.6,65,1.179,31.9,30,0
齐齐哈尔,2016-12-18,92,54~162,良,67.9,85.2,52.9,1.175,40.1,32,0
齐齐哈尔,2016-12-19,157,113~217,中度污染,119.7,140.7,32.8,1.763,37.4,20,0
齐齐哈尔,2016-12-20,178,156~213,中度污染,134.8,148,49,1.596,38.8,23,0
齐齐哈尔,2016-12-21,81,38~150,良,59.3,66.4,41.4,1.096,29.2,32,0
齐齐哈尔,2016-12-22,37,26~52,优,19.1,36.9,28.5,0.763,16.9,44,0
齐齐哈尔,2016-12-23,61,26~143,良,41.7,63.1,50.5,1.175,37.6,41,0
齐齐哈尔,2016-12-24,183,93~325,中度污染,142.9,161,48,2.233,54.3,14,0
齐齐哈尔,2016-12-25,194,60~337,中度污染,150.7,177.2,53.3,1.558,43.9,42,0
齐齐哈尔,2016-12-26,37,19~64,优,23.5,35.5,22,0.758,20.9,45,0
齐齐哈尔,2016-12-27,47,18~87,优,31.9,42.5,40.5,0.888,23.3,41,0
齐齐哈尔,2016-12-28,60,33~87,良,42.1,52.5,43,1.113,22,42,0
齐齐哈尔,2016-12-29,49,23~79,优,34.3,42.4,44.5,1.013,22.9,44,0
齐齐哈尔,2016-12-30,54,23~115,良,37.7,48.5,47.4,1.246,32.5,55,0
齐齐哈尔,2016-12-31,89,55~202,良,65.3,74.4,70.5,1.492,41.6,45,0
齐齐哈尔,2017-01-01,264,217~312,重度污染,213.5,199.7,59.8,2.804,59.8,20,0
齐齐哈尔,2017-01-02,285,209~377,重度污染,234.8,206,73.5,2.529,56.5,45,0
齐齐哈尔,2017-01-03,270,220~320,重度污染,219.8,208.3,71,2.667,53.5,37,0
齐齐哈尔,2017-01-04,233,89~358,重度污染,188.7,179.2,61.2,2.396,53,47,0
齐齐哈尔,2017-01-05,127,55~183,轻度污染,96,103,74.2,1.421,40.5,49,0
齐齐哈尔,2017-01-06,209,85~355,重度污染,168.2,160.7,70,2.021,55.9,46,0
齐齐哈尔,2017-01-07,304,230~390,严重污染,254.4,253.5,82,2.808,73.3,39,0
齐齐哈尔,2017-01-08,251,142~361,重度污染,201.7,161.1,71,2.088,56.5,60,0
齐齐哈尔,2017-01-09,52,20~123,良,35,30.4,23.8,0.858,14.5,62,0
齐齐哈尔,2017-01-10,45,18~79,优,29.8,37.7,39.2,1.021,21.5,53,0
齐齐哈尔,2017-01-11,42,20~72,优,27.8,37.4,34.9,0.904,22.8,57,0
齐齐哈尔,2017-01-12,37,16~68,优,22.6,34.8,28.3,0.85,18.5,55,0
齐齐哈尔,2017-01-13,29,16~39,优,15.6,27.7,31.1,0.75,15.2,52,0
齐齐哈尔,2017-01-14,31,20~42,优,19,30.2,41.3,0.808,17.7,52,0
齐齐哈尔,2017-01-15,42,15~103,优,28.9,40,46.2,1.192,29,48,0
齐齐哈尔,2017-01-16,102,70~169,轻度污染,75.9,92.6,91.1,1.8,49.1,34,0
齐齐哈尔,2017-01-17,217,145~302,重度污染,171.6,181.6,64.8,2.504,60.7,23,0
齐齐哈尔,2017-01-18,184,99~235,中度污染,141.2,127.6,46.6,1.946,49.2,41,0
齐齐哈尔,2017-01-19,71,38~150,良,51.1,58.3,45.3,1.25,29.9,45,0
齐齐哈尔,2017-01-20,55,23~113,良,38.8,49.3,49,1.079,26.9,51,0
齐齐哈尔,2017-01-21,89,57~118,良,65.7,80.5,56,1.346,31.3,38,0
齐齐哈尔,2017-01-22,61,32~120,良,43.8,50.3,54.5,1.208,27.9,53,0
齐齐哈尔,2017-01-23,57,27~139,良,40.6,51.7,39.3,1.125,28.7,53,0
齐齐哈尔,2017-01-24,88,59~125,良,64.8,76.2,49.8,1.492,34.5,57,0
齐齐哈尔,2017-01-25,119,64~249,轻度污染,89.9,110.1,43,1.833,37.6,44,0
齐齐哈尔,2017-01-26,98,25~176,良,71.6,91.1,39.4,1.55,23.5,58,0
齐齐哈尔,2017-01-27,37,20~80,优,24.7,33.4,38,0.967,14.7,61,0
齐齐哈尔,2017-01-28,73,32~153,良,52.5,65.8,48.8,1.113,19.9,56,0
齐齐哈尔,2017-01-29,55,28~118,良,38.3,48.1,54.4,1.171,20.9,57,0
齐齐哈尔,2017-01-30,37,22~59,优,24.2,35.1,38.4,0.988,17,60,0
齐齐哈尔,2017-01-31,38,26~60,优,22.5,37.9,41.3,1.042,17.2,63,0
